d,wday,month,year,event_name_1,event_type_1,event_name_2,event_type_2,snap_CA,snap_TX,snap_WI,day_of_week,is_weekend,is_holiday,sell_price,price_lag_7,price_change_7,lag_7,lag_28,rolling_mean_7,rolling_mean_28,rolling_std_28,sales
1762,5,11,2015,0,0,0,0,0,0,0,5,0,0,0.2,0.2,0.0,0.0,2.0,0.5714285714285714,3.5357142857142856,9.803559983994948,0
714,7,1,2013,0,0,0,0,0,1,1,7,1,0,,,,0.0,0.0,0.0,0.0,0.0,0
967,1,9,2013,0,0,0,0,0,0,0,1,1,0,5.98,5.98,0.0,2.0,2.0,2.5714285714285716,2.3214285714285716,2.143959152260334,5
1578,3,5,2015,12,3,0,0,0,0,0,3,0,1,4.47,4.47,0.0,0.0,0.0,0.0,0.14285714285714285,0.5245305283129618,0
440,6,4,2012,0,0,0,0,0,1,1,6,0,0,3.98,3.98,0.0,1.0,0.0,1.1428571428571428,0.6071428571428571,0.8751417118804339,1
854,7,5,2013,0,0,0,0,0,0,0,7,1,0,,,,0.0,0.0,0.0,0.0,0.0,0
1621,4,7,2015,0,0,0,0,1,1,0,4,0,0,1.88,1.88,0.0,2.0,3.0,1.8571428571428572,2.0,1.7213259316477412,1
686,7,12,2012,0,0,0,0,0,0,1,7,1,0,0.94,0.94,0.0,2.0,10.0,5.142857142857143,5.642857142857143,3.5508401271340135,2
1454,5,1,2015,0,0,0,0,0,0,0,5,0,0,5.27,5.27,0.0,0.0,0.0,0.42857142857142855,0.42857142857142855,0.7417981870189154,0
933,2,8,2013,0,0,0,0,0,0,0,2,0,0,0.97,0.97,0.0,1.0,0.0,0.5714285714285714,0.5357142857142857,0.9222413461394479,1
169,1,7,2011,0,0,0,0,0,0,0,1,1,0,,,,0.0,0.0,0.0,0.0,0.0,0
359,2,1,2012,0,0,0,0,0,0,0,2,0,0,,,,0.0,0.0,0.0,0.0,0.0,0
399,7,3,2012,0,0,0,0,1,0,1,7,1,0,3.28,3.28,0.0,0.0,0.0,0.0,0.0,0.0,0
944,6,8,2013,0,0,0,0,0,0,0,6,0,0,,,,0.0,0.0,0.0,0.0,0.0,0
1791,6,12,2015,0,0,0,0,0,0,0,6,0,0,1.68,1.68,0.0,85.0,100.0,84.85714285714286,78.85714285714286,16.634890342878002,82
217,7,9,2011,0,0,0,0,1,0,1,7,1,0,11.97,11.97,0.0,0.0,0.0,0.0,0.14285714285714285,0.3563483225498991,0
1024,2,11,2013,0,0,0,0,0,0,0,2,0,0,7.97,7.97,0.0,2.0,1.0,1.0,0.35714285714285715,0.7800420555749592,0
766,3,3,2013,0,0,0,0,1,0,0,3,0,0,7.5,7.97,-0.46999999999999975,1.0,0.0,2.2857142857142856,2.107142857142857,2.2499265126153154,0
761,5,2,2013,0,0,0,0,0,0,0,5,0,0,6.97,6.97,0.0,0.0,0.0,0.0,0.0,0.0,0
707,7,1,2013,0,0,0,0,1,0,0,7,1,0,2.42,2.42,0.0,0.0,8.0,1.1428571428571428,1.75,2.0660393313096717,0
1579,4,5,2015,0,0,0,0,0,0,0,4,0,0,5.24,5.24,0.0,0.0,0.0,0.14285714285714285,0.6785714285714286,0.9449111825230688,0
1687,7,9,2015,0,0,0,0,0,1,1,7,1,0,7.97,7.97,0.0,0.0,0.0,0.0,0.14285714285714285,0.44839513942303233,0
401,2,3,2012,0,0,0,0,1,0,0,2,0,0,,,,0.0,0.0,0.0,0.0,0.0,0
1472,2,2,2015,0,0,0,0,1,0,1,2,0,0,5.5,5.5,0.0,0.0,0.0,0.14285714285714285,0.03571428571428571,0.18898223650461307,0
756,7,2,2013,0,0,0,0,0,0,0,7,1,0,,,,0.0,0.0,0.0,0.0,0.0,0
1674,1,8,2015,0,0,0,0,0,0,0,1,1,0,4.88,4.88,0.0,0.0,0.0,0.0,0.0,0.0,0
471,2,5,2012,11,2,0,0,0,1,0,2,0,1,,,,0.0,0.0,0.0,0.0,0.0,0
1589,7,6,2015,0,0,0,0,1,1,1,7,1,0,1.0,1.0,0.0,7.0,6.0,5.0,4.964285714285714,4.185354915320298,3
1195,5,5,2014,0,0,0,0,1,1,0,5,0,0,2.48,2.48,0.0,3.0,0.0,2.857142857142857,2.607142857142857,1.66309140334289,2
1103,4,2,2014,0,0,0,0,1,0,0,4,0,0,3.67,3.67,0.0,1.0,0.0,1.1428571428571428,1.1071428571428572,1.2274419565151549,1
595,7,9,2012,0,0,0,0,0,0,1,7,1,0,,,,0.0,0.0,0.0,0.0,0.0,0
421,1,3,2012,0,0,0,0,0,0,0,1,1,0,,,,0.0,0.0,0.0,0.0,0.0,0
1405,5,12,2014,0,0,0,0,1,1,1,5,0,0,2.5,2.5,0.0,0.0,0.0,1.0,0.25,0.700528900717694,0
122,3,5,2011,12,3,0,0,0,0,0,3,0,1,,,,0.0,0.0,0.0,0.0,0.0,0
1342,5,10,2014,0,0,0,0,1,1,0,5,0,0,8.88,8.88,0.0,0.0,0.0,1.4285714285714286,1.1785714285714286,1.090483121902141,1
775,5,3,2013,0,0,0,0,0,1,0,5,0,0,,,,0.0,0.0,0.0,0.0,0.0,0
908,5,7,2013,0,0,0,0,0,0,0,5,0,0,6.97,6.97,0.0,0.0,0.0,0.42857142857142855,0.42857142857142855,0.6900655593423559,0
725,4,1,2013,0,0,0,0,0,0,0,4,0,0,6.48,6.48,0.0,3.0,0.0,4.428571428571429,4.285714285714286,2.8784916685156996,3
510,6,6,2012,14,1,0,0,0,0,0,6,0,1,2.78,2.78,0.0,8.0,4.0,7.857142857142857,5.892857142857143,3.9189878295888563,5
868,7,6,2013,0,0,0,0,0,0,1,7,1,0,2.97,2.97,0.0,0.0,0.0,0.0,0.10714285714285714,0.4162696521251858,1
1293,5,8,2014,0,0,0,0,0,1,0,5,0,0,2.5,2.5,0.0,0.0,0.0,0.0,0.0,0.0,0
420,7,3,2012,0,0,0,0,0,0,0,7,1,0,,,,0.0,0.0,0.0,0.0,0.0,0
1221,3,6,2014,0,0,0,0,1,0,1,3,0,0,2.18,2.18,0.0,0.0,0.0,0.0,0.0,0.0,0
689,3,12,2012,0,0,0,0,0,0,0,3,0,0,6.98,6.98,0.0,7.0,2.0,2.7142857142857144,2.0714285714285716,2.0535167924638977,1
1018,3,11,2013,23,3,0,0,0,1,1,3,0,1,7.5,7.5,0.0,0.0,0.0,0.0,0.0,0.0,0
334,5,12,2011,26,4,0,0,0,0,0,5,0,1,,,,0.0,0.0,0.0,0.0,0.0,0
640,3,10,2012,0,0,0,0,0,0,0,3,0,0,4.98,4.98,0.0,2.0,3.0,1.0,1.0714285714285714,1.015749000366742,0
848,1,5,2013,0,0,0,0,0,0,0,1,1,0,5.97,5.97,0.0,1.0,0.0,0.42857142857142855,0.2857142857142857,0.5345224838248487,0
685,6,12,2012,0,0,0,0,0,1,0,6,0,0,2.08,2.08,0.0,0.0,0.0,0.2857142857142857,0.10714285714285714,0.416269652125186,0
728,7,1,2013,0,0,0,0,0,0,0,7,1,0,5.67,5.67,0.0,0.0,0.0,0.0,0.0,0.0,0
820,1,4,2013,0,0,0,0,0,0,0,1,1,0,5.47,5.47,0.0,0.0,0.0,0.0,0.39285714285714285,0.7373267889143821,1
1643,5,7,2015,0,0,0,0,0,0,0,5,0,0,1.98,1.98,0.0,0.0,0.0,0.0,0.32142857142857145,0.9449111825230818,0
519,1,6,2012,0,0,0,0,0,0,0,1,1,0,8.98,,,0.0,0.0,0.0,0.0,0.0,0
594,6,9,2012,0,0,0,0,0,1,0,6,0,0,,,,0.0,0.0,0.0,0.0,0.0,0
1434,6,1,2015,27,3,0,0,1,1,0,6,0,1,0.97,0.97,0.0,0.0,1.0,2.7142857142857144,2.2857142857142856,2.5071326821120357,6
847,7,5,2013,0,0,0,0,0,0,0,7,1,0,4.88,4.88,0.0,1.0,0.0,0.2857142857142857,0.42857142857142855,0.690065559342352,1
1277,3,7,2014,0,0,0,0,0,0,0,3,0,0,6.36,6.36,0.0,2.0,2.0,2.5714285714285716,2.5,1.5752718754175326,2
436,2,4,2012,30,2,0,0,1,0,1,2,0,1,,,,0.0,0.0,0.0,0.0,0.0,0
227,3,9,2011,0,0,0,0,0,1,1,3,0,0,1.98,1.98,0.0,3.0,8.0,1.8571428571428572,2.4642857142857144,2.1513500129701963,6
1808,2,1,2016,0,0,0,0,1,0,0,2,0,0,12.98,12.98,0.0,0.0,0.0,0.2857142857142857,0.17857142857142858,0.3900210277874802,0
1008,7,11,2013,0,0,0,0,1,1,0,7,1,0,,,,0.0,0.0,0.0,0.0,0.0,0
1664,5,8,2015,0,0,0,0,0,0,0,5,0,0,2.88,2.88,0.0,0.0,0.0,1.1428571428571428,1.0357142857142858,1.1700630833624395,2
1443,1,1,2015,0,0,0,0,1,0,0,1,1,0,3.97,3.97,0.0,0.0,0.0,0.0,0.0,0.0,0
944,6,8,2013,0,0,0,0,0,0,0,6,0,0,0.88,0.88,0.0,0.0,0.0,0.0,0.0,0.0,0
979,6,10,2013,0,0,0,0,1,1,1,6,0,0,11.97,11.97,0.0,0.0,0.0,0.0,0.21428571428571427,0.4178554470186722,1
1065,1,12,2013,0,0,0,0,0,0,0,1,1,0,2.5,2.5,0.0,2.0,1.0,0.7142857142857143,0.8571428571428571,1.0788981249502447,0
1698,4,9,2015,0,0,0,0,0,0,0,4,0,0,4.88,4.88,0.0,0.0,0.0,0.8571428571428571,0.9285714285714286,1.1841099620036974,1
69,6,4,2011,0,0,0,0,1,1,0,6,0,0,1.47,1.47,0.0,0.0,0.0,0.14285714285714285,0.25,0.5853140973807078,0
842,2,5,2013,0,0,0,0,0,0,0,2,0,0,3.28,3.28,0.0,0.0,14.0,0.0,2.25,3.5237290853109937,0
1743,7,11,2015,0,0,0,0,1,1,1,7,1,0,1.98,1.98,0.0,5.0,5.0,3.4285714285714284,3.0357142857142856,2.3801982932822905,0
200,4,8,2011,0,0,0,0,0,0,0,4,0,0,0.5,0.5,0.0,8.0,1.0,7.142857142857143,6.321428571428571,5.5714455297530625,7
1686,6,9,2015,0,0,0,0,1,0,0,6,0,0,2.5,2.5,0.0,0.0,0.0,1.5714285714285714,1.1785714285714286,1.2488089563755576,1
1439,4,1,2015,0,0,0,0,1,1,1,4,0,0,,,,0.0,0.0,0.0,0.0,0.0,0
662,4,11,2012,0,0,0,0,0,0,0,4,0,0,10.97,10.97,0.0,0.0,0.0,0.0,0.0,0.0,0
579,5,8,2012,0,0,0,0,0,0,0,5,0,0,2.0,2.0,0.0,5.0,12.0,6.571428571428571,8.571428571428571,3.5426352550417257,5
381,3,2,2012,0,0,0,0,0,1,0,3,0,0,2.88,2.88,0.0,0.0,0.0,0.0,0.03571428571428571,0.1889822365045992,0
839,6,5,2013,0,0,0,0,0,0,0,6,0,0,1.38,1.38,0.0,42.0,13.0,21.285714285714285,19.035714285714285,11.370794763118928,13
1411,4,12,2014,0,0,0,0,1,1,1,4,0,0,2.97,2.97,0.0,0.0,0.0,0.0,0.0,0.0,0
532,7,7,2012,0,0,0,0,0,1,0,7,1,0,,,,0.0,0.0,0.0,0.0,0.0,0
1192,2,5,2014,0,0,0,0,1,0,0,2,0,0,2.48,2.48,0.0,0.0,0.0,0.0,0.0,0.0,0
219,2,9,2011,0,0,0,0,1,0,0,2,0,0,,,,0.0,0.0,0.0,0.0,0.0,0
711,4,1,2013,0,0,0,0,1,0,1,4,0,0,,,,0.0,0.0,0.0,0.0,0.0,0
907,4,7,2013,0,0,0,0,0,0,0,4,0,0,2.48,2.48,0.0,2.0,0.0,1.2857142857142858,1.0357142857142858,1.5981967351464614,0
1373,1,11,2014,0,0,0,0,1,1,0,1,1,0,2.5,2.5,0.0,1.0,0.0,1.1428571428571428,0.8928571428571429,1.5236235005501098,0
917,7,8,2013,0,0,0,0,1,0,1,7,1,0,,,,0.0,0.0,0.0,0.0,0.0,0
1483,6,2,2015,0,0,0,0,0,0,0,6,0,0,,,,0.0,0.0,0.0,0.0,0.0,0
1322,6,9,2014,0,0,0,0,0,1,1,6,0,0,,,,0.0,0.0,0.0,0.0,0.0,0
179,4,7,2011,0,0,0,0,0,0,0,4,0,0,4.98,4.98,0.0,0.0,0.0,0.5714285714285714,0.4642857142857143,0.637247719560185,0
411,5,3,2012,0,0,0,0,0,0,1,5,0,0,3.98,3.98,0.0,3.0,2.0,2.7142857142857144,1.7142857142857142,1.7182493859684478,1
598,3,9,2012,0,0,0,0,0,0,0,3,0,0,2.24,2.24,0.0,0.0,0.0,1.0,1.3214285714285714,1.588233853211415,0
481,5,5,2012,0,0,0,0,0,0,0,5,0,0,,,,0.0,0.0,0.0,0.0,0.0,0
227,3,9,2011,0,0,0,0,0,1,1,3,0,0,,,,0.0,0.0,0.0,0.0,0.0,0
309,1,12,2011,0,0,0,0,1,1,1,1,1,0,9.47,9.47,0.0,1.0,2.0,0.7142857142857143,1.0,1.1221672153735642,1
1748,5,11,2015,23,3,0,0,0,1,1,5,0,1,1.38,1.38,0.0,0.0,0.0,0.0,0.0,0.0,0
1081,3,1,2014,0,0,0,0,0,1,0,3,0,0,1.78,1.78,0.0,0.0,0.0,0.0,0.6071428571428571,1.448863813202044,0
484,1,5,2012,0,0,0,0,0,0,0,1,1,0,4.88,4.88,0.0,0.0,0.0,0.0,0.10714285714285714,0.31497039417435235,0
177,2,7,2011,0,0,0,0,0,0,0,2,0,0,,,,0.0,0.0,0.0,0.0,0.0,0
1711,3,10,2015,0,0,0,0,1,1,1,3,0,0,6.72,6.72,0.0,0.0,0.0,0.0,0.8571428571428571,1.3253730631839962,0
176,1,7,2011,0,0,0,0,0,0,0,1,1,0,4.74,4.74,0.0,0.0,0.0,0.42857142857142855,0.39285714285714285,0.685256681526506,1
68,5,4,2011,0,0,0,0,1,1,1,5,0,0,2.58,2.58,0.0,0.0,0.0,0.7142857142857143,0.39285714285714285,1.030615986761952,0
204,1,8,2011,0,0,0,0,0,0,0,1,1,0,4.66,4.66,0.0,0.0,0.0,0.0,0.5714285714285714,1.1362241376617952,0
265,6,10,2011,0,0,0,0,0,0,0,6,0,0,4.67,4.67,0.0,1.0,0.0,1.2857142857142858,1.4642857142857142,1.4005856673692656,1
1515,3,3,2015,0,0,0,0,0,0,0,3,0,0,4.97,4.97,0.0,0.0,0.0,0.0,0.0,0.0,0
718,4,1,2013,0,0,0,0,0,1,1,4,0,0,0.97,0.97,0.0,1.0,2.0,0.14285714285714285,0.21428571428571427,0.5681120688308983,0
1051,1,12,2013,0,0,0,0,0,0,1,1,1,0,7.24,7.24,0.0,0.0,0.0,0.0,0.0,0.0,0
809,4,4,2013,0,0,0,0,0,0,0,4,0,0,9.88,9.88,0.0,0.0,1.0,0.7142857142857143,1.0,0.9428090415820631,0
118,6,5,2011,0,0,0,0,0,0,0,6,0,0,5.27,5.27,0.0,0.0,0.0,0.14285714285714285,0.21428571428571427,0.6299407883487119,0
1063,6,12,2013,0,0,0,0,0,0,0,6,0,0,3.67,3.67,0.0,0.0,1.0,0.42857142857142855,1.2142857142857142,1.2868895275370966,0
1262,2,7,2014,0,0,0,0,0,1,0,2,0,0,1.58,1.58,0.0,0.0,2.0,0.0,0.42857142857142855,0.95949722283856,0
88,4,4,2011,9,4,0,0,0,0,0,4,0,1,,,,0.0,0.0,0.0,0.0,0.0,0
50,1,3,2011,0,0,0,0,0,0,0,1,1,0,1.98,1.98,0.0,8.0,2.0,4.285714285714286,3.5714285714285716,2.316264096574345,6
1847,6,2,2016,0,0,0,0,0,0,0,6,0,0,6.96,6.96,0.0,0.0,0.0,0.0,0.32142857142857145,0.7723735149271027,1
1731,2,10,2015,0,0,0,0,0,0,0,2,0,0,3.93,3.93,0.0,0.0,1.0,0.14285714285714285,0.21428571428571427,0.417855447018673,0
952,7,9,2013,0,0,0,0,1,1,1,7,1,0,,,,0.0,0.0,0.0,0.0,0.0,0
969,3,9,2013,0,0,0,0,0,0,0,3,0,0,2.42,2.42,0.0,5.0,1.0,2.7142857142857144,3.5714285714285716,3.011442024808554,1
1640,2,7,2015,0,0,0,0,0,0,0,2,0,0,3.33,3.33,0.0,0.0,2.0,0.7142857142857143,0.8571428571428571,0.9704632614370019,2
1848,7,2,2016,0,0,0,0,0,0,0,7,1,0,2.98,2.98,0.0,4.0,0.0,4.285714285714286,3.642857142857143,2.3760266508401466,2
1,1,1,2011,0,0,0,0,0,0,0,1,1,0,,,,,,,,,0
1607,4,6,2015,0,0,0,0,0,0,0,4,0,0,2.98,2.98,0.0,1.0,2.0,1.0,1.2142857142857142,1.4235360994562194,1
316,1,12,2011,0,0,0,0,1,0,0,1,1,0,,,,0.0,0.0,0.0,0.0,0.0,0
1805,6,1,2016,28,4,0,0,1,1,0,6,0,1,1.78,1.78,0.0,1.0,1.0,2.142857142857143,1.5357142857142858,1.5270921982678618,0
888,6,7,2013,16,3,0,0,1,0,0,6,0,1,3.24,3.24,0.0,1.0,0.0,0.2857142857142857,0.14285714285714285,0.35634832254989846,0
761,5,2,2013,0,0,0,0,0,0,0,5,0,0,0.97,0.97,0.0,0.0,0.0,0.2857142857142857,0.25,0.5853140973807065,0
512,1,6,2012,0,0,0,0,0,0,0,1,1,0,1.98,1.98,0.0,0.0,0.0,0.0,0.0,0.0,0
932,1,8,2013,0,0,0,0,0,0,0,1,1,0,1.74,1.74,0.0,0.0,1.0,0.14285714285714285,0.32142857142857145,0.6696362433535825,0
750,1,2,2013,0,0,0,0,0,0,0,1,1,0,10.97,10.97,0.0,0.0,0.0,0.0,0.0,0.0,0
350,7,1,2012,0,0,0,0,0,1,0,7,1,0,11.97,11.97,0.0,0.0,0.0,0.14285714285714285,0.14285714285714285,0.35634832254989907,1
963,4,9,2013,0,0,0,0,0,0,0,4,0,0,2.48,2.48,0.0,0.0,2.0,0.5714285714285714,0.6785714285714286,0.9449111825230685,0
1485,1,2,2015,0,0,0,0,0,0,0,1,1,0,2.88,2.88,0.0,0.0,0.0,0.42857142857142855,0.35714285714285715,0.7310208850583774,0
1430,2,12,2014,0,0,0,0,0,0,0,2,0,0,6.48,6.48,0.0,1.0,1.0,0.42857142857142855,0.17857142857142858,0.39002102778748,0
1290,2,8,2014,0,0,0,0,1,0,0,2,0,0,5.47,5.47,0.0,0.0,0.0,0.2857142857142857,0.21428571428571427,0.49867549436206415,1
1798,6,12,2015,0,0,0,0,0,0,0,6,0,0,0.97,0.97,0.0,0.0,0.0,0.0,0.14285714285714285,0.448395139423038,0
772,2,3,2013,0,0,0,0,1,0,0,2,0,0,,,,0.0,0.0,0.0,0.0,0.0,0
283,3,11,2011,22,4,0,0,1,1,0,3,0,1,,,,0.0,0.0,0.0,0.0,0.0,0
279,6,11,2011,0,0,0,0,1,1,1,6,0,0,5.16,5.16,0.0,0.0,1.0,0.5714285714285714,0.5357142857142857,0.7926581093427847,0
643,6,11,2012,0,0,0,0,1,1,0,6,0,0,3.48,3.48,0.0,1.0,0.0,3.2857142857142856,2.357142857142857,2.8312317135609026,1
1329,6,9,2014,0,0,0,0,0,0,0,6,0,0,2.98,2.98,0.0,0.0,1.0,0.8571428571428571,0.8214285714285714,0.9449111825230695,0
1709,1,10,2015,0,0,0,0,1,1,1,1,1,0,3.98,3.98,0.0,0.0,0.0,0.0,0.0,0.0,0
522,4,7,2012,0,0,0,0,1,1,1,4,0,0,6.98,6.98,0.0,0.0,2.0,1.1428571428571428,2.2857142857142856,1.696557360747604,5
1266,6,7,2014,0,0,0,0,0,0,0,6,0,0,4.97,4.97,0.0,0.0,0.0,0.42857142857142855,0.17857142857142858,0.6118321864193027,0
1513,1,3,2015,0,0,0,0,0,0,0,1,1,0,3.47,3.47,0.0,2.0,4.0,3.0,1.4285714285714286,1.7089865185644066,3
1504,6,3,2015,0,0,0,0,0,1,1,6,0,0,2.97,2.97,0.0,1.0,0.0,0.2857142857142857,0.10714285714285714,0.31497039417435624,0
761,5,2,2013,0,0,0,0,0,0,0,5,0,0,1.88,1.88,0.0,2.0,3.0,1.4285714285714286,1.6428571428571428,1.6378460497066545,3
1594,5,6,2015,0,0,0,0,1,0,0,5,0,0,14.26,14.26,0.0,1.0,0.0,0.2857142857142857,0.14285714285714285,0.35634832254989895,0
1610,7,6,2015,0,0,0,0,0,0,0,7,1,0,7.97,7.97,0.0,1.0,2.0,0.5714285714285714,0.9642857142857143,1.201300001299298,1
175,7,7,2011,0,0,0,0,0,0,0,7,1,0,6.48,6.48,0.0,0.0,0.0,0.0,0.0,0.0,0
990,3,10,2013,20,3,0,0,0,0,1,3,0,1,3.38,3.38,0.0,1.0,0.0,0.7142857142857143,0.6428571428571429,0.7800420555749582,3
1375,3,11,2014,0,0,0,0,1,1,1,3,0,0,4.48,4.48,0.0,1.0,4.0,2.2857142857142856,2.25,1.5061601901917647,3
1460,4,1,2015,0,0,0,0,0,0,0,4,0,0,4.97,4.97,0.0,0.0,0.0,0.14285714285714285,0.14285714285714285,0.35634832254989923,0
690,4,12,2012,0,0,0,0,0,0,0,4,0,0,2.97,2.97,0.0,0.0,0.0,0.0,0.0,0.0,0
1136,2,3,2014,0,0,0,0,1,1,1,2,0,0,3.28,3.28,0.0,0.0,0.0,0.0,0.03571428571428571,0.18898223650461363,1
703,3,12,2012,0,0,0,0,0,0,0,3,0,0,,,,0.0,0.0,0.0,0.0,0.0,0
1426,5,12,2014,26,4,0,0,0,0,0,5,0,1,2.88,2.88,0.0,0.0,0.0,0.0,0.0,0.0,0
1555,1,5,2015,0,0,0,0,1,0,1,1,1,0,8.84,8.84,0.0,1.0,1.0,1.1428571428571428,1.1785714285714286,1.218790275416461,2
96,5,5,2011,0,0,0,0,1,0,0,5,0,0,3.97,3.97,0.0,0.0,0.0,0.42857142857142855,0.35714285714285715,0.7800420555749594,0
1034,5,11,2013,0,0,0,0,0,0,0,5,0,0,2.98,2.98,0.0,0.0,0.0,0.0,0.14285714285714285,0.4483951394230321,0
903,7,7,2013,0,0,0,0,0,0,0,7,1,0,2.98,2.98,0.0,8.0,9.0,4.0,4.535714285714286,3.615625993206615,5
1695,1,9,2015,0,0,0,0,0,0,0,1,1,0,2.68,2.68,0.0,1.0,0.0,0.14285714285714285,0.6071428571428571,0.9940297973880147,0
622,6,10,2012,0,0,0,0,0,1,1,6,0,0,5.94,5.94,0.0,0.0,1.0,0.0,0.10714285714285714,0.3149703941743559,0
850,3,5,2013,12,3,0,0,0,0,0,3,0,1,2.98,2.98,0.0,3.0,3.0,2.7142857142857144,2.6785714285714284,2.0194163335088495,7
1609,6,6,2015,0,0,0,0,0,0,0,6,0,0,1.98,1.98,0.0,1.0,1.0,1.0,1.0,1.247219128924648,0
1050,7,12,2013,0,0,0,0,0,1,0,7,1,0,2.73,2.73,0.0,0.0,0.0,0.0,0.07142857142857142,0.3779644730092272,0
923,6,8,2013,18,4,0,0,1,0,1,6,0,1,2.88,2.88,0.0,3.0,3.0,1.8571428571428572,1.4285714285714286,1.1683661091795396,4
1270,3,7,2014,0,0,0,0,0,0,0,3,0,0,,,,0.0,0.0,0.0,0.0,0.0,0
92,1,4,2011,0,0,0,0,0,0,0,1,1,0,,,,0.0,0.0,0.0,0.0,0.0,0
826,7,5,2013,0,0,0,0,1,1,1,7,1,0,5.98,5.98,0.0,0.0,1.0,0.5714285714285714,0.35714285714285715,0.6214848238238697,0
129,3,6,2011,0,0,0,0,1,1,1,3,0,0,,,,0.0,0.0,0.0,0.0,0.0,0
1533,7,4,2015,0,0,0,0,1,0,0,7,1,0,2.88,2.88,0.0,0.0,0.0,0.42857142857142855,0.39285714285714285,0.9164862737363221,0
1435,7,1,2015,0,0,0,0,1,0,1,7,1,0,6.97,6.97,0.0,0.0,3.0,0.0,0.21428571428571427,0.686221153054518,0
905,2,7,2013,0,0,0,0,0,0,0,2,0,0,4.98,4.98,0.0,0.0,0.0,0.14285714285714285,0.14285714285714285,0.3563483225498991,0
183,1,7,2011,0,0,0,0,0,0,0,1,1,0,,,,0.0,0.0,0.0,0.0,0.0,0
1574,6,5,2015,0,0,0,0,0,0,0,6,0,0,3.0,3.0,0.0,0.0,0.0,0.0,0.0,0.0,0
1240,1,6,2014,0,0,0,0,0,0,0,1,1,0,2.97,2.97,0.0,0.0,0.0,0.0,0.0,0.0,0
753,4,2,2013,0,0,0,0,0,0,0,4,0,0,3.68,3.68,0.0,0.0,1.0,0.0,0.21428571428571427,0.6862211530545136,0
667,2,11,2012,0,0,0,0,0,0,0,2,0,0,4.47,4.47,0.0,0.0,0.0,0.0,0.0,0.0,0
765,2,3,2013,0,0,0,0,1,1,1,2,0,0,,,,0.0,0.0,0.0,0.0,0.0,0
258,6,10,2011,0,0,0,0,0,1,0,6,0,0,2.98,2.98,0.0,12.0,6.0,9.428571428571429,8.428571428571429,3.73599678234229,8
357,7,1,2012,0,0,0,0,0,0,0,7,1,0,,,,0.0,0.0,0.0,0.0,0.0,0
1683,3,9,2015,19,3,0,0,1,1,0,3,0,1,2.0,2.0,0.0,0.0,0.0,0.2857142857142857,0.42857142857142855,0.6900655593423568,0
1558,4,5,2015,10,2,0,0,1,1,1,4,0,1,2.98,2.98,0.0,2.0,4.0,3.142857142857143,3.7142857142857144,1.8630350160153921,4
372,1,2,2012,0,0,0,0,1,0,0,1,1,0,2.48,2.48,0.0,2.0,2.0,0.7142857142857143,1.6428571428571428,2.040593336267952,5
816,4,4,2013,0,0,0,0,0,0,0,4,0,0,,,,0.0,0.0,0.0,0.0,0.0,0
1226,1,6,2014,0,0,0,0,1,1,0,1,1,0,1.87,1.87,0.0,1.0,2.0,1.2857142857142858,1.2857142857142858,1.3012000972647104,0
463,1,5,2012,10,2,0,0,1,1,1,1,1,1,,,,0.0,0.0,0.0,0.0,0.0,0
1392,6,11,2014,0,0,0,0,0,0,0,6,0,0,1.38,1.38,0.0,0.0,0.0,0.0,0.39285714285714285,1.1333099904225372,0
1221,3,6,2014,0,0,0,0,1,0,1,3,0,0,0.78,0.78,0.0,0.0,0.0,0.0,0.0,0.0,0
1575,7,5,2015,0,0,0,0,0,0,0,7,1,0,2.78,2.78,0.0,0.0,1.0,0.7142857142857143,1.3928571428571428,1.4991179064218072,0
716,2,1,2013,0,0,0,0,0,1,0,2,0,0,,,,0.0,0.0,0.0,0.0,0.0,0
727,6,1,2013,0,0,0,0,0,0,0,6,0,0,7.67,7.67,0.0,0.0,0.0,0.0,0.0,0.0,0
1428,7,12,2014,0,0,0,0,0,0,0,7,1,0,,,,0.0,0.0,0.0,0.0,0.0,0
352,2,1,2012,0,0,0,0,0,1,1,2,0,0,3.28,3.28,0.0,0.0,0.0,0.0,0.0,0.0,0
1126,6,2,2014,0,0,0,0,0,0,0,6,0,0,8.98,8.98,0.0,2.0,0.0,0.5714285714285714,0.6785714285714286,1.020296668133975,1
439,5,4,2012,0,0,0,0,0,1,1,5,0,0,5.97,5.97,0.0,0.0,1.0,1.5714285714285714,1.5,1.2322818340454909,1
1790,5,12,2015,0,0,0,0,0,0,0,5,0,0,3.42,3.42,0.0,4.0,0.0,2.4285714285714284,3.142857142857143,2.189440749061462,3
704,4,1,2013,27,3,0,0,1,1,0,4,0,1,7.97,7.97,0.0,0.0,0.0,3.142857142857143,1.7857142857142858,1.892620031070851,2
1633,2,7,2015,0,0,0,0,0,0,0,2,0,0,1.98,1.98,0.0,2.0,2.0,1.1428571428571428,1.2857142857142858,1.2128064441201956,1
739,4,2,2013,0,0,0,0,1,1,1,4,0,0,2.68,2.68,0.0,8.0,5.0,12.142857142857142,11.821428571428571,6.874825635114468,9
124,5,6,2011,0,0,0,0,1,1,0,5,0,0,,,,0.0,0.0,0.0,0.0,0.0,0
191,2,8,2011,0,0,0,0,1,1,0,2,0,0,,,,0.0,0.0,0.0,0.0,0.0,0
661,3,11,2012,0,0,0,0,0,0,0,3,0,0,,,,0.0,0.0,0.0,0.0,0.0,0
302,1,11,2011,0,0,0,0,0,0,0,1,1,0,3.88,3.88,0.0,1.0,2.0,0.7142857142857143,0.7142857142857143,1.0131411680782827,1
1301,6,8,2014,0,0,0,0,0,0,0,6,0,0,5.88,5.88,0.0,0.0,0.0,0.2857142857142857,0.14285714285714285,0.4483951394230329,0
359,2,1,2012,0,0,0,0,0,0,0,2,0,0,,,,0.0,0.0,0.0,0.0,0.0,0
649,5,11,2012,0,0,0,0,1,1,0,5,0,0,,,,0.0,0.0,0.0,0.0,0.0,0
659,1,11,2012,0,0,0,0,0,0,0,1,1,0,,,,0.0,0.0,0.0,0.0,0.0,0
1055,5,12,2013,0,0,0,0,0,0,0,5,0,0,,,,0.0,0.0,0.0,0.0,0.0,0
1078,7,1,2014,0,0,0,0,1,0,0,7,1,0,2.98,2.98,0.0,0.0,0.0,0.8571428571428571,0.25,0.9670497325294003,0
1431,3,12,2014,0,0,0,0,0,0,0,3,0,0,2.78,2.78,0.0,0.0,0.0,0.2857142857142857,0.32142857142857145,0.6118321864193024,0
1763,6,11,2015,24,3,0,0,0,0,0,6,0,1,12.78,12.78,0.0,0.0,0.0,0.14285714285714285,0.14285714285714285,0.44839513942303255,0
658,7,11,2012,0,0,0,0,0,0,0,7,1,0,1.78,1.78,0.0,0.0,1.0,1.4285714285714286,1.4642857142857142,1.7529265023814664,0
75,5,4,2011,0,0,0,0,0,1,0,5,0,0,,,,0.0,0.0,0.0,0.0,0.0,0
1326,3,9,2014,0,0,0,0,0,1,1,3,0,0,2.97,2.97,0.0,0.0,0.0,0.0,0.0,0.0,0
1662,3,8,2015,0,0,0,0,0,0,0,3,0,0,3.98,3.98,0.0,1.0,1.0,1.4285714285714286,1.7142857142857142,1.212806444120196,3
1302,7,8,2014,0,0,0,0,0,0,0,7,1,0,1.97,1.97,0.0,0.0,0.0,1.2857142857142858,0.39285714285714285,1.3700307029348382,0
378,7,2,2012,0,0,0,0,1,0,0,7,1,0,4.66,4.66,0.0,0.0,0.0,0.7142857142857143,0.4642857142857143,0.6929348671835824,0
1224,6,6,2014,13,1,0,0,1,1,1,6,0,1,8.97,8.97,0.0,0.0,0.0,0.0,0.0,0.0,0
843,3,5,2013,0,0,0,0,0,0,0,3,0,0,0.2,0.2,0.0,50.0,12.0,15.0,14.571428571428571,16.78497690601478,13
238,7,9,2011,0,0,0,0,0,0,0,7,1,0,,,,0.0,0.0,0.0,0.0,0.0,0
936,5,8,2013,0,0,0,0,0,0,0,5,0,0,2.22,2.22,0.0,0.0,0.0,0.42857142857142855,0.2857142857142857,0.5345224838248488,0
1511,6,3,2015,0,0,0,0,0,0,0,6,0,0,3.98,3.98,0.0,0.0,2.0,0.5714285714285714,1.25,1.0758287072798423,1
1142,1,3,2014,0,0,0,0,0,1,1,1,1,0,2.08,2.08,0.0,0.0,0.0,0.14285714285714285,0.07142857142857142,0.2622652641564811,0
893,4,7,2013,17,4,0,0,1,1,1,4,0,1,2.47,2.47,0.0,0.0,2.0,1.0,1.5714285714285714,1.8141128109919997,1
1739,3,11,2015,0,0,0,0,1,0,1,3,0,0,4.97,4.97,0.0,0.0,0.0,0.14285714285714285,0.25,0.7993052538854533,1
1116,3,2,2014,3,3,0,0,0,0,0,3,0,1,1.78,1.78,0.0,3.0,0.0,2.2857142857142856,0.8571428571428571,1.297127473512029,1
1808,2,1,2016,0,0,0,0,1,0,0,2,0,0,3.47,3.47,0.0,0.0,3.0,1.8571428571428572,2.1785714285714284,1.7438478405541356,6
1588,6,6,2015,13,1,0,0,1,0,0,6,0,1,5.98,5.98,0.0,0.0,0.0,0.0,0.0,0.0,0
1186,3,4,2014,0,0,0,0,0,0,0,3,0,0,9.24,9.24,0.0,1.0,0.0,0.2857142857142857,0.6428571428571429,1.253566341056017,3
1079,1,1,2014,0,0,0,0,0,1,1,1,1,0,1.74,1.74,0.0,0.0,0.0,0.0,0.14285714285714285,0.4483951394230116,0
1135,1,3,2014,0,0,0,0,1,0,1,1,1,0,1.78,1.78,0.0,9.0,2.0,5.285714285714286,4.214285714285714,2.8977276264040768,6
1103,4,2,2014,0,0,0,0,1,0,0,4,0,0,3.33,3.33,0.0,0.0,1.0,0.0,0.25,0.5853140973807088,2
1427,6,12,2014,25,3,0,0,0,0,0,6,0,1,1.98,1.98,0.0,2.0,0.0,1.7142857142857142,1.4642857142857142,1.5511559096637058,0
1124,4,2,2014,0,0,0,0,0,0,0,4,0,0,2.08,2.08,0.0,1.0,0.0,0.14285714285714285,0.07142857142857142,0.2622652641564811,0
609,7,9,2012,0,0,0,0,0,0,0,7,1,0,,,,0.0,0.0,0.0,0.0,0.0,0
1111,5,2,2014,0,0,0,0,0,1,1,5,0,0,,,,0.0,0.0,0.0,0.0,0.0,0
210,7,8,2011,0,0,0,0,0,0,0,7,1,0,2.98,2.98,0.0,0.0,1.0,0.5714285714285714,0.75,1.3228756555322954,2
396,4,2,2012,0,0,0,0,0,0,0,4,0,0,2.47,2.47,0.0,0.0,0.0,0.14285714285714285,0.07142857142857142,0.26226526415648127,0
1805,6,1,2016,28,4,0,0,1,1,0,6,0,1,1.08,1.08,0.0,0.0,1.0,0.7142857142857143,0.9285714285714286,2.017122472430238,0
804,6,4,2013,0,0,0,0,0,1,1,6,0,0,10.97,10.97,0.0,0.0,0.0,0.0,0.0,0.0,0
954,2,9,2013,0,0,0,0,1,0,1,2,0,0,5.24,5.24,0.0,2.0,0.0,1.0,0.8571428571428571,0.890870806374748,0
1625,1,7,2015,0,0,0,0,0,1,1,1,1,0,5.94,5.94,0.0,0.0,2.0,0.0,0.17857142857142858,0.5479640045336457,0
302,1,11,2011,0,0,0,0,0,0,0,1,1,0,,,,0.0,0.0,0.0,0.0,0.0,0
790,6,3,2013,0,0,0,0,0,0,0,6,0,0,4.74,4.74,0.0,0.0,0.0,0.0,0.32142857142857145,0.8629652337776975,1
1225,7,6,2014,0,0,0,0,1,1,1,7,1,0,0.97,0.97,0.0,0.0,0.0,0.0,0.35714285714285715,0.5587211398983505,0
402,3,3,2012,0,0,0,0,1,1,1,3,0,0,2.68,2.68,0.0,0.0,0.0,1.1428571428571428,0.8214285714285714,1.090483121902141,0
999,5,10,2013,0,0,0,0,0,0,0,5,0,0,4.48,4.48,0.0,3.0,0.0,1.2857142857142858,1.3928571428571428,1.2572540835836663,1
802,4,4,2013,0,0,0,0,1,1,1,4,0,0,2.78,2.78,0.0,8.0,10.0,7.714285714285714,7.071428571428571,2.3871348303798507,7
217,7,9,2011,0,0,0,0,1,0,1,7,1,0,1.98,1.98,0.0,0.0,0.0,0.14285714285714285,0.07142857142857142,0.26226526415648105,0
1560,6,5,2015,0,0,0,0,1,1,0,6,0,0,3.24,3.24,0.0,0.0,0.0,0.0,0.10714285714285714,0.31497039417435496,0
1651,6,8,2015,0,0,0,0,1,1,1,6,0,0,2.0,2.0,0.0,0.0,1.0,0.2857142857142857,0.5,0.7934920476158744,0
1474,4,2,2015,0,0,0,0,1,0,0,4,0,0,6.97,6.97,0.0,1.0,0.0,0.5714285714285714,0.32142857142857145,0.5479640045336459,0
1084,6,1,2014,0,0,0,0,0,0,0,6,0,0,2.5,2.5,0.0,0.0,0.0,0.7142857142857143,0.9642857142857143,1.4267845968170125,1
1851,3,2,2016,0,0,0,0,0,0,0,3,0,0,8.98,8.98,0.0,1.0,1.0,1.4285714285714286,1.3928571428571428,1.4488638132020373,0
1385,6,11,2014,0,0,0,0,0,1,0,6,0,0,6.97,6.97,0.0,0.0,0.0,0.14285714285714285,0.14285714285714285,0.35634832254989823,0
884,2,6,2013,0,0,0,0,0,0,0,2,0,0,3.38,3.38,0.0,1.0,1.0,0.8571428571428571,0.5357142857142857,0.6929348671835819,1
781,4,3,2013,0,0,0,0,0,0,0,4,0,0,6.97,6.97,0.0,0.0,0.0,0.0,0.21428571428571427,0.49867549436206415,0
551,5,8,2012,0,0,0,0,1,1,0,5,0,0,,,,0.0,0.0,0.0,0.0,0.0,0
916,6,8,2013,0,0,0,0,1,1,0,6,0,0,2.88,2.88,0.0,2.0,3.0,0.7142857142857143,1.2142857142857142,1.197439950002685,2
1568,7,5,2015,0,0,0,0,0,1,1,7,1,0,2.97,2.97,0.0,0.0,0.0,0.42857142857142855,0.14285714285714285,0.5909368402852789,0
1219,1,5,2014,0,0,0,0,0,0,0,1,1,0,1.38,1.38,0.0,0.0,0.0,0.2857142857142857,0.17857142857142858,0.4755948656056679,0
1813,7,1,2016,0,0,0,0,0,1,1,7,1,0,5.22,5.22,0.0,0.0,1.0,0.5714285714285714,0.32142857142857145,0.547964004533646,1
180,5,7,2011,0,0,0,0,0,0,0,5,0,0,14.27,14.27,0.0,0.0,0.0,0.14285714285714285,0.21428571428571427,0.49867549436206365,0
603,1,9,2012,0,0,0,0,0,0,0,1,1,0,2.5,2.5,0.0,0.0,4.0,1.4285714285714286,1.5357142857142858,1.6212053782007012,1
1460,4,1,2015,0,0,0,0,0,0,0,4,0,0,1.25,1.25,0.0,0.0,0.0,0.0,0.0,0.0,0
975,2,9,2013,0,0,0,0,0,0,0,2,0,0,6.87,6.87,0.0,2.0,0.0,0.7142857142857143,0.42857142857142855,0.6900655593423539,0
892,3,7,2013,0,0,0,0,1,0,1,3,0,0,2.94,2.94,0.0,0.0,0.0,1.4285714285714286,0.6428571428571429,1.0261140545329508,1
132,6,6,2011,0,0,0,0,1,1,1,6,0,0,,,,0.0,0.0,0.0,0.0,0.0,0
497,7,6,2012,0,0,0,0,1,0,1,7,1,0,,,,0.0,0.0,0.0,0.0,0.0,0
1780,2,12,2015,0,0,0,0,0,1,0,2,0,0,3.98,3.98,0.0,4.0,1.0,1.0,1.0,1.1863420280034787,0
1127,7,2,2014,0,0,0,0,0,0,0,7,1,0,2.87,,,0.0,0.0,0.14285714285714285,0.03571428571428571,0.1889822365046136,1
482,6,5,2012,0,0,0,0,0,0,0,6,0,0,8.48,8.48,0.0,1.0,0.0,0.14285714285714285,0.14285714285714285,0.3563483225498995,0
4,4,2,2011,0,0,0,0,1,1,0,4,0,0,3.24,,,,,,,,0
1069,5,1,2014,27,3,0,0,1,1,0,5,0,1,1.0,1.0,0.0,0.0,0.0,9.857142857142858,7.107142857142857,5.698208202547316,4
1275,1,7,2014,0,0,0,0,0,0,0,1,1,0,2.97,2.97,0.0,0.0,0.0,0.0,0.0,0.0,0
487,4,5,2012,0,0,0,0,0,0,0,4,0,0,1.98,1.98,0.0,0.0,0.0,0.0,0.0,0.0,0
1217,6,5,2014,0,0,0,0,0,0,0,6,0,0,2.98,2.98,0.0,0.0,0.0,0.8571428571428571,0.75,0.8871510790372951,0
61,5,3,2011,0,0,0,0,0,0,0,5,0,0,5.47,5.47,0.0,0.0,0.0,0.0,0.25,0.4409585518440985,0
291,4,11,2011,0,0,0,0,0,1,1,4,0,0,3.97,3.97,0.0,2.0,1.0,0.7142857142857143,0.5357142857142857,0.7926581093427848,0
333,4,12,2011,0,0,0,0,0,0,0,4,0,0,,,,0.0,0.0,0.0,0.0,0.0,0
1357,6,10,2014,0,0,0,0,0,0,0,6,0,0,2.0,2.0,0.0,0.0,0.0,2.2857142857142856,1.9642857142857142,2.395708243801402,5
737,2,2,2013,1,1,0,0,1,1,1,2,0,1,2.98,2.98,0.0,1.0,0.0,1.0,0.6785714285714286,0.8629652337776965,3
613,4,10,2012,0,0,0,0,1,0,1,4,0,0,2.97,2.97,0.0,0.0,0.0,0.0,0.0,0.0,0
982,2,10,2013,0,0,0,0,1,1,1,2,0,0,2.98,2.98,0.0,0.0,0.0,0.0,0.14285714285714285,0.5909368402852789,0
610,1,9,2012,0,0,0,0,0,0,0,1,1,0,6.97,6.97,0.0,0.0,0.0,0.0,0.0,0.0,0
1563,2,5,2015,11,2,0,0,1,0,0,2,0,1,2.0,2.0,0.0,0.0,0.0,0.2857142857142857,0.07142857142857142,0.26226526415648765,0
1441,6,1,2015,0,0,0,0,1,0,1,6,0,0,7.97,7.97,0.0,1.0,1.0,2.7142857142857144,2.7142857142857144,1.739670953500996,1
234,3,9,2011,0,0,0,0,0,0,0,3,0,0,4.88,4.88,0.0,2.0,1.0,0.7142857142857143,0.6785714285714286,0.9048663264720751,2
832,6,5,2013,0,0,0,0,1,1,1,6,0,0,2.24,2.24,0.0,4.0,1.0,3.142857142857143,2.6785714285714284,2.5393725009168517,0
1584,2,5,2015,0,0,0,0,0,0,0,2,0,0,4.38,4.38,0.0,2.0,3.0,1.4285714285714286,1.5357142857142858,1.1379690439434398,4
1838,4,2,2016,0,0,0,0,1,1,1,4,0,0,2.98,2.98,0.0,2.0,3.0,2.4285714285714284,3.25,1.6244657241348208,2
450,2,4,2012,0,0,0,0,0,0,0,2,0,0,,,,0.0,0.0,0.0,0.0,0.0,0
586,5,9,2012,0,0,0,0,1,1,1,5,0,0,2.98,2.98,0.0,8.0,5.0,6.0,4.714285714285714,2.7332946183862936,5
1256,3,7,2014,0,0,0,0,1,1,0,3,0,0,5.98,5.98,0.0,0.0,0.0,0.0,0.17857142857142858,0.4755948656056706,0
395,3,2,2012,0,0,0,0,0,0,0,3,0,0,,,,0.0,0.0,0.0,0.0,0.0,0
1716,1,10,2015,0,0,0,0,1,0,0,1,1,0,0.97,0.97,0.0,0.0,2.0,0.0,0.2857142857142857,0.5345224838248527,0
1028,6,11,2013,0,0,0,0,0,0,0,6,0,0,6.97,6.97,0.0,0.0,0.0,0.0,0.07142857142857142,0.2622652641564836,0
713,6,1,2013,0,0,0,0,1,0,0,6,0,0,,,,0.0,0.0,0.0,0.0,0.0,0
1642,4,7,2015,0,0,0,0,0,0,0,4,0,0,2.98,2.98,0.0,2.0,1.0,1.7142857142857142,1.3571428571428572,1.061595086171808,2
1607,4,6,2015,0,0,0,0,0,0,0,4,0,0,4.5,4.38,0.1200000000000001,2.0,0.0,1.1428571428571428,1.4642857142857142,1.3738872361173384,1
1372,7,10,2014,21,2,0,0,0,0,0,7,1,1,2.96,2.96,0.0,1.0,1.0,2.142857142857143,2.0357142857142856,1.9716911871705762,1
1394,1,11,2014,0,0,0,0,0,0,0,1,1,0,2.18,2.18,0.0,0.0,0.0,0.0,0.07142857142857142,0.2622652641564811,0
1798,6,12,2015,0,0,0,0,0,0,0,6,0,0,0.57,0.57,0.0,0.0,1.0,0.14285714285714285,0.5,0.9622504486493898,0
681,2,12,2012,0,0,0,0,1,1,1,2,0,0,,,,0.0,0.0,0.0,0.0,0.0,0
376,5,2,2012,0,0,0,0,1,0,1,5,0,0,,,,0.0,0.0,0.0,0.0,0.0,0
1549,2,4,2015,0,0,0,0,0,0,0,2,0,0,2.97,2.97,0.0,0.0,1.0,0.5714285714285714,0.9285714285714286,1.0515798142890103,1
110,5,5,2011,0,0,0,0,0,0,0,5,0,0,,,,0.0,0.0,0.0,0.0,0.0,0
216,6,9,2011,0,0,0,0,1,1,0,6,0,0,5.98,5.98,0.0,0.0,1.0,0.8571428571428571,0.6785714285714286,0.8629652337776963,0
587,6,9,2012,0,0,0,0,1,1,1,6,0,0,2.0,2.0,0.0,7.0,21.0,11.0,8.714285714285714,3.8089285249183282,4
1211,7,5,2014,0,0,0,0,0,0,0,7,1,0,2.42,2.42,0.0,0.0,1.0,0.42857142857142855,0.7142857142857143,0.8099905283919353,0
474,5,5,2012,0,0,0,0,0,0,0,5,0,0,,,,0.0,0.0,0.0,0.0,0.0,0
1047,4,12,2013,0,0,0,0,1,0,0,4,0,0,3.38,3.38,0.0,1.0,0.0,0.5714285714285714,0.32142857142857145,0.6118321864193109,0
776,6,3,2013,0,0,0,0,0,0,1,6,0,0,4.48,4.48,0.0,0.0,1.0,1.8571428571428572,1.3928571428571428,1.4488638132020282,1
970,4,9,2013,0,0,0,0,0,0,0,4,0,0,10.98,10.98,0.0,1.0,0.0,0.42857142857142855,0.21428571428571427,0.4986754943620643,1
1338,1,9,2014,0,0,0,0,0,0,0,1,1,0,,,,0.0,0.0,0.0,0.0,0.0,0
1857,2,2,2016,0,0,0,0,0,0,0,2,0,0,5.97,5.97,0.0,1.0,0.0,0.5714285714285714,0.39285714285714285,0.628890010655795,0
955,3,9,2013,0,0,0,0,1,1,1,3,0,0,5.98,5.98,0.0,0.0,1.0,1.7142857142857142,0.8571428571428571,1.6714217880746913,0
1682,2,9,2015,0,0,0,0,1,1,1,2,0,0,7.47,7.47,0.0,0.0,0.0,0.0,0.0,0.0,0
312,4,12,2011,0,0,0,0,1,1,1,4,0,0,6.88,6.88,0.0,1.0,0.0,0.7142857142857143,1.0,1.0540925533894598,0
291,4,11,2011,0,0,0,0,0,1,1,4,0,0,1.98,1.98,0.0,0.0,0.0,0.0,0.17857142857142858,0.475594865605671,0
1275,1,7,2014,0,0,0,0,0,0,0,1,1,0,4.98,4.98,0.0,0.0,0.0,0.7142857142857143,1.0,1.0886621079036347,0
702,2,12,2012,0,0,0,0,0,0,0,2,0,0,1.88,1.88,0.0,5.0,1.0,2.142857142857143,2.142857142857143,1.4835963740378328,2
1242,3,6,2014,0,0,0,0,0,0,0,3,0,0,3.48,3.48,0.0,0.0,3.0,1.8571428571428572,1.75,1.601503922822171,2
1061,4,12,2013,0,0,0,0,0,0,0,4,0,0,1.97,1.97,0.0,0.0,0.0,0.0,0.0,0.0,0
639,2,10,2012,0,0,0,0,0,0,0,2,0,0,1.78,1.78,0.0,0.0,1.0,0.7142857142857143,0.75,0.927960727138336,1
530,5,7,2012,0,0,0,0,0,1,1,5,0,0,3.32,3.32,0.0,0.0,0.0,0.0,0.0,0.0,0
1410,3,12,2014,0,0,0,0,1,0,1,3,0,0,3.28,3.28,0.0,0.0,0.0,0.14285714285714285,0.10714285714285714,0.31497039417435635,0
590,2,9,2012,0,0,0,0,1,1,1,2,0,0,5.88,5.88,0.0,0.0,0.0,0.2857142857142857,0.10714285714285714,0.314970394174356,0
622,6,10,2012,0,0,0,0,0,1,1,6,0,0,4.48,4.48,0.0,0.0,0.0,0.14285714285714285,0.10714285714285714,0.314970394174356,0
1518,6,3,2015,0,0,0,0,0,0,0,6,0,0,,,,0.0,0.0,0.0,0.0,0.0,0
469,7,5,2012,0,0,0,0,0,1,1,7,1,0,1.98,1.98,0.0,1.0,5.0,3.7142857142857144,3.107142857142857,2.393498689959109,2
313,5,12,2011,0,0,0,0,1,1,0,5,0,0,,,,0.0,0.0,0.0,0.0,0.0,0
760,4,2,2013,0,0,0,0,0,0,0,4,0,0,,,,0.0,0.0,0.0,0.0,0.0,0
1504,6,3,2015,0,0,0,0,0,1,1,6,0,0,2.18,2.18,0.0,0.0,0.0,0.0,0.0,0.0,0
1766,2,11,2015,0,0,0,0,0,0,0,2,0,0,6.98,6.98,0.0,1.0,3.0,0.7142857142857143,1.1785714285714286,1.3622848842368156,1
1179,3,4,2014,0,0,0,0,0,0,0,3,0,0,6.97,6.97,0.0,0.0,1.0,0.2857142857142857,0.5714285714285714,0.8789122666607705,1
850,3,5,2013,12,3,0,0,0,0,0,3,0,1,,,,0.0,0.0,0.0,0.0,0.0,0
1528,2,4,2015,30,2,0,0,1,1,1,2,0,1,1.97,1.97,0.0,0.0,0.0,0.0,0.03571428571428571,0.18898223650461454,0
656,5,11,2012,0,0,0,0,0,0,1,5,0,0,,,,0.0,0.0,0.0,0.0,0.0,0
288,1,11,2011,0,0,0,0,0,1,1,1,1,0,1.98,1.98,0.0,2.0,2.0,1.4285714285714286,1.6428571428571428,1.419814430083385,0
1000,6,10,2013,0,0,0,0,0,0,0,6,0,0,4.88,4.88,0.0,0.0,0.0,0.5714285714285714,0.42857142857142855,0.634126487474228,0
1199,2,5,2014,11,2,0,0,0,1,1,2,0,1,,,,0.0,0.0,0.0,0.0,0.0,0
1081,3,1,2014,0,0,0,0,0,1,0,3,0,0,2.68,2.68,0.0,2.0,6.0,2.2857142857142856,2.142857142857143,1.819936623118873,4
835,2,5,2013,11,2,0,0,0,1,1,2,0,1,2.22,2.22,0.0,0.0,1.0,0.14285714285714285,0.35714285714285715,0.5587211398983505,0
824,5,5,2013,0,0,0,0,1,1,0,5,0,0,7.97,7.97,0.0,4.0,0.0,4.142857142857143,3.2142857142857144,1.6634890342878055,0
176,1,7,2011,0,0,0,0,0,0,0,1,1,0,0.5,0.5,0.0,8.0,2.0,8.142857142857142,5.428571428571429,7.125481511623398,9
839,6,5,2013,0,0,0,0,0,0,0,6,0,0,2.96,2.96,0.0,5.0,4.0,5.142857142857143,5.607142857142857,2.806596537976934,0
1197,7,5,2014,0,0,0,0,1,1,1,7,1,0,3.32,3.32,0.0,0.0,3.0,0.5714285714285714,1.7142857142857142,1.6297498753135888,2
1484,7,2,2015,0,0,0,0,0,0,0,7,1,0,3.33,3.33,0.0,0.0,0.0,0.14285714285714285,0.14285714285714285,0.3563483225499,0
1825,5,1,2016,0,0,0,0,0,0,0,5,0,0,3.94,3.94,0.0,1.0,1.0,2.4285714285714284,1.7857142857142858,1.4995590180707281,2
1529,3,4,2015,0,0,0,0,1,1,1,3,0,0,3.33,3.33,0.0,0.0,0.0,0.0,0.14285714285714285,0.59093684028528,0
1318,2,9,2014,0,0,0,0,1,1,0,2,0,0,8.96,8.96,0.0,0.0,0.0,0.7142857142857143,0.5,0.6382847385042263,0
1203,6,5,2014,0,0,0,0,0,1,1,6,0,0,,,,0.0,0.0,0.0,0.0,0.0,0
1340,3,9,2014,0,0,0,0,0,0,0,3,0,0,,,,0.0,0.0,0.0,0.0,0.0,0
1066,2,12,2013,0,0,0,0,0,0,0,2,0,0,3.98,3.98,0.0,12.0,2.0,5.285714285714286,5.035714285714286,6.466335288514824,0
1382,3,11,2014,0,0,0,0,1,0,0,3,0,0,2.98,2.98,0.0,0.0,0.0,0.14285714285714285,0.2857142857142857,0.4600437062282361,0
677,5,12,2012,0,0,0,0,1,1,1,5,0,0,5.88,5.88,0.0,0.0,0.0,0.0,0.07142857142857142,0.26226526415648105,0
95,4,5,2011,0,0,0,0,1,1,1,4,0,0,,,,0.0,0.0,0.0,0.0,0.0,0
1514,2,3,2015,0,0,0,0,0,0,0,2,0,0,2.88,2.88,0.0,4.0,6.0,1.7142857142857142,1.9642857142857142,1.5026431738561594,2
271,5,10,2011,0,0,0,0,0,0,0,5,0,0,,,,0.0,0.0,0.0,0.0,0.0,0
1181,5,4,2014,0,0,0,0,0,0,0,5,0,0,2.98,2.98,0.0,0.0,0.0,0.2857142857142857,0.32142857142857145,0.47559486560567094,0
832,6,5,2013,0,0,0,0,1,1,1,6,0,0,10.97,10.97,0.0,0.0,0.0,0.0,0.0,0.0,0
226,2,9,2011,0,0,0,0,0,1,1,2,0,0,5.97,5.97,0.0,0.0,0.0,0.0,0.14285714285714285,0.35634832254989923,0
539,7,7,2012,17,4,0,0,0,0,0,7,1,1,,,,0.0,0.0,0.0,0.0,0.0,0
981,1,10,2013,0,0,0,0,1,1,1,1,1,0,2.98,2.98,0.0,0.0,1.0,0.14285714285714285,0.21428571428571427,0.41785544701864114,1
33,5,3,2011,0,0,0,0,1,0,1,5,0,0,3.98,3.98,0.0,0.0,6.0,0.8571428571428571,2.6785714285714284,4.082968885582515,0
1649,4,8,2015,0,0,0,0,1,0,0,4,0,0,4.88,4.88,0.0,0.0,1.0,0.0,0.07142857142857142,0.26226526415649326,0
1782,4,12,2015,0,0,0,0,0,1,1,4,0,0,2.5,2.5,0.0,0.0,0.0,0.14285714285714285,0.07142857142857142,0.2622652641564813,0
347,4,1,2012,0,0,0,0,1,0,0,4,0,0,,,,0.0,0.0,0.0,0.0,0.0,0
1158,3,3,2014,0,0,0,0,0,0,0,3,0,0,,,,0.0,0.0,0.0,0.0,0.0,0
1619,2,7,2015,0,0,0,0,1,1,1,2,0,0,5.98,5.98,0.0,0.0,0.0,0.14285714285714285,0.17857142857142858,0.475594865605671,0
1762,5,11,2015,0,0,0,0,0,0,0,5,0,0,2.87,2.87,0.0,0.0,0.0,0.0,0.14285714285714285,0.3563483225498989,1
1360,2,10,2014,0,0,0,0,0,0,0,2,0,0,2.24,2.24,0.0,1.0,1.0,0.2857142857142857,0.39285714285714285,0.6288900106557944,0
118,6,5,2011,0,0,0,0,0,0,0,6,0,0,,,,0.0,0.0,0.0,0.0,0.0,0
1145,4,3,2014,0,0,0,0,0,0,0,4,0,0,2.78,2.78,0.0,0.0,0.0,0.42857142857142855,0.5357142857142857,0.8380817098475255,2
131,5,6,2011,0,0,0,0,1,0,1,5,0,0,,,,0.0,0.0,0.0,0.0,0.0,0
1719,4,10,2015,0,0,0,0,0,1,0,4,0,0,2.96,2.96,0.0,1.0,3.0,2.2857142857142856,1.6785714285714286,1.6789231872789985,0
423,3,3,2012,0,0,0,0,0,0,0,3,0,0,1.0,1.0,0.0,2.0,0.0,2.7142857142857144,3.6785714285714284,6.4638801065417395,0
1245,6,6,2014,0,0,0,0,0,0,0,6,0,0,7.97,7.97,0.0,1.0,0.0,0.5714285714285714,0.32142857142857145,0.47559486560567044,0
1073,2,1,2014,0,0,0,0,1,1,1,2,0,0,,,,0.0,0.0,0.0,0.0,0.0,0
204,1,8,2011,0,0,0,0,0,0,0,1,1,0,,,,0.0,0.0,0.0,0.0,0.0,0
1750,7,11,2015,0,0,0,0,0,1,0,7,1,0,8.96,8.96,0.0,0.0,0.0,0.5714285714285714,0.6785714285714286,0.9449111825230688,0
1729,7,10,2015,0,0,0,0,0,0,0,7,1,0,9.97,9.97,0.0,0.0,0.0,0.0,0.14285714285714285,0.5909368402852783,0
1199,2,5,2014,11,2,0,0,0,1,1,2,0,1,2.78,2.78,0.0,1.0,3.0,1.0,1.3214285714285714,1.0559731838827011,0
1196,6,5,2014,0,0,0,0,1,0,1,6,0,0,,,,0.0,0.0,0.0,0.0,0.0,0
507,3,6,2012,0,0,0,0,0,0,0,3,0,0,1.98,1.98,0.0,0.0,1.0,1.4285714285714286,1.8214285714285714,1.5647404572045454,1
628,5,10,2012,0,0,0,0,0,0,0,5,0,0,3.98,3.98,0.0,2.0,3.0,2.7142857142857144,2.7857142857142856,2.5871068190396933,4
1268,1,7,2014,0,0,0,0,0,0,0,1,1,0,5.97,5.97,0.0,3.0,1.0,1.0,0.6785714285714286,0.7723735149271066,0
1071,7,1,2014,0,0,0,0,1,1,1,7,1,0,4.24,4.24,0.0,0.0,0.0,0.42857142857142855,0.42857142857142855,0.6900655593423518,0
149,2,6,2011,0,0,0,0,0,0,0,2,0,0,0.97,0.97,0.0,2.0,0.0,0.42857142857142855,0.2857142857142857,0.5998236072282916,2
472,3,5,2012,0,0,0,0,0,0,1,3,0,0,9.88,9.88,0.0,0.0,0.0,0.42857142857142855,0.5357142857142857,0.7444681351359534,0
697,4,12,2012,25,3,0,0,0,0,0,4,0,1,1.78,1.78,0.0,0.0,1.0,1.5714285714285714,1.8571428571428572,1.9572143037204242,0
504,7,6,2012,0,0,0,0,0,1,1,7,1,0,2.0,2.0,0.0,11.0,10.0,10.857142857142858,7.857142857142857,3.7388281558311793,2
326,4,12,2011,0,0,0,0,0,0,0,4,0,0,,,,0.0,0.0,0.0,0.0,0.0,0
590,2,9,2012,0,0,0,0,1,1,1,2,0,0,,,,0.0,0.0,0.0,0.0,0.0,0
1119,6,2,2014,0,0,0,0,0,0,0,6,0,0,2.18,2.18,0.0,0.0,1.0,0.0,0.42857142857142855,0.7417981870189158,0
1028,6,11,2013,0,0,0,0,0,0,0,6,0,0,3.33,3.33,0.0,0.0,0.0,0.5714285714285714,0.5357142857142857,0.7444681351359532,1
485,2,5,2012,0,0,0,0,0,0,0,2,0,0,8.47,8.47,0.0,0.0,0.0,0.0,0.0,0.0,0
995,1,10,2013,0,0,0,0,0,0,0,1,1,0,3.98,3.98,0.0,1.0,3.0,1.0,1.1428571428571428,1.2387055882620133,1
1456,7,1,2015,0,0,0,0,0,0,0,7,1,0,3.48,3.48,0.0,0.0,2.0,0.0,0.10714285714285714,0.4162696521251623,0
1701,7,9,2015,0,0,0,0,0,0,0,7,1,0,3.32,3.32,0.0,2.0,3.0,0.7142857142857143,1.1071428571428572,1.257254083583676,1
996,2,10,2013,0,0,0,0,0,0,0,2,0,0,2.25,2.25,0.0,5.0,3.0,2.5714285714285716,3.392857142857143,1.7499055152119798,3
1110,4,2,2014,0,0,0,0,0,1,1,4,0,0,,,,0.0,0.0,0.0,0.0,0.0,0
342,6,1,2012,0,0,0,0,1,1,1,6,0,0,5.16,5.16,0.0,2.0,0.0,1.0,0.7857142857142857,0.9946949227868761,1
482,6,5,2012,0,0,0,0,0,0,0,6,0,0,3.98,3.98,0.0,1.0,1.0,0.7142857142857143,0.7857142857142857,0.9946949227868753,1
1252,6,7,2014,0,0,0,0,1,1,1,6,0,0,5.98,5.98,0.0,0.0,0.0,0.14285714285714285,0.14285714285714285,0.35634832254989945,0
94,3,5,2011,0,0,0,0,1,0,1,3,0,0,,,,0.0,0.0,0.0,0.0,0.0,0
287,7,11,2011,23,3,0,0,0,1,1,7,1,1,2.88,2.88,0.0,0.0,0.0,0.0,0.0,0.0,0
329,7,12,2011,0,0,0,0,0,0,0,7,1,0,,,,0.0,0.0,0.0,0.0,0.0,0
1065,1,12,2013,0,0,0,0,0,0,0,1,1,0,4.88,4.88,0.0,0.0,0.0,0.5714285714285714,0.5,1.0,1
114,2,5,2011,0,0,0,0,0,0,0,2,0,0,11.97,11.97,0.0,0.0,0.0,0.0,0.0,0.0,0
1420,6,12,2014,0,0,0,0,0,0,0,6,0,0,2.98,2.98,0.0,0.0,0.0,0.0,0.10714285714285714,0.31497039417435646,0
1348,4,10,2014,0,0,0,0,1,1,0,4,0,0,2.96,2.96,0.0,0.0,0.0,1.7142857142857142,1.7142857142857142,1.718249385968441,5
489,6,5,2012,0,0,0,0,0,0,0,6,0,0,1.38,1.38,0.0,1.0,1.0,1.7142857142857142,1.3571428571428572,1.4710612373457372,1
1415,1,12,2014,0,0,0,0,0,1,0,1,1,0,2.28,2.28,0.0,1.0,1.0,0.14285714285714285,0.32142857142857145,0.6696362433535478,0
489,6,5,2012,0,0,0,0,0,0,0,6,0,0,5.98,5.98,0.0,0.0,0.0,0.14285714285714285,0.03571428571428571,0.1889822365046142,2
117,5,5,2011,0,0,0,0,0,0,0,5,0,0,6.97,6.97,0.0,0.0,0.0,0.0,0.14285714285714285,0.3563483225498993,0
718,4,1,2013,0,0,0,0,0,1,1,4,0,0,,,,0.0,0.0,0.0,0.0,0.0,0
1507,2,3,2015,0,0,0,0,0,1,1,2,0,0,1.97,1.97,0.0,0.0,0.0,0.0,0.07142857142857142,0.2622652641564817,0
1328,5,9,2014,0,0,0,0,0,0,0,5,0,0,2.0,2.0,0.0,0.0,1.0,2.857142857142857,2.0714285714285716,2.355899944875537,0
988,1,10,2013,0,0,0,0,0,1,1,1,1,0,1.47,1.47,0.0,0.0,0.0,0.0,0.0,0.0,0
188,6,8,2011,0,0,0,0,1,0,0,6,0,0,,,,0.0,0.0,0.0,0.0,0.0,0
1035,6,11,2013,24,3,0,0,0,0,0,6,0,1,2.96,2.96,0.0,3.0,4.0,5.428571428571429,4.821428571428571,2.524745259296194,0
587,6,9,2012,0,0,0,0,1,1,1,6,0,0,3.67,3.67,0.0,0.0,0.0,2.2857142857142856,1.5714285714285714,1.230133128253811,0
1797,5,12,2015,0,0,0,0,0,0,0,5,0,0,2.78,2.78,0.0,1.0,2.0,1.1428571428571428,2.0357142857142856,1.5981967351464588,0
85,1,4,2011,0,0,0,0,0,0,0,1,1,0,3.98,3.98,0.0,1.0,1.0,0.8571428571428571,1.1785714285714286,1.3067792306552617,7
1583,1,5,2015,0,0,0,0,0,0,0,1,1,0,4.88,4.88,0.0,1.0,1.0,1.1428571428571428,1.1785714285714286,1.020296668133975,5
301,7,11,2011,0,0,0,0,0,0,0,7,1,0,,,,0.0,0.0,0.0,0.0,0.0,0
1632,1,7,2015,18,4,0,0,0,0,0,1,1,1,1.98,1.98,0.0,7.0,1.0,3.7142857142857144,3.892857142857143,2.910253720825165,6
127,1,6,2011,0,0,0,0,1,0,0,1,1,0,,,,0.0,0.0,0.0,0.0,0.0,0
285,5,11,2011,0,0,0,0,1,1,1,5,0,0,,,,0.0,0.0,0.0,0.0,0.0,0
1700,6,9,2015,22,4,0,0,0,0,0,6,0,1,3.94,3.94,0.0,2.0,1.0,0.42857142857142855,0.42857142857142855,0.6900655593423537,0
215,5,8,2011,18,4,0,0,0,0,0,5,0,1,,,,0.0,0.0,0.0,0.0,0.0,0
1114,1,2,2014,0,0,0,0,0,1,1,1,1,0,,,,0.0,0.0,0.0,0.0,0.0,0
634,4,10,2012,0,0,0,0,0,0,0,4,0,0,1.97,1.97,0.0,0.0,0.0,0.14285714285714285,0.25,0.44095855184409843,0
1129,2,3,2014,0,0,0,0,1,0,1,2,0,0,5.97,5.97,0.0,0.0,0.0,0.0,0.25,0.5853140973807164,0
1278,4,7,2014,18,4,0,0,0,0,0,4,0,1,3.48,3.48,0.0,0.0,1.0,0.0,0.4642857142857143,0.6929348671835832,0
1567,6,5,2015,0,0,0,0,0,0,1,6,0,0,2.42,2.42,0.0,1.0,1.0,0.42857142857142855,0.42857142857142855,0.5727497953228063,0
423,3,3,2012,0,0,0,0,0,0,0,3,0,0,1.98,1.98,0.0,0.0,0.0,0.0,0.0,0.0,0
1015,7,11,2013,0,0,0,0,1,0,1,7,1,0,3.88,3.88,0.0,4.0,3.0,3.5714285714285716,2.4285714285714284,1.573591584938884,0
14,7,2,2011,0,0,0,0,0,1,1,7,1,0,6.97,6.97,0.0,1.0,,0.42857142857142855,,,1
1805,6,1,2016,28,4,0,0,1,1,0,6,0,1,4.5,4.5,0.0,0.0,0.0,0.14285714285714285,0.03571428571428571,0.18898223650461377,0
579,5,8,2012,0,0,0,0,0,0,0,5,0,0,2.73,2.73,0.0,1.0,1.0,0.14285714285714285,0.25,0.44095855184409827,1
1480,3,2,2015,3,3,0,0,0,0,0,3,0,1,2.78,2.78,0.0,0.0,0.0,0.0,0.0,0.0,0
1769,5,12,2015,0,0,0,0,1,0,1,5,0,0,5.94,5.94,0.0,0.0,0.0,0.0,0.0,0.0,0
1585,3,6,2015,0,0,0,0,1,1,0,3,0,0,4.87,4.87,0.0,0.0,0.0,0.42857142857142855,0.39285714285714285,0.7373267889143807,0
72,2,4,2011,0,0,0,0,1,0,0,2,0,0,,,,0.0,0.0,0.0,0.0,0.0,0
37,2,3,2011,0,0,0,0,1,1,1,2,0,0,,,,0.0,0.0,0.0,0.0,0.0,0
904,1,7,2013,0,0,0,0,0,0,0,1,1,0,2.48,2.48,0.0,0.0,5.0,1.7142857142857142,3.2857142857142856,3.857240837477855,0
1502,4,3,2015,0,0,0,0,1,0,0,4,0,0,1.96,1.96,0.0,3.0,3.0,3.142857142857143,1.6428571428571428,1.6150744900671528,1
988,1,10,2013,0,0,0,0,0,1,1,1,1,0,,,,0.0,0.0,0.0,0.0,0.0,0
1003,2,10,2013,0,0,0,0,0,0,0,2,0,0,10.97,10.97,0.0,0.0,0.0,0.0,0.0,0.0,0
1427,6,12,2014,25,3,0,0,0,0,0,6,0,1,2.48,2.48,0.0,8.0,7.0,5.571428571428571,3.4285714285714284,2.898640440295483,0
983,3,10,2013,0,0,0,0,1,1,0,3,0,0,9.88,9.88,0.0,0.0,0.0,0.5714285714285714,0.7857142857142857,1.1007452982594164,1
353,3,1,2012,29,3,0,0,0,0,0,3,0,1,5.16,5.16,0.0,0.0,0.0,0.2857142857142857,0.5,0.7453559924999298,0
1090,5,1,2014,0,0,0,0,0,0,0,5,0,0,1.48,1.48,0.0,0.0,0.0,0.14285714285714285,0.21428571428571427,0.568112068830886,0
83,6,4,2011,0,0,0,0,0,0,0,6,0,0,5.47,5.47,0.0,0.0,0.0,0.0,0.39285714285714285,0.6852566815265061,1
34,6,3,2011,0,0,0,0,1,1,1,6,0,0,7.97,7.97,0.0,4.0,1.0,5.0,4.107142857142857,2.5435362626816858,3
1479,2,2,2015,0,0,0,0,0,1,1,2,0,0,1.98,1.98,0.0,0.0,0.0,0.42857142857142855,0.35714285714285715,0.8698354767504948,0
1356,5,10,2014,0,0,0,0,0,1,1,5,0,0,7.98,7.98,0.0,3.0,1.0,1.5714285714285714,1.0357142857142858,1.104943198042086,1
1504,6,3,2015,0,0,0,0,0,1,1,6,0,0,2.0,2.0,0.0,2.0,3.0,0.7142857142857143,0.7857142857142857,1.0665674557036422,0
1268,1,7,2014,0,0,0,0,0,0,0,1,1,0,3.48,3.48,0.0,3.0,0.0,1.2857142857142858,0.6428571428571429,0.9511897312113431,1
1521,2,3,2015,0,0,0,0,0,0,0,2,0,0,2.24,2.24,0.0,0.0,0.0,0.2857142857142857,0.07142857142857142,0.2622652641564818,2
515,4,6,2012,0,0,0,0,0,0,0,4,0,0,2.5,2.5,0.0,0.0,0.0,0.0,0.0,0.0,0
996,2,10,2013,0,0,0,0,0,0,0,2,0,0,2.98,2.98,0.0,0.0,1.0,0.42857142857142855,0.8214285714285714,1.1880133254200738,1
1275,1,7,2014,0,0,0,0,0,0,0,1,1,0,6.97,6.97,0.0,0.0,0.0,0.0,0.0,0.0,0
1320,4,9,2014,0,0,0,0,1,1,1,4,0,0,1.68,1.68,0.0,81.0,108.0,84.0,87.42857142857143,19.095139136029886,72
1724,2,10,2015,0,0,0,0,0,0,0,2,0,0,1.78,1.78,0.0,1.0,1.0,2.142857142857143,2.5714285714285716,2.234884559593402,2
784,7,3,2013,0,0,0,0,0,0,0,7,1,0,3.33,3.33,0.0,0.0,0.0,1.0,0.6785714285714286,0.9449111825230702,0
221,4,9,2011,0,0,0,0,1,1,1,4,0,0,,,,0.0,0.0,0.0,0.0,0.0,0
1495,4,3,2015,0,0,0,0,1,1,1,4,0,0,1.96,1.96,0.0,0.0,1.0,1.4285714285714286,1.6071428571428572,1.5477411429249759,3
12,5,2,2011,0,0,0,0,1,1,1,5,0,0,2.28,2.28,0.0,0.0,,2.0,,,0
1511,6,3,2015,0,0,0,0,0,0,0,6,0,0,5.24,5.24,0.0,1.0,1.0,0.2857142857142857,0.5,0.6382847385042265,0
1786,1,12,2015,0,0,0,0,0,0,0,1,1,0,3.98,3.98,0.0,2.0,1.0,1.4285714285714286,1.0357142857142858,0.881166855059262,0
1393,7,11,2014,0,0,0,0,0,0,0,7,1,0,1.74,1.74,0.0,0.0,0.0,0.0,0.0,0.0,0
792,1,3,2013,0,0,0,0,0,0,0,1,1,0,5.27,5.27,0.0,0.0,0.0,0.42857142857142855,0.17857142857142858,0.47559486560567066,1
1380,1,11,2014,0,0,0,0,1,0,1,1,1,0,2.42,2.42,0.0,1.0,0.0,1.2857142857142858,0.8928571428571429,0.8751417118804291,2
951,6,9,2013,0,0,0,0,1,1,1,6,0,0,0.54,0.54,0.0,2.0,0.0,0.8571428571428571,0.8214285714285714,1.6567163289800102,12
664,6,11,2012,24,3,0,0,0,0,0,6,0,1,3.68,3.68,0.0,0.0,10.0,0.7142857142857143,2.25,2.518450434809585,1
1492,1,2,2015,0,0,0,0,0,0,0,1,1,0,2.88,2.88,0.0,1.0,3.0,1.5714285714285714,1.1428571428571428,1.2387055882620095,0
775,5,3,2013,0,0,0,0,0,1,0,5,0,0,3.33,3.33,0.0,0.0,1.0,0.42857142857142855,0.5714285714285714,0.8789122666607726,0
1057,7,12,2013,0,0,0,0,0,0,0,7,1,0,5.27,5.27,0.0,0.0,0.0,0.14285714285714285,0.32142857142857145,0.6696362433535823,1
681,2,12,2012,0,0,0,0,1,1,1,2,0,0,3.98,3.98,0.0,16.0,2.0,7.571428571428571,3.7857142857142856,4.589498018682661,5
1175,6,4,2014,0,0,0,0,0,0,0,6,0,0,4.97,4.97,0.0,0.0,0.0,0.14285714285714285,0.03571428571428571,0.18898223650461396,0
1354,3,10,2014,20,3,0,0,0,1,0,3,0,1,1.68,1.68,0.0,86.0,87.0,79.71428571428571,73.28571428571429,14.4526228373367,74
296,2,11,2011,0,0,0,0,0,0,0,2,0,0,,,,0.0,0.0,0.0,0.0,0.0,0
120,1,5,2011,0,0,0,0,0,0,0,1,1,0,4.27,4.27,0.0,0.0,0.0,0.0,0.0,0.0,0
1547,7,4,2015,0,0,0,0,0,0,0,7,1,0,3.97,3.97,0.0,2.0,0.0,0.42857142857142855,0.39285714285714285,0.6852566815265065,0
901,5,7,2013,0,0,0,0,0,0,0,5,0,0,2.22,2.22,0.0,1.0,0.0,0.2857142857142857,0.35714285714285715,0.8261595987094034,1
1593,4,6,2015,0,0,0,0,1,1,1,4,0,0,1.96,1.96,0.0,3.0,1.0,1.2857142857142858,1.5357142857142858,1.2317450089997444,0
577,3,8,2012,0,0,0,0,0,0,0,3,0,0,2.5,2.5,0.0,0.0,0.0,0.8571428571428571,1.1428571428571428,1.112697280528374,1
119,7,5,2011,0,0,0,0,0,0,0,7,1,0,,,,0.0,0.0,0.0,0.0,0.0,0
481,5,5,2012,0,0,0,0,0,0,0,5,0,0,,,,0.0,0.0,0.0,0.0,0.0,0
584,3,9,2012,19,3,0,0,1,1,1,3,0,1,,,,0.0,0.0,0.0,0.0,0.0,0
1201,4,5,2014,0,0,0,0,0,1,0,4,0,0,2.98,2.98,0.0,1.0,3.0,2.2857142857142856,2.642857142857143,2.058663459163552,0
1313,4,9,2014,0,0,0,0,1,0,1,4,0,0,6.97,6.97,0.0,0.0,0.0,0.0,0.0,0.0,0
38,3,3,2011,0,0,0,0,1,1,0,3,0,0,3.98,3.98,0.0,3.0,0.0,1.2857142857142858,1.2142857142857142,1.5481684006675105,3
1565,4,5,2015,0,0,0,0,0,1,1,4,0,0,5.64,5.64,0.0,1.0,0.0,0.5714285714285714,0.4642857142857143,0.744468135135953,0
800,2,4,2013,0,0,0,0,1,1,0,2,0,0,,,,0.0,0.0,0.0,0.0,0.0,0
1517,5,3,2015,0,0,0,0,0,0,0,5,0,0,3.98,3.98,0.0,0.0,0.0,0.14285714285714285,0.07142857142857142,0.2622652641564812,0
1204,7,5,2014,0,0,0,0,0,0,0,7,1,0,1.18,1.18,0.0,0.0,3.0,0.0,0.8214285714285714,1.2488089563755569,0
731,3,1,2013,0,0,0,0,0,0,0,3,0,0,2.22,2.22,0.0,0.0,0.0,0.2857142857142857,0.07142857142857142,0.3779644730092272,1
1580,5,5,2015,0,0,0,0,0,0,0,5,0,0,2.5,2.5,0.0,0.0,1.0,0.0,0.10714285714285714,0.3149703941743575,0
1649,4,8,2015,0,0,0,0,1,0,0,4,0,0,7.97,7.97,0.0,4.0,7.0,3.142857142857143,3.107142857142857,1.8326116905841325,0
482,6,5,2012,0,0,0,0,0,0,0,6,0,0,5.96,5.96,0.0,2.0,0.0,1.8571428571428572,2.0714285714285716,1.3032316365146681,0
829,3,5,2013,0,0,0,0,1,1,1,3,0,0,,,,0.0,0.0,0.0,0.0,0.0,0
536,4,7,2012,0,0,0,0,0,0,0,4,0,0,,,,0.0,0.0,0.0,0.0,0.0,0
1037,1,11,2013,0,0,0,0,0,0,0,1,1,0,1.88,1.88,0.0,0.0,0.0,0.14285714285714285,0.6071428571428571,0.7859547491585421,1
193,4,8,2011,0,0,0,0,1,1,1,4,0,0,,,,0.0,0.0,0.0,0.0,0.0,0
1657,5,8,2015,0,0,0,0,0,1,1,5,0,0,3.97,3.97,0.0,0.0,0.0,0.14285714285714285,0.39285714285714285,0.7859547491585511,0
1653,1,8,2015,0,0,0,0,1,0,1,1,1,0,6.98,6.98,0.0,2.0,0.0,1.7142857142857142,0.9285714285714286,1.0157490003667415,1
1029,7,11,2013,0,0,0,0,0,0,0,7,1,0,6.96,6.96,0.0,2.0,0.0,0.42857142857142855,0.8571428571428571,1.0440053112638348,0
128,2,6,2011,0,0,0,0,1,1,1,2,0,0,1.88,1.88,0.0,1.0,0.0,2.7142857142857144,0.8571428571428571,1.4327979804948265,0
1167,5,4,2014,0,0,0,0,1,1,1,5,0,0,,,,0.0,0.0,0.0,0.0,0.0,0
213,3,8,2011,0,0,0,0,0,0,0,3,0,0,,,,0.0,0.0,0.0,0.0,0.0,0
576,2,8,2012,0,0,0,0,0,0,0,2,0,0,0.2,0.2,0.0,7.0,0.0,9.714285714285714,10.321428571428571,9.790598557076072,5
1006,5,10,2013,0,0,0,0,0,0,0,5,0,0,2.48,2.48,0.0,0.0,5.0,1.0,0.75,1.3505828645714704,0
744,2,2,2013,0,0,0,0,1,0,0,2,0,0,,,,0.0,0.0,0.0,0.0,0.0,0
1039,3,12,2013,0,0,0,0,1,0,1,3,0,0,2.88,2.88,0.0,0.0,2.0,0.8571428571428571,1.0714285714285714,1.3858697343671658,2
1026,4,11,2013,0,0,0,0,0,0,0,4,0,0,1.0,1.0,0.0,0.0,1.0,3.142857142857143,2.0714285714285716,2.1069298609952463,0
1543,3,4,2015,0,0,0,0,0,0,0,3,0,0,0.94,0.94,0.0,0.0,6.0,0.0,2.4285714285714284,3.8531235182072616,0
935,4,8,2013,0,0,0,0,0,0,0,4,0,0,,,,0.0,0.0,0.0,0.0,0.0,0
960,1,9,2013,0,0,0,0,0,0,1,1,1,0,5.97,5.97,0.0,1.0,4.0,0.42857142857142855,1.25,1.0408329997330683,2
1718,3,10,2015,20,3,0,0,0,1,1,3,0,1,4.23,4.23,0.0,0.0,0.0,0.5714285714285714,0.9285714285714286,1.0515798142890087,2
824,5,5,2013,0,0,0,0,1,1,0,5,0,0,3.97,3.97,0.0,0.0,1.0,0.14285714285714285,0.7857142857142857,0.9172076325837252,1
1460,4,1,2015,0,0,0,0,0,0,0,4,0,0,2.72,2.72,0.0,2.0,6.0,1.2857142857142858,2.0,1.515353521887315,0
1846,5,2,2016,5,4,0,0,0,0,0,5,0,1,8.98,8.98,0.0,0.0,2.0,1.2857142857142858,1.25,1.3777329741819155,1
376,5,2,2012,0,0,0,0,1,0,1,5,0,0,6.97,6.97,0.0,0.0,0.0,0.0,0.0,0.0,0
970,4,9,2013,0,0,0,0,0,0,0,4,0,0,2.5,2.5,0.0,0.0,0.0,0.0,0.8571428571428571,1.380131118684708,0
1633,2,7,2015,0,0,0,0,0,0,0,2,0,0,6.42,6.42,0.0,0.0,0.0,0.14285714285714285,0.25,0.6454972243679026,0
126,7,6,2011,0,0,0,0,1,1,1,7,1,0,,,,0.0,0.0,0.0,0.0,0.0,0
1632,1,7,2015,18,4,0,0,0,0,0,1,1,1,5.97,5.97,0.0,1.0,0.0,0.14285714285714285,0.10714285714285714,0.3149703941743569,0
1585,3,6,2015,0,0,0,0,1,1,0,3,0,0,1.74,1.74,0.0,0.0,2.0,0.5714285714285714,1.0,1.3333333333333353,1
1130,3,3,2014,0,0,0,0,1,1,1,3,0,0,1.0,1.0,0.0,12.0,1.0,8.0,6.75,6.263503930028421,9
1677,4,9,2015,0,0,0,0,1,1,0,4,0,0,0.57,0.57,0.0,0.0,0.0,0.0,0.0,0.0,0
1364,6,10,2014,0,0,0,0,0,0,0,6,0,0,2.5,2.5,0.0,1.0,2.0,1.4285714285714286,1.6785714285714286,1.3622848842368147,1
918,1,8,2013,0,0,0,0,1,1,1,1,1,0,,,,0.0,0.0,0.0,0.0,0.0,0
1434,6,1,2015,27,3,0,0,1,1,0,6,0,1,2.98,2.98,0.0,0.0,0.0,0.0,0.03571428571428571,0.18898223650461363,0
1135,1,3,2014,0,0,0,0,1,0,1,1,1,0,4.88,4.88,0.0,0.0,1.0,0.5714285714285714,0.39285714285714285,0.5669467095138412,2
336,7,12,2011,0,0,0,0,0,0,0,7,1,0,2.24,2.24,0.0,0.0,3.0,0.8571428571428571,1.4642857142857142,1.3738872361173375,0
1487,3,2,2015,0,0,0,0,0,0,0,3,0,0,1.0,1.0,0.0,7.0,5.0,7.285714285714286,5.178571428571429,5.584725010164196,3
1824,4,1,2016,0,0,0,0,0,0,0,4,0,0,1.68,1.68,0.0,2.0,6.0,4.285714285714286,5.464285714285714,2.4264307403192285,4
408,2,3,2012,0,0,0,0,0,1,1,2,0,0,1.5,1.5,0.0,0.0,4.0,2.2857142857142856,2.7857142857142856,2.4397501823713315,4
1312,3,9,2014,19,3,0,0,1,1,0,3,0,1,7.47,7.47,0.0,0.0,0.0,0.0,0.03571428571428571,0.18898223650461363,0
970,4,9,2013,0,0,0,0,0,0,0,4,0,0,3.33,3.33,0.0,0.0,0.0,0.2857142857142857,0.14285714285714285,0.4483951394230329,0
1313,4,9,2014,0,0,0,0,1,0,1,4,0,0,6.96,6.96,0.0,1.0,2.0,2.142857142857143,2.5357142857142856,1.5026431738561596,2
983,3,10,2013,0,0,0,0,1,1,0,3,0,0,2.98,2.98,0.0,6.0,0.0,2.5714285714285716,1.3214285714285714,1.6342077348473545,5
1173,4,4,2014,0,0,0,0,0,1,1,4,0,0,,,,0.0,0.0,0.0,0.0,0.0,0
1537,4,4,2015,0,0,0,0,0,0,1,4,0,0,3.48,3.48,0.0,3.0,0.0,0.8571428571428571,1.3214285714285714,1.3892063129334546,2
302,1,11,2011,0,0,0,0,0,0,0,1,1,0,5.97,5.97,0.0,2.0,1.0,1.2857142857142858,1.1785714285714286,1.0202966681339762,0
1291,3,8,2014,0,0,0,0,0,1,1,3,0,0,3.98,3.98,0.0,0.0,1.0,1.5714285714285714,0.9642857142857143,1.2317450089997393,0
719,5,1,2013,0,0,0,0,0,0,0,5,0,0,1.97,1.97,0.0,0.0,0.0,0.42857142857142855,0.2857142857142857,0.5345224838248488,0
145,5,6,2011,0,0,0,0,0,0,0,5,0,0,4.5,4.5,0.0,1.0,0.0,0.42857142857142855,0.6785714285714286,0.818923024853325,0
628,5,10,2012,0,0,0,0,0,0,0,5,0,0,,,,0.0,0.0,0.0,0.0,0.0,0
1816,3,1,2016,29,3,0,0,0,0,0,3,0,1,0.94,0.94,0.0,0.0,0.0,0.8571428571428571,0.6428571428571429,1.947729651068551,1
364,7,1,2012,0,0,0,0,0,0,0,7,1,0,4.66,4.66,0.0,1.0,3.0,0.42857142857142855,0.5,0.8819171036881962,1
1216,5,5,2014,0,0,0,0,0,0,0,5,0,0,5.98,5.98,0.0,0.0,1.0,1.2857142857142858,1.0,1.5634719199411446,0
1206,2,5,2014,0,0,0,0,0,0,0,2,0,0,,,,0.0,0.0,0.0,0.0,0.0,0
832,6,5,2013,0,0,0,0,1,1,1,6,0,0,7.97,7.97,0.0,0.0,0.0,0.14285714285714285,0.42857142857142855,0.5727497953228166,0
1441,6,1,2015,0,0,0,0,1,0,1,6,0,0,4.88,4.88,0.0,0.0,0.0,0.42857142857142855,0.6785714285714286,1.1880133254200735,1
1548,1,4,2015,0,0,0,0,0,0,0,1,1,0,1.68,1.68,0.0,8.0,4.0,5.285714285714286,4.785714285714286,2.2337005147105047,4
837,4,5,2013,0,0,0,0,0,0,1,4,0,0,9.88,9.88,0.0,1.0,4.0,2.4285714285714284,1.2142857142857142,1.343217333208891,3
1588,6,6,2015,13,1,0,0,1,0,0,6,0,1,3.48,3.48,0.0,1.0,0.0,0.8571428571428571,0.5714285714285714,0.7417981870189173,0
144,4,6,2011,0,0,0,0,0,0,0,4,0,0,,,,0.0,0.0,0.0,0.0,0.0,0
1780,2,12,2015,0,0,0,0,0,1,0,2,0,0,1.38,1.38,0.0,0.0,0.0,0.0,0.0,0.0,0
378,7,2,2012,0,0,0,0,1,0,0,7,1,0,1.0,1.0,0.0,0.0,10.0,5.0,4.928571428571429,3.463337840105834,9
17,3,2,2011,2,2,0,0,0,0,1,3,0,1,,,,0.0,,0.0,,,0
912,2,7,2013,0,0,0,0,0,0,0,2,0,0,,,,0.0,0.0,0.0,0.0,0.0,0
233,2,9,2011,0,0,0,0,0,0,0,2,0,0,2.0,2.0,0.0,1.0,1.0,1.0,0.42857142857142855,0.7901510136288028,0
1709,1,10,2015,0,0,0,0,1,1,1,1,1,0,3.33,3.33,0.0,0.0,1.0,0.8571428571428571,0.9285714285714286,1.1524071884721685,1
749,7,2,2013,0,0,0,0,0,1,1,7,1,0,6.48,6.48,0.0,6.0,9.0,4.142857142857143,4.678571428571429,2.829128532599441,3
1266,6,7,2014,0,0,0,0,0,0,0,6,0,0,2.0,2.0,0.0,6.0,2.0,4.571428571428571,4.714285714285714,2.8655959609896335,4
403,4,3,2012,0,0,0,0,1,1,1,4,0,0,6.97,6.97,0.0,0.0,1.0,0.2857142857142857,0.8214285714285714,0.8189230248533252,1
742,7,2,2013,0,0,0,0,1,0,1,7,1,0,3.68,3.68,0.0,0.0,0.0,0.0,0.8571428571428571,1.4835963740378297,0
874,6,6,2013,14,1,0,0,0,0,0,6,0,1,8.98,8.98,0.0,2.0,0.0,0.5714285714285714,0.7857142857142857,1.0312575156051293,1
560,7,8,2012,0,0,0,0,1,0,0,7,1,0,0.5,0.5,0.0,0.0,3.0,0.0,1.5,2.285218200133679,0
1790,5,12,2015,0,0,0,0,0,0,0,5,0,0,0.97,0.97,0.0,2.0,4.0,2.142857142857143,5.214285714285714,3.0472470011002213,0
424,4,3,2012,0,0,0,0,0,0,0,4,0,0,,,,0.0,0.0,0.0,0.0,0.0,0
281,1,11,2011,0,0,0,0,1,1,1,1,1,0,4.98,4.98,0.0,0.0,1.0,0.5714285714285714,0.4642857142857143,0.6929348671835831,1
344,1,1,2012,28,4,0,0,1,1,0,1,1,1,2.97,2.97,0.0,1.0,0.0,0.42857142857142855,0.10714285714285714,0.31497039417435574,1
1623,6,7,2015,0,0,0,0,1,1,1,6,0,0,2.96,2.96,0.0,4.0,0.0,1.5714285714285714,1.1785714285714286,1.334820599086648,3
1066,2,12,2013,0,0,0,0,0,0,0,2,0,0,3.38,3.38,0.0,0.0,3.0,0.5714285714285714,0.7857142857142857,0.8325393042503704,1
1823,3,1,2016,0,0,0,0,0,0,0,3,0,0,1.54,1.54,0.0,0.0,0.0,0.2857142857142857,0.25,0.700528900717748,0
799,1,4,2013,0,0,0,0,1,1,1,1,1,0,2.94,2.94,0.0,0.0,1.0,0.5714285714285714,0.4642857142857143,0.6372477195601844,0
787,3,3,2013,0,0,0,0,0,0,0,3,0,0,2.68,2.68,0.0,2.0,0.0,0.2857142857142857,0.35714285714285715,0.6784669927988092,0
214,4,8,2011,0,0,0,0,0,0,0,4,0,0,6.87,,,0.0,0.0,0.0,0.0,0.0,0
985,5,10,2013,0,0,0,0,1,1,1,5,0,0,5.98,5.98,0.0,1.0,0.0,0.42857142857142855,0.17857142857142858,0.3900210277874801,0
447,6,4,2012,0,0,0,0,0,0,0,6,0,0,5.16,5.16,0.0,0.0,0.0,0.7142857142857143,0.35714285714285715,0.6784669927988101,0
865,4,6,2013,0,0,0,0,0,1,1,4,0,0,6.97,6.97,0.0,0.0,0.0,0.42857142857142855,0.5357142857142857,0.6929348671835837,0
822,3,4,2013,0,0,0,0,0,0,0,3,0,0,1.74,1.74,0.0,0.0,1.0,2.5714285714285716,1.3214285714285714,2.389073451711345,2
479,3,5,2012,0,0,0,0,0,0,0,3,0,0,3.98,3.98,0.0,1.0,0.0,1.8571428571428572,1.75,1.5061601901917736,4
269,3,10,2011,0,0,0,0,0,0,0,3,0,0,5.97,5.97,0.0,0.0,0.0,0.0,0.25,0.5181877251716008,0
219,2,9,2011,0,0,0,0,1,0,0,2,0,0,,,,0.0,0.0,0.0,0.0,0.0,0
327,5,12,2011,0,0,0,0,0,0,0,5,0,0,,,,0.0,0.0,0.0,0.0,0.0,0
1584,2,5,2015,0,0,0,0,0,0,0,2,0,0,3.97,3.97,0.0,0.0,1.0,0.14285714285714285,0.17857142857142858,0.47559486560567127,0
837,4,5,2013,0,0,0,0,0,0,1,4,0,0,7.88,7.88,0.0,3.0,0.0,1.1428571428571428,0.7857142857142857,1.1007452982594164,0
1618,1,7,2015,16,3,0,0,1,0,0,1,1,1,2.48,2.48,0.0,0.0,1.0,0.14285714285714285,0.8214285714285714,1.0559731838827007,0
353,3,1,2012,29,3,0,0,0,0,0,3,0,1,,,,0.0,0.0,0.0,0.0,0.0,0
1776,5,12,2015,0,0,0,0,1,1,1,5,0,0,1.88,1.88,0.0,0.0,0.0,2.142857142857143,2.107142857142857,1.9310194144119783,0
1155,7,3,2014,0,0,0,0,0,0,0,7,1,0,3.98,3.98,0.0,1.0,1.0,1.0,1.1785714285714286,1.5647404572045485,1
127,1,6,2011,0,0,0,0,1,0,0,1,1,0,,,,0.0,0.0,0.0,0.0,0.0,0
851,4,5,2013,0,0,0,0,0,0,0,4,0,0,3.98,3.98,0.0,2.0,0.0,1.0,0.8214285714285714,0.7723735149271024,0
624,1,10,2012,0,0,0,0,0,1,0,1,1,0,1.88,1.88,0.0,0.0,8.0,2.0,2.892857142857143,2.0609110842912433,2
1543,3,4,2015,0,0,0,0,0,0,0,3,0,0,2.88,2.88,0.0,2.0,0.0,3.4285714285714284,2.75,1.7132382161232458,3
54,5,3,2011,0,0,0,0,0,0,0,5,0,0,3.18,3.18,0.0,0.0,0.0,0.0,0.0,0.0,0
593,5,9,2012,0,0,0,0,0,1,1,5,0,0,,,,0.0,0.0,0.0,0.0,0.0,0
1276,2,7,2014,0,0,0,0,0,0,0,2,0,0,6.13,6.13,0.0,0.0,0.0,0.0,0.03571428571428571,0.1889822365046133,0
304,3,11,2011,0,0,0,0,0,0,0,3,0,0,1.98,1.98,0.0,0.0,0.0,0.0,0.10714285714285714,0.31497039417435607,0
1396,3,11,2014,0,0,0,0,0,0,0,3,0,0,6.42,6.42,0.0,0.0,0.0,0.7142857142857143,0.4642857142857143,0.7444681351359534,1
1535,2,4,2015,8,4,0,0,0,1,1,2,0,1,3.33,3.33,0.0,1.0,2.0,0.8571428571428571,0.6785714285714286,0.9048663264720748,1
824,5,5,2013,0,0,0,0,1,1,0,5,0,0,2.94,2.94,0.0,0.0,3.0,3.7142857142857144,3.25,2.8883546514568796,1
650,6,11,2012,0,0,0,0,1,0,1,6,0,0,5.98,5.98,0.0,0.0,0.0,0.2857142857142857,0.17857142857142858,0.3900210277874802,0
1617,7,7,2015,0,0,0,0,1,1,1,7,1,0,2.96,2.96,0.0,1.0,1.0,1.1428571428571428,1.1785714285714286,1.2488089563755602,2
855,1,6,2013,0,0,0,0,1,1,0,1,1,0,0.88,0.88,0.0,0.0,0.0,0.0,0.0,0.0,0
561,1,8,2012,0,0,0,0,0,1,1,1,1,0,5.16,5.16,0.0,2.0,1.0,0.42857142857142855,0.5,0.8388704928078612,1
1673,7,8,2015,0,0,0,0,0,0,0,7,1,0,1.88,1.88,0.0,2.0,1.0,2.7142857142857144,2.25,2.0838888148345616,2
1344,7,10,2014,0,0,0,0,1,1,1,7,1,0,12.78,12.78,0.0,0.0,0.0,0.0,0.10714285714285714,0.31497039417435535,0
71,1,4,2011,0,0,0,0,1,1,1,1,1,0,7.47,7.47,0.0,0.0,0.0,0.0,0.0,0.0,0
1727,5,10,2015,0,0,0,0,0,0,0,5,0,0,0.48,0.48,0.0,0.0,0.0,0.2857142857142857,1.5714285714285714,2.0444789507094914,0
357,7,1,2012,0,0,0,0,0,0,0,7,1,0,0.94,0.94,0.0,9.0,1.0,7.285714285714286,4.857142857142857,4.664398541785783,3
1180,4,4,2014,9,4,0,0,0,0,0,4,0,1,7.97,7.97,0.0,2.0,2.0,2.5714285714285716,3.142857142857143,1.508354161041861,3
659,1,11,2012,0,0,0,0,0,0,0,1,1,0,4.97,4.97,0.0,0.0,0.0,0.2857142857142857,0.25,0.4409585518440985,0
271,5,10,2011,0,0,0,0,0,0,0,5,0,0,3.5,3.5,0.0,0.0,1.0,1.2857142857142858,1.5,1.6216132799251584,1
1103,4,2,2014,0,0,0,0,1,0,0,4,0,0,8.47,8.47,0.0,0.0,0.0,0.2857142857142857,0.14285714285714285,0.4483951394230331,2
722,1,1,2013,0,0,0,0,0,0,0,1,1,0,6.98,6.98,0.0,1.0,0.0,2.2857142857142856,1.7857142857142858,1.4995590180707288,3
454,6,4,2012,0,0,0,0,0,0,0,6,0,0,6.48,6.48,0.0,0.0,0.0,1.5714285714285714,1.25,1.1097213530798995,1
104,6,5,2011,0,0,0,0,0,1,1,6,0,0,5.47,5.47,0.0,1.0,0.0,0.42857142857142855,0.32142857142857145,0.47559486560567077,0
228,4,9,2011,0,0,0,0,0,1,0,4,0,0,3.47,2.5,0.9700000000000002,0.0,0.0,1.8571428571428572,1.25,1.2945755775256718,1
369,5,2,2012,0,0,0,0,1,1,0,5,0,0,3.98,3.98,0.0,1.0,4.0,1.1428571428571428,2.1785714285714284,2.373520146027391,1
1582,7,5,2015,0,0,0,0,0,0,0,7,1,0,9.97,9.97,0.0,0.0,0.0,0.0,0.0,0.0,0
338,2,1,2012,27,3,0,0,1,1,0,2,0,1,,,,0.0,0.0,0.0,0.0,0.0,0
282,2,11,2011,0,0,0,0,1,1,1,2,0,0,1.18,1.18,0.0,5.0,28.0,2.4285714285714284,9.821428571428571,10.791126572254354,1
1634,3,7,2015,0,0,0,0,0,0,0,3,0,0,2.88,2.88,0.0,0.0,2.0,0.2857142857142857,1.4642857142857142,1.400585667369265,3
1092,7,1,2014,0,0,0,0,0,0,0,7,1,0,6.97,6.97,0.0,0.0,3.0,0.7142857142857143,0.6428571428571429,0.8698354767504922,1
1350,6,10,2014,0,0,0,0,1,1,1,6,0,0,4.63,4.63,0.0,3.0,1.0,1.1428571428571428,0.8214285714285714,0.9048663264720745,0
1382,3,11,2014,0,0,0,0,1,0,0,3,0,0,2.98,2.98,0.0,0.0,1.0,0.5714285714285714,0.5,0.6382847385042254,1
1545,5,4,2015,0,0,0,0,0,0,0,5,0,0,3.32,3.32,0.0,0.0,0.0,0.7142857142857143,0.6785714285714286,0.9048663264720725,3
381,3,2,2012,0,0,0,0,0,1,0,3,0,0,2.68,2.68,0.0,0.0,0.0,1.2857142857142858,0.32142857142857145,0.7723735149271023,0
356,6,1,2012,0,0,0,0,0,0,0,6,0,0,,,,0.0,0.0,0.0,0.0,0.0,0
301,7,11,2011,0,0,0,0,0,0,0,7,1,0,11.48,11.48,0.0,0.0,0.0,0.42857142857142855,0.39285714285714285,0.566946709513841,0
589,1,9,2012,0,0,0,0,1,0,1,1,1,0,4.88,4.88,0.0,0.0,2.0,0.5714285714285714,1.1071428571428572,1.5477411429249552,0
636,6,10,2012,0,0,0,0,0,0,0,6,0,0,,,,0.0,0.0,0.0,0.0,0.0,0
1369,4,10,2014,0,0,0,0,0,0,0,4,0,0,4.97,4.97,0.0,0.0,0.0,0.0,0.03571428571428571,0.1889822365046137,0
210,7,8,2011,0,0,0,0,0,0,0,7,1,0,2.97,2.97,0.0,1.0,1.0,0.8571428571428571,0.7857142857142857,0.6862211530545179,2
1777,6,12,2015,0,0,0,0,1,0,0,6,0,0,2.98,2.98,0.0,0.0,0.0,0.14285714285714285,0.25,0.4409585518440987,0
706,6,1,2013,0,0,0,0,1,1,1,6,0,0,,,,0.0,0.0,0.0,0.0,0.0,0
504,7,6,2012,0,0,0,0,0,1,1,7,1,0,,,,0.0,0.0,0.0,0.0,0.0,0
1478,1,2,2015,2,2,0,0,0,0,1,1,1,1,6.97,6.97,0.0,0.0,0.0,0.5714285714285714,0.35714285714285715,0.6784669927988106,1
1854,6,2,2016,0,0,0,0,0,0,0,6,0,0,1.98,1.98,0.0,0.0,0.0,0.42857142857142855,0.39285714285714285,0.5669467095138409,1
1263,3,7,2014,0,0,0,0,0,0,1,3,0,0,1.98,1.98,0.0,0.0,2.0,0.0,0.7142857142857143,1.0490610566259133,0
1013,5,11,2013,0,0,0,0,1,1,1,5,0,0,5.98,5.98,0.0,0.0,0.0,0.2857142857142857,0.14285714285714285,0.3563483225498995,0
1092,7,1,2014,0,0,0,0,0,0,0,7,1,0,2.98,2.98,0.0,0.0,0.0,0.0,0.07142857142857142,0.37796447300922753,0
1104,5,2,2014,0,0,0,0,1,1,1,5,0,0,,,,0.0,0.0,0.0,0.0,0.0,0
23,2,2,2011,0,0,0,0,0,0,0,2,0,0,,,,0.0,,0.0,,,0
145,5,6,2011,0,0,0,0,0,0,0,5,0,0,,,,0.0,0.0,0.0,0.0,0.0,0
1764,7,11,2015,0,0,0,0,0,0,0,7,1,0,6.98,6.98,0.0,9.0,5.0,3.857142857142857,3.7857142857142856,3.3372992280534497,1
1475,5,2,2015,0,0,0,0,0,1,1,5,0,0,2.68,2.68,0.0,1.0,0.0,0.14285714285714285,0.42857142857142855,1.2301331282538137,0
783,6,3,2013,0,0,0,0,0,0,0,6,0,0,,,,0.0,0.0,0.0,0.0,0.0,0
718,4,1,2013,0,0,0,0,0,1,1,4,0,0,2.5,2.5,0.0,1.0,1.0,1.1428571428571428,2.0,1.4401645996461914,2
987,7,10,2013,0,0,0,0,0,1,1,7,1,0,2.38,2.38,0.0,0.0,0.0,0.0,0.0,0.0,0
1809,3,1,2016,0,0,0,0,0,1,1,3,0,0,3.22,3.22,0.0,0.0,0.0,0.0,0.03571428571428571,0.18898223650461418,0
1127,7,2,2014,0,0,0,0,0,0,0,7,1,0,7.97,7.97,0.0,0.0,2.0,0.5714285714285714,0.6428571428571429,0.6784669927988096,1
1168,6,4,2014,0,0,0,0,1,0,0,6,0,0,2.98,2.98,0.0,1.0,1.0,0.42857142857142855,0.5357142857142857,0.792658109342785,0
1586,4,6,2015,0,0,0,0,1,0,1,4,0,0,7.97,7.97,0.0,4.0,6.0,3.2857142857142856,2.857142857142857,1.6491139195267122,1
131,5,6,2011,0,0,0,0,1,0,1,5,0,0,5.16,5.16,0.0,0.0,0.0,0.8571428571428571,0.5357142857142857,0.9222413461394479,0
1720,5,10,2015,0,0,0,0,0,0,1,5,0,0,2.5,2.5,0.0,0.0,0.0,2.857142857142857,1.6785714285714286,1.9061998540546257,3
1212,1,5,2014,0,0,0,0,0,0,0,1,1,0,1.97,1.97,0.0,0.0,0.0,0.0,0.07142857142857142,0.26226526415648077,0
164,3,7,2011,0,0,0,0,0,1,1,3,0,0,,,,0.0,0.0,0.0,0.0,0.0,0
1605,2,6,2015,15,2,0,0,0,0,0,2,0,1,5.97,5.97,0.0,0.0,0.0,0.7142857142857143,0.8928571428571429,1.133309990422541,1
897,1,7,2013,0,0,0,0,0,1,0,1,1,0,2.68,2.68,0.0,0.0,0.0,0.0,0.0,0.0,0
563,3,8,2012,0,0,0,0,0,1,0,3,0,0,5.98,5.98,0.0,0.0,0.0,0.14285714285714285,0.17857142857142858,0.39002102778747993,1
112,7,5,2011,0,0,0,0,0,0,0,7,1,0,1.54,1.54,0.0,0.0,2.0,0.14285714285714285,0.6071428571428571,0.9560445408144769,1
578,4,8,2012,0,0,0,0,0,0,0,4,0,0,,,,0.0,0.0,0.0,0.0,0.0,0
871,3,6,2013,0,0,0,0,0,0,0,3,0,0,4.98,4.98,0.0,2.0,2.0,2.857142857142857,1.9642857142857142,1.3466595945123117,0
1394,1,11,2014,0,0,0,0,0,0,0,1,1,0,,,,0.0,0.0,0.0,0.0,0.0,0
493,3,6,2012,0,0,0,0,1,0,0,3,0,0,2.98,2.98,0.0,1.0,4.0,2.0,1.7857142857142858,1.5481684006675118,2
463,1,5,2012,10,2,0,0,1,1,1,1,1,1,,,,0.0,0.0,0.0,0.0,0.0,0
619,3,10,2012,20,3,0,0,1,0,1,3,0,1,5.67,5.67,0.0,0.0,0.0,0.0,0.03571428571428571,0.18898223650461307,0
1113,7,2,2014,2,2,0,0,0,0,1,7,1,1,1.0,1.0,0.0,0.0,15.0,0.0,6.285714285714286,6.264876475133207,0
625,2,10,2012,0,0,0,0,0,0,1,2,0,0,,,,0.0,0.0,0.0,0.0,0.0,0
1728,6,10,2015,0,0,0,0,0,0,0,6,0,0,5.96,5.96,0.0,0.0,0.0,0.0,0.0,0.0,0
1749,6,11,2015,0,0,0,0,0,1,1,6,0,0,11.84,11.84,0.0,0.0,1.0,0.14285714285714285,0.14285714285714285,0.4483951394230336,2
987,7,10,2013,0,0,0,0,0,1,1,7,1,0,2.98,3.94,-0.96,2.0,0.0,0.5714285714285714,1.3928571428571428,2.4394790839558773,0
1392,6,11,2014,0,0,0,0,0,0,0,6,0,0,2.87,2.87,0.0,1.0,3.0,1.1428571428571428,1.3928571428571428,1.7499055152119818,0
1637,6,7,2015,0,0,0,0,0,0,0,6,0,0,3.0,3.0,0.0,0.0,5.0,0.0,2.5714285714285716,4.4089855340149535,0
1442,7,1,2015,0,0,0,0,1,1,1,7,1,0,7.88,7.88,0.0,0.0,1.0,0.2857142857142857,0.5,0.7934920476158718,0
986,6,10,2013,0,0,0,0,1,0,0,6,0,0,,,,0.0,0.0,0.0,0.0,0.0,0
93,2,5,2011,0,0,0,0,1,1,0,2,0,0,7.97,7.97,0.0,0.0,0.0,0.42857142857142855,0.17857142857142858,0.47559486560567105,1
1809,3,1,2016,0,0,0,0,0,1,1,3,0,0,4.74,4.74,0.0,0.0,1.0,0.0,0.17857142857142858,0.390021027787481,0
626,3,10,2012,0,0,0,0,0,1,1,3,0,0,3.98,3.98,0.0,0.0,0.0,2.7142857142857144,2.6785714285714284,2.639494500265383,1
1002,1,10,2013,0,0,0,0,0,0,0,1,1,0,1.0,1.0,0.0,2.0,4.0,1.1428571428571428,1.3214285714285714,1.2488089563755609,2
24,3,2,2011,3,3,0,0,0,0,0,3,0,1,2.97,2.97,0.0,0.0,,0.2857142857142857,,,1
367,3,1,2012,0,0,0,0,0,0,0,3,0,0,,,,0.0,0.0,0.0,0.0,0.0,0
191,2,8,2011,0,0,0,0,1,1,0,2,0,0,,,,0.0,0.0,0.0,0.0,0.0,0
1145,4,3,2014,0,0,0,0,0,0,0,4,0,0,1.98,1.98,0.0,0.0,0.0,0.0,0.0,0.0,0
1150,2,3,2014,0,0,0,0,0,0,0,2,0,0,4.88,4.88,0.0,0.0,0.0,0.0,0.0,0.0,0
1202,5,5,2014,0,0,0,0,0,0,1,5,0,0,1.97,1.97,0.0,0.0,0.0,0.14285714285714285,0.14285714285714285,0.35634832254989895,1
825,6,5,2013,0,0,0,0,1,0,1,6,0,0,2.68,2.68,0.0,0.0,1.0,0.0,0.25,0.5181877251716012,0
1125,5,2,2014,0,0,0,0,0,0,0,5,0,0,2.98,2.98,0.0,1.0,0.0,0.5714285714285714,0.7857142857142857,1.1974399500026855,0
23,2,2,2011,0,0,0,0,0,0,0,2,0,0,1.98,1.98,0.0,4.0,,1.7142857142857142,,,8
172,4,7,2011,0,0,0,0,0,0,0,4,0,0,,,,0.0,0.0,0.0,0.0,0.0,0
917,7,8,2013,0,0,0,0,1,0,1,7,1,0,3.67,3.67,0.0,3.0,2.0,0.8571428571428571,0.9642857142857143,0.9615628812527905,1
187,5,8,2011,0,0,0,0,1,1,1,5,0,0,,,,0.0,0.0,0.0,0.0,0.0,0
1217,6,5,2014,0,0,0,0,0,0,0,6,0,0,3.48,3.48,0.0,0.0,0.0,0.0,0.03571428571428571,0.18898223650461332,0
1769,5,12,2015,0,0,0,0,1,0,1,5,0,0,1.0,1.0,0.0,2.0,0.0,1.1428571428571428,1.0714285714285714,1.086229340376173,1
888,6,7,2013,16,3,0,0,1,0,0,6,0,1,,,,0.0,0.0,0.0,0.0,0.0,0
605,3,9,2012,0,0,0,0,0,0,0,3,0,0,2.48,2.48,0.0,1.0,0.0,2.142857142857143,2.2857142857142856,2.0522281090659,1
1035,6,11,2013,24,3,0,0,0,0,0,6,0,1,5.24,5.24,0.0,1.0,0.0,0.8571428571428571,0.5714285714285714,0.8357108940373453,2
1148,7,3,2014,0,0,0,0,0,0,0,7,1,0,3.33,3.33,0.0,0.0,1.0,0.2857142857142857,0.7142857142857143,0.9759000729485351,0
335,6,12,2011,0,0,0,0,0,0,0,6,0,0,,,,0.0,0.0,0.0,0.0,0.0,0
298,4,11,2011,0,0,0,0,0,0,0,4,0,0,1.98,1.98,0.0,3.0,0.0,1.2857142857142858,1.4285714285714286,1.4253932901995936,1
577,3,8,2012,0,0,0,0,0,0,0,3,0,0,2.48,2.48,0.0,0.0,0.0,1.4285714285714286,2.392857142857143,2.330780916890233,1
527,2,7,2012,0,0,0,0,1,0,1,2,0,0,8.47,8.47,0.0,0.0,0.0,0.0,0.0,0.0,0
396,4,2,2012,0,0,0,0,0,0,0,4,0,0,,,,0.0,0.0,0.0,0.0,0.0,0
967,1,9,2013,0,0,0,0,0,0,0,1,1,0,6.03,6.03,0.0,0.0,0.0,0.0,0.0,0.0,0
1197,7,5,2014,0,0,0,0,1,1,1,7,1,0,3.33,3.33,0.0,1.0,0.0,1.0,0.6071428571428571,0.7373267889143819,1
1373,1,11,2014,0,0,0,0,1,1,0,1,1,0,2.87,2.87,0.0,2.0,3.0,1.1428571428571428,1.4285714285714286,1.3451854182690985,3
1198,1,5,2014,0,0,0,0,1,0,0,1,1,0,1.48,1.48,0.0,0.0,0.0,0.0,0.0,0.0,0
194,5,8,2011,0,0,0,0,1,0,0,5,0,0,,,,0.0,0.0,0.0,0.0,0.0,0
84,7,4,2011,0,0,0,0,0,0,0,7,1,0,,,,0.0,0.0,0.0,0.0,0.0,0
699,6,12,2012,0,0,0,0,0,0,0,6,0,0,3.98,3.98,0.0,4.0,2.0,3.142857142857143,2.642857142857143,1.7259304675553944,2
3,3,1,2011,0,0,0,0,0,0,0,3,0,0,1.98,,,,,,,,2
586,5,9,2012,0,0,0,0,1,1,1,5,0,0,3.98,3.98,0.0,2.0,2.0,1.5714285714285714,1.8571428571428572,1.8199366231188685,5
710,3,1,2013,28,4,0,0,1,1,0,3,0,1,,,,0.0,0.0,0.0,0.0,0.0,0
800,2,4,2013,0,0,0,0,1,1,0,2,0,0,4.43,4.43,0.0,0.0,1.0,0.5714285714285714,0.42857142857142855,0.7901510136288026,0
47,5,3,2011,5,4,0,0,0,0,0,5,0,1,,,,0.0,0.0,0.0,0.0,0.0,0
1699,5,9,2015,0,0,0,0,0,0,0,5,0,0,7.88,7.88,0.0,0.0,0.0,0.14285714285714285,0.21428571428571427,0.498675494362062,0
1341,4,9,2014,0,0,0,0,0,0,0,4,0,0,,,,0.0,0.0,0.0,0.0,0.0,0
1090,5,1,2014,0,0,0,0,0,0,0,5,0,0,3.28,,,0.0,0.0,0.0,0.0,0.0,0
1271,4,7,2014,0,0,0,0,0,0,0,4,0,0,3.98,3.98,0.0,1.0,1.0,1.0,0.6071428571428571,0.685256681526507,1
432,5,4,2012,0,0,0,0,1,0,0,5,0,0,3.33,3.33,0.0,0.0,2.0,0.0,0.21428571428571427,0.8325393042503766,0
855,1,6,2013,0,0,0,0,1,1,0,1,1,0,6.98,6.98,0.0,0.0,0.0,0.0,0.0,0.0,0
1724,2,10,2015,0,0,0,0,0,0,0,2,0,0,0.57,0.57,0.0,6.0,4.0,1.5714285714285714,0.7857142857142857,1.7074378218090216,0
1358,7,10,2014,0,0,0,0,0,0,0,7,1,0,0.94,0.94,0.0,0.0,26.0,0.0,9.785714285714286,18.162552322796152,0
861,7,6,2013,0,0,0,0,1,1,0,7,1,0,2.47,2.47,0.0,1.0,0.0,1.8571428571428572,1.5,1.4529663145135592,0
548,2,7,2012,0,0,0,0,0,0,0,2,0,0,7.97,7.97,0.0,0.0,1.0,0.7142857142857143,0.5714285714285714,0.9200874124564724,0
354,4,1,2012,0,0,0,0,0,0,0,4,0,0,,,,0.0,0.0,0.0,0.0,0.0,0
365,1,1,2012,0,0,0,0,0,0,0,1,1,0,4.48,4.48,0.0,0.0,0.0,0.0,0.0,0.0,0
1656,4,8,2015,0,0,0,0,0,1,1,4,0,0,4.97,4.97,0.0,1.0,1.0,1.1428571428571428,1.2142857142857142,0.994694922786877,1
1402,2,11,2014,0,0,0,0,0,0,0,2,0,0,3.28,3.28,0.0,7.0,5.0,2.7142857142857144,4.035714285714286,2.6173515431689953,6
913,3,7,2013,0,0,0,0,0,0,0,3,0,0,2.97,2.97,0.0,3.0,2.0,1.1428571428571428,0.9642857142857143,0.8811668550592597,0
160,6,7,2011,0,0,0,0,1,1,0,6,0,0,2.97,2.97,0.0,1.0,1.0,5.142857142857143,4.0,2.8803291992923805,2
310,2,12,2011,0,0,0,0,1,0,0,2,0,0,,,,0.0,0.0,0.0,0.0,0.0,0
1744,1,11,2015,0,0,0,0,1,1,0,1,1,0,2.48,2.48,0.0,2.0,2.0,4.0,2.7142857142857144,2.813422100457721,3
263,4,10,2011,0,0,0,0,0,0,0,4,0,0,,,,0.0,0.0,0.0,0.0,0.0,0
1074,3,1,2014,0,0,0,0,1,1,1,3,0,0,14.97,14.97,0.0,0.0,1.0,1.7142857142857142,1.1428571428571428,1.0440053112638321,0
1149,1,3,2014,0,0,0,0,0,0,0,1,1,0,0.93,0.93,0.0,3.0,9.0,2.2857142857142856,2.4642857142857144,2.687173137499608,2
1419,5,12,2014,0,0,0,0,0,0,0,5,0,0,2.78,2.78,0.0,0.0,2.0,1.5714285714285714,1.5,1.2909944487358065,0
394,2,2,2012,0,0,0,0,0,0,0,2,0,0,2.38,2.38,0.0,0.0,0.0,0.0,0.03571428571428571,0.18898223650461474,0
284,4,11,2011,0,0,0,0,1,0,1,4,0,0,,,,0.0,0.0,0.0,0.0,0.0,0
992,5,10,2013,0,0,0,0,0,0,0,5,0,0,2.5,2.5,0.0,5.0,0.0,1.8571428571428572,1.1071428571428572,1.4991179064218068,1
1460,4,1,2015,0,0,0,0,0,0,0,4,0,0,3.94,3.94,0.0,2.0,1.0,1.4285714285714286,1.0714285714285714,0.9786071518602172,1
1168,6,4,2014,0,0,0,0,1,0,0,6,0,0,1.0,1.0,0.0,0.0,1.0,4.857142857142857,4.321428571428571,4.422615041977294,1
556,3,8,2012,0,0,0,0,1,1,1,3,0,0,,,,0.0,0.0,0.0,0.0,0.0,0
988,1,10,2013,0,0,0,0,0,1,1,1,1,0,3.97,3.97,0.0,2.0,0.0,0.7142857142857143,0.5357142857142857,0.792658109342786,0
1428,7,12,2014,0,0,0,0,0,0,0,7,1,0,11.84,11.84,0.0,0.0,0.0,0.0,0.0,0.0,0
1102,3,2,2014,0,0,0,0,1,1,1,3,0,0,1.25,1.25,0.0,0.0,0.0,3.4285714285714284,2.2142857142857144,2.409197543629939,0
923,6,8,2013,18,4,0,0,1,0,1,6,0,1,2.88,2.88,0.0,2.0,0.0,1.7142857142857142,1.2857142857142858,1.1818736805705574,2
1692,5,9,2015,0,0,0,0,0,0,0,5,0,0,2.98,2.98,0.0,0.0,0.0,0.5714285714285714,0.25,0.5181877251716007,0
241,3,9,2011,0,0,0,0,0,0,0,3,0,0,4.5,4.5,0.0,0.0,1.0,1.1428571428571428,0.7857142857142857,1.2279806626883452,1
1398,5,11,2014,0,0,0,0,0,0,0,5,0,0,2.0,2.0,0.0,0.0,0.0,0.0,0.42857142857142855,0.7417981870189151,0
1719,4,10,2015,0,0,0,0,0,1,0,4,0,0,2.5,2.5,0.0,0.0,1.0,1.2857142857142858,1.0357142857142858,0.9993384054849731,0
1762,5,11,2015,0,0,0,0,0,0,0,5,0,0,2.98,2.98,0.0,2.0,2.0,3.142857142857143,2.2142857142857144,1.6183471874253714,1
1442,7,1,2015,0,0,0,0,1,1,1,7,1,0,5.28,4.98,0.2999999999999998,2.0,0.0,0.42857142857142855,0.39285714285714285,0.6852566815265061,0
528,3,7,2012,0,0,0,0,1,1,1,3,0,0,,,,0.0,0.0,0.0,0.0,0.0,0
537,5,7,2012,0,0,0,0,0,0,0,5,0,0,6.97,6.97,0.0,2.0,0.0,0.5714285714285714,0.6071428571428571,0.6852566815265067,1
123,4,5,2011,13,1,0,0,0,0,0,4,0,1,3.12,3.12,0.0,0.0,0.0,0.0,0.0,0.0,0
1509,4,3,2015,6,2,0,0,0,0,0,4,0,1,3.98,3.98,0.0,2.0,0.0,0.5714285714285714,0.6428571428571429,0.9114207758701967,2
1510,5,3,2015,0,0,0,0,0,0,0,5,0,0,8.98,8.98,0.0,2.0,1.0,1.4285714285714286,0.8928571428571429,1.3700307029348378,0
448,7,4,2012,0,0,0,0,0,0,0,7,1,0,1.97,1.97,0.0,2.0,2.0,0.5714285714285714,0.4642857142857143,0.6929348671835837,10
702,2,12,2012,0,0,0,0,0,0,0,2,0,0,3.28,3.28,0.0,2.0,9.0,2.4285714285714284,3.607142857142857,2.5724939004252017,1
1610,7,6,2015,0,0,0,0,0,0,0,7,1,0,1.96,1.96,0.0,1.0,2.0,1.0,1.75,1.6015039228221788,4
676,4,12,2012,0,0,0,0,1,0,0,4,0,0,4.74,4.74,0.0,2.0,0.0,0.8571428571428571,1.0,2.341256389522831,1
107,2,5,2011,0,0,0,0,0,1,1,2,0,0,,,,0.0,0.0,0.0,0.0,0.0,0
768,5,3,2013,0,0,0,0,1,1,1,5,0,0,,,,0.0,0.0,0.0,0.0,0.0,0
679,7,12,2012,0,0,0,0,1,1,0,7,1,0,,,,0.0,0.0,0.0,0.0,0.0,0
1016,1,11,2013,0,0,0,0,1,1,1,1,1,0,6.87,6.87,0.0,0.0,0.0,0.8571428571428571,0.8928571428571429,0.9940297973880045,2
1607,4,6,2015,0,0,0,0,0,0,0,4,0,0,1.18,1.18,0.0,0.0,2.0,2.0,2.3214285714285716,1.5408889072021457,1
1558,4,5,2015,10,2,0,0,1,1,1,4,0,1,2.24,2.24,0.0,1.0,0.0,0.2857142857142857,0.42857142857142855,0.9973509887241275,0
1344,7,10,2014,0,0,0,0,1,1,1,7,1,0,0.93,0.93,0.0,1.0,2.0,3.142857142857143,2.4642857142857144,1.7529265023814724,1
574,7,8,2012,0,0,0,0,0,0,0,7,1,0,,,,0.0,0.0,0.0,0.0,0.0,0
1114,1,2,2014,0,0,0,0,0,1,1,1,1,0,1.18,1.18,0.0,2.0,1.0,1.8571428571428572,1.2142857142857142,1.5719094983170854,4
1741,5,11,2015,0,0,0,0,1,0,0,5,0,0,2.5,2.5,0.0,1.0,0.0,0.7142857142857143,0.6428571428571429,0.7800420555749635,0
23,2,2,2011,0,0,0,0,0,0,0,2,0,0,2.48,2.48,0.0,32.0,,19.285714285714285,,,38
389,4,2,2012,0,0,0,0,0,0,0,4,0,0,4.67,4.67,0.0,0.0,1.0,1.0,1.8214285714285714,1.4415416497771851,1
11,4,2,2011,0,0,0,0,1,0,1,4,0,0,,,,0.0,,0.0,,,0
1271,4,7,2014,0,0,0,0,0,0,0,4,0,0,4.98,4.98,0.0,3.0,0.0,1.0,0.9642857142857143,1.0708993401928104,0
1065,1,12,2013,0,0,0,0,0,0,0,1,1,0,4.74,4.74,0.0,0.0,0.0,1.1428571428571428,0.9642857142857143,1.477789712327987,0
821,2,4,2013,0,0,0,0,0,0,0,2,0,0,,,,0.0,0.0,0.0,0.0,0.0,0
1308,6,8,2014,0,0,0,0,0,0,0,6,0,0,4.88,4.88,0.0,0.0,3.0,1.4285714285714286,1.2857142857142858,1.2724180205607039,0
1110,4,2,2014,0,0,0,0,0,1,1,4,0,0,1.88,1.88,0.0,0.0,0.0,0.0,0.17857142857142858,0.4755948656056705,0
1587,5,6,2015,0,0,0,0,1,1,1,5,0,0,3.98,3.98,0.0,8.0,0.0,6.285714285714286,5.607142857142857,5.519925426994171,22
1051,1,12,2013,0,0,0,0,0,0,1,1,1,0,2.94,2.94,0.0,0.0,0.0,0.0,0.0,0.0,0
467,5,5,2012,0,0,0,0,1,1,1,5,0,0,2.82,2.82,0.0,0.0,0.0,0.0,0.0,0.0,0
1271,4,7,2014,0,0,0,0,0,0,0,4,0,0,1.88,1.88,0.0,1.0,0.0,1.4285714285714286,0.9642857142857143,1.2904820476643277,1
638,1,10,2012,0,0,0,0,0,0,0,1,1,0,6.97,6.97,0.0,0.0,0.0,0.14285714285714285,0.42857142857142855,1.0338196500275418,0
1176,7,4,2014,0,0,0,0,0,0,0,7,1,0,5.27,5.27,0.0,0.0,0.0,0.42857142857142855,0.2857142857142857,0.5345224838248485,0
1413,6,12,2014,0,0,0,0,0,1,1,6,0,0,2.0,2.0,0.0,0.0,0.0,0.0,0.0,0.0,0
678,6,12,2012,0,0,0,0,1,1,1,6,0,0,5.96,5.96,0.0,2.0,3.0,2.0,2.0357142857142856,1.4525110532413747,2
312,4,12,2011,0,0,0,0,1,1,1,4,0,0,,,,0.0,0.0,0.0,0.0,0.0,0
1396,3,11,2014,0,0,0,0,0,0,0,3,0,0,3.48,3.48,0.0,0.0,3.0,0.7142857142857143,1.1428571428571428,1.2682529749484557,1
1093,1,1,2014,0,0,0,0,0,0,0,1,1,0,4.74,4.74,0.0,0.0,0.0,1.1428571428571428,1.5357142857142858,1.4525110532413719,0
1210,6,5,2014,0,0,0,0,0,0,0,6,0,0,6.87,6.87,0.0,1.0,1.0,0.8571428571428571,0.8214285714285714,0.9048663264720747,0
1407,7,12,2014,0,0,0,0,1,1,1,7,1,0,0.94,0.94,0.0,4.0,0.0,5.428571428571429,2.5,3.6767538017277683,7
556,3,8,2012,0,0,0,0,1,1,1,3,0,0,4.88,4.88,0.0,0.0,1.0,0.14285714285714285,0.21428571428571427,0.4986754943620617,1
1821,1,1,2016,0,0,0,0,0,0,0,1,1,0,4.97,4.97,0.0,4.0,0.0,1.4285714285714286,1.3214285714285714,1.5166623059417517,2
1521,2,3,2015,0,0,0,0,0,0,0,2,0,0,14.26,14.26,0.0,0.0,0.0,0.2857142857142857,0.2857142857142857,0.46004370622823587,0
497,7,6,2012,0,0,0,0,1,0,1,7,1,0,,,,0.0,0.0,0.0,0.0,0.0,0
1337,7,9,2014,0,0,0,0,0,0,0,7,1,0,5.94,5.94,0.0,1.0,0.0,1.1428571428571428,0.8571428571428571,0.9704632614370022,0
1053,3,12,2013,0,0,0,0,0,0,0,3,0,0,2.42,2.42,0.0,8.0,1.0,7.857142857142857,5.535714285714286,3.072966269440923,5
1706,5,9,2015,0,0,0,0,0,0,0,5,0,0,4.74,4.74,0.0,0.0,0.0,0.0,0.0,0.0,0
1362,4,10,2014,0,0,0,0,0,0,0,4,0,0,1.0,1.0,0.0,0.0,4.0,1.5714285714285714,1.6785714285714286,1.278122796760073,1
326,4,12,2011,0,0,0,0,0,0,0,4,0,0,1.98,1.98,0.0,0.0,0.0,0.0,1.3928571428571428,2.3623479486916885,0
1474,4,2,2015,0,0,0,0,1,0,0,4,0,0,4.87,4.87,0.0,0.0,0.0,0.0,0.0,0.0,0
1168,6,4,2014,0,0,0,0,1,0,0,6,0,0,14.97,14.97,0.0,2.0,3.0,1.2857142857142858,1.6071428571428572,1.2863754913562004,3
1725,3,10,2015,0,0,0,0,0,0,0,3,0,0,2.82,2.82,0.0,2.0,2.0,0.8571428571428571,1.0714285714285714,1.385869734367175,0
2,2,1,2011,0,0,0,0,0,0,0,2,0,0,,,,,,,,,0
1765,1,11,2015,0,0,0,0,0,0,0,1,1,0,0.98,0.98,0.0,3.0,4.0,1.2857142857142858,1.1428571428571428,1.483596374037835,2
1002,1,10,2013,0,0,0,0,0,0,0,1,1,0,2.68,2.68,0.0,0.0,0.0,0.0,0.39285714285714285,0.8751417118804331,0
721,7,1,2013,0,0,0,0,0,0,0,7,1,0,2.48,2.48,0.0,0.0,0.0,1.7142857142857142,0.9642857142857143,2.4416470284707845,0
248,3,10,2011,0,0,0,0,1,1,1,3,0,0,,,,0.0,0.0,0.0,0.0,0.0,0
461,6,5,2012,0,0,0,0,1,1,1,6,0,0,,,,0.0,0.0,0.0,0.0,0.0,0
612,3,10,2012,0,0,0,0,1,1,0,3,0,0,3.27,3.27,0.0,0.0,0.0,0.0,0.21428571428571427,0.786795792469443,0
1049,6,12,2013,0,0,0,0,0,1,1,6,0,0,7.97,7.97,0.0,6.0,1.0,3.142857142857143,2.8214285714285716,1.6567163289800175,3
1599,3,6,2015,0,0,0,0,0,1,1,3,0,0,2.28,2.28,0.0,0.0,0.0,0.0,0.0,0.0,0
433,6,4,2012,0,0,0,0,1,1,1,6,0,0,,,,0.0,0.0,0.0,0.0,0.0,0
150,3,6,2011,0,0,0,0,0,0,0,3,0,0,,,,0.0,0.0,0.0,0.0,0.0,0
951,6,9,2013,0,0,0,0,1,1,1,6,0,0,3.97,3.97,0.0,0.0,0.0,0.7142857142857143,0.7142857142857143,1.0131411680782831,0
920,3,8,2013,0,0,0,0,1,1,1,3,0,0,,,,0.0,0.0,0.0,0.0,0.0,0
400,1,3,2012,0,0,0,0,1,1,1,1,1,0,,,,0.0,0.0,0.0,0.0,0.0,0
903,7,7,2013,0,0,0,0,0,0,0,7,1,0,2.68,2.68,0.0,0.0,0.0,0.0,0.25,0.5853140973807067,0
1148,7,3,2014,0,0,0,0,0,0,0,7,1,0,1.74,1.74,0.0,1.0,0.0,1.2857142857142858,1.6071428571428572,1.2274419565151578,0
666,1,11,2012,0,0,0,0,0,0,0,1,1,0,5.67,5.67,0.0,0.0,0.0,0.0,0.0,0.0,0
569,2,8,2012,18,4,0,0,0,0,0,2,0,1,0.94,0.94,0.0,15.0,8.0,13.857142857142858,7.25,7.5308009509588345,23
1720,5,10,2015,0,0,0,0,0,0,1,5,0,0,7.97,7.97,0.0,3.0,3.0,2.7142857142857144,2.892857142857143,1.314852074887517,2
1354,3,10,2014,20,3,0,0,0,1,0,3,0,1,1.48,1.48,0.0,0.0,0.0,0.0,0.0,0.0,0
872,4,6,2013,0,0,0,0,0,0,0,4,0,0,1.0,1.0,0.0,6.0,9.0,3.2857142857142856,2.6785714285714284,2.80282359520183,2
1069,5,1,2014,27,3,0,0,1,1,0,5,0,1,2.98,2.98,0.0,0.0,2.0,2.142857142857143,2.5714285714285716,1.7728105208558371,1
581,7,8,2012,0,0,0,0,0,0,0,7,1,0,2.42,2.42,0.0,2.0,8.0,2.2857142857142856,5.392857142857143,3.7941405674411457,0
1434,6,1,2015,27,3,0,0,1,1,0,6,0,1,,,,0.0,0.0,0.0,0.0,0.0,0
174,6,7,2011,0,0,0,0,0,0,0,6,0,0,,,,0.0,0.0,0.0,0.0,0.0,0
884,2,6,2013,0,0,0,0,0,0,0,2,0,0,9.88,9.88,0.0,0.0,0.0,0.5714285714285714,0.6071428571428571,1.030615986761952,1
1012,4,11,2013,0,0,0,0,1,1,1,4,0,0,1.74,1.74,0.0,0.0,1.0,1.1428571428571428,1.1785714285714286,1.4415416497771865,0
1618,1,7,2015,16,3,0,0,1,0,0,1,1,1,2.97,2.97,0.0,1.0,2.0,0.2857142857142857,0.21428571428571427,0.49867549436206365,1
1650,5,8,2015,0,0,0,0,1,1,1,5,0,0,5.47,5.47,0.0,1.0,1.0,0.42857142857142855,0.32142857142857145,0.5479640045336465,0
1415,1,12,2014,0,0,0,0,0,1,0,1,1,0,0.46,0.46,0.0,4.0,5.0,2.0,3.7142857142857144,4.144225280387546,0
1310,1,8,2014,0,0,0,0,0,0,0,1,1,0,3.32,3.32,0.0,1.0,2.0,0.7142857142857143,1.5714285714285714,1.2889436222642412,1
541,2,7,2012,0,0,0,0,0,0,0,2,0,0,,,,0.0,0.0,0.0,0.0,0.0,0
231,7,9,2011,0,0,0,0,0,0,0,7,1,0,,,,0.0,0.0,0.0,0.0,0.0,0
181,6,7,2011,0,0,0,0,0,0,0,6,0,0,,,,0.0,0.0,0.0,0.0,0.0,0
1468,5,2,2015,0,0,0,0,1,0,0,5,0,0,3.0,3.0,0.0,1.0,0.0,2.7142857142857144,2.607142857142857,1.812289031692109,2
567,7,8,2012,0,0,0,0,0,0,0,7,1,0,10.97,10.97,0.0,0.0,0.0,0.0,0.0,0.0,0
512,1,6,2012,0,0,0,0,0,0,0,1,1,0,0.2,0.2,0.0,0.0,0.0,0.0,5.25,9.159593230496005,0
836,3,5,2013,0,0,0,0,0,1,0,3,0,0,2.5,2.5,0.0,0.0,0.0,0.0,0.5,0.8388704928078632,0
1731,2,10,2015,0,0,0,0,0,0,0,2,0,0,0.48,0.48,0.0,6.0,5.0,1.8571428571428572,2.857142857142857,3.135392771358628,1
1078,7,1,2014,0,0,0,0,1,0,0,7,1,0,2.98,2.98,0.0,2.0,4.0,2.142857142857143,2.0,1.5396007178390034,3
1703,2,9,2015,0,0,0,0,0,0,0,2,0,0,5.98,5.98,0.0,1.0,0.0,0.14285714285714285,0.25,0.4409585518440985,0
517,6,6,2012,0,0,0,0,0,0,0,6,0,0,5.16,5.16,0.0,0.0,2.0,0.42857142857142855,0.5,0.74535599249993,2
1768,4,12,2015,0,0,0,0,1,1,0,4,0,0,2.68,2.68,0.0,0.0,0.0,0.0,0.0,0.0,0
597,2,9,2012,0,0,0,0,0,0,0,2,0,0,10.98,10.98,0.0,0.0,0.0,0.0,0.0,0.0,0
1589,7,6,2015,0,0,0,0,1,1,1,7,1,0,8.98,8.98,0.0,1.0,0.0,1.1428571428571428,0.75,1.4043582955293927,0
1144,3,3,2014,6,2,0,0,0,0,0,3,0,1,6.87,6.87,0.0,0.0,0.0,0.42857142857142855,0.6071428571428571,0.8751417118804327,0
686,7,12,2012,0,0,0,0,0,0,1,7,1,0,,,,0.0,0.0,0.0,0.0,0.0,0
1161,6,4,2014,0,0,0,0,1,1,1,6,0,0,2.22,2.22,0.0,0.0,0.0,0.0,0.32142857142857145,0.611832186419302,0
1252,6,7,2014,0,0,0,0,1,1,1,6,0,0,4.65,4.65,0.0,0.0,0.0,0.14285714285714285,0.10714285714285714,0.31497039417435635,0
1426,5,12,2014,26,4,0,0,0,0,0,5,0,1,0.46,0.46,0.0,0.0,12.0,3.5714285714285716,2.857142857142857,3.385309064224056,2
147,7,6,2011,0,0,0,0,0,0,0,7,1,0,3.12,3.12,0.0,0.0,2.0,2.4285714285714284,1.5357142857142858,1.7739293663574656,1
729,1,1,2013,0,0,0,0,0,0,0,1,1,0,6.97,6.97,0.0,0.0,0.0,0.14285714285714285,0.07142857142857142,0.26226526415648155,1
169,1,7,2011,0,0,0,0,0,0,0,1,1,0,,,,0.0,0.0,0.0,0.0,0.0,0
392,7,2,2012,0,0,0,0,0,0,0,7,1,0,6.48,6.48,0.0,4.0,1.0,3.4285714285714284,3.357142857142857,1.7472578667472223,4
436,2,4,2012,30,2,0,0,1,0,1,2,0,1,,,,0.0,0.0,0.0,0.0,0.0,0
554,1,8,2012,0,0,0,0,1,0,0,1,1,0,3.07,3.07,0.0,0.0,9.0,2.857142857142857,3.0357142857142856,3.060890004401925,2
398,6,3,2012,0,0,0,0,1,1,0,6,0,0,,,,0.0,0.0,0.0,0.0,0.0,0
1259,6,7,2014,0,0,0,0,1,0,0,6,0,0,3.33,3.33,0.0,0.0,0.0,0.2857142857142857,0.4642857142857143,0.6372477195601851,0
1700,6,9,2015,22,4,0,0,0,0,0,6,0,1,2.88,2.88,0.0,0.0,0.0,1.1428571428571428,0.9285714285714286,0.8997354108424372,2
813,1,4,2013,0,0,0,0,0,0,0,1,1,0,3.88,3.88,0.0,1.0,0.0,1.2857142857142858,1.1428571428571428,1.1773883752795358,0
1609,6,6,2015,0,0,0,0,0,0,0,6,0,0,3.48,3.48,0.0,1.0,1.0,0.8571428571428571,0.7857142857142857,0.9172076325837261,0
879,4,6,2013,0,0,0,0,0,0,0,4,0,0,3.32,3.32,0.0,1.0,1.0,1.4285714285714286,1.2857142857142858,1.6068635853769844,1
151,4,6,2011,0,0,0,0,0,0,0,4,0,0,4.47,4.47,0.0,0.0,0.0,0.7142857142857143,0.4642857142857143,0.8380817098475258,0
1451,2,1,2015,0,0,0,0,0,0,0,2,0,0,2.88,2.88,0.0,4.0,2.0,1.2857142857142858,1.3571428571428572,1.6150744900671339,3
1215,4,5,2014,0,0,0,0,0,0,0,4,0,0,2.5,2.5,0.0,0.0,0.0,0.0,0.0,0.0,0
643,6,11,2012,0,0,0,0,1,1,0,6,0,0,,,,0.0,0.0,0.0,0.0,0.0,0
837,4,5,2013,0,0,0,0,0,0,1,4,0,0,1.98,1.98,0.0,8.0,1.0,2.0,0.9642857142857143,1.59819673514646,2
926,2,8,2013,0,0,0,0,0,1,1,2,0,0,2.48,2.48,0.0,4.0,2.0,3.4285714285714284,2.392857142857143,2.499470843469567,0
764,1,3,2013,0,0,0,0,1,0,1,1,1,0,6.98,6.98,0.0,0.0,0.0,0.0,0.0,0.0,0
1121,1,2,2014,0,0,0,0,0,0,0,1,1,0,,,,0.0,0.0,0.0,0.0,0.0,0
594,6,9,2012,0,0,0,0,0,1,0,6,0,0,,,,0.0,0.0,0.0,0.0,0.0,0
1846,5,2,2016,5,4,0,0,0,0,0,5,0,1,2.82,2.82,0.0,0.0,2.0,0.42857142857142855,0.5,0.7934920476158961,0
1347,3,10,2014,0,0,0,0,1,1,1,3,0,0,3.97,3.97,0.0,0.0,0.0,0.0,0.0,0.0,0
325,3,12,2011,0,0,0,0,0,0,0,3,0,0,,,,0.0,0.0,0.0,0.0,0.0,0
695,2,12,2012,0,0,0,0,0,0,0,2,0,0,9.24,9.24,0.0,1.0,3.0,1.0,1.7857142857142858,1.5240575195022399,1
655,4,11,2012,0,0,0,0,0,1,0,4,0,0,,,,0.0,0.0,0.0,0.0,0.0,0
1628,4,7,2015,0,0,0,0,0,0,1,4,0,0,1.97,1.97,0.0,0.0,0.0,0.0,0.03571428571428571,0.18898223650461457,1
166,5,7,2011,0,0,0,0,0,1,0,5,0,0,1.98,1.98,0.0,0.0,0.0,0.0,0.0,0.0,0
309,1,12,2011,0,0,0,0,1,1,1,1,1,0,1.97,1.97,0.0,8.0,13.0,7.571428571428571,7.5,3.656551704867625,14
449,1,4,2012,0,0,0,0,0,0,0,1,1,0,2.18,2.18,0.0,0.0,2.0,1.7142857142857142,1.3214285714285714,1.2781227967601092,0
268,2,10,2011,0,0,0,0,0,0,0,2,0,0,4.74,4.74,0.0,0.0,2.0,0.0,0.5714285714285714,0.7417981870189154,1
944,6,8,2013,0,0,0,0,0,0,0,6,0,0,3.38,3.38,0.0,0.0,1.0,0.14285714285714285,0.6071428571428571,0.7373267889143805,0
751,2,2,2013,0,0,0,0,0,0,0,2,0,0,2.38,2.38,0.0,0.0,0.0,0.42857142857142855,0.14285714285714285,0.4483951394230329,0
169,1,7,2011,0,0,0,0,0,0,0,1,1,0,2.38,2.38,0.0,0.0,1.0,0.2857142857142857,0.5,0.6382847385042255,2
811,6,4,2013,0,0,0,0,0,0,0,6,0,0,4.97,4.97,0.0,0.0,0.0,0.0,0.10714285714285714,0.3149703941743561,0
1369,4,10,2014,0,0,0,0,0,0,0,4,0,0,3.98,3.98,0.0,0.0,0.0,0.2857142857142857,0.2857142857142857,0.4600437062282377,0
666,1,11,2012,0,0,0,0,0,0,0,1,1,0,,,,0.0,0.0,0.0,0.0,0.0,0
1470,7,2,2015,0,0,0,0,1,1,1,7,1,0,1.48,1.48,0.0,1.0,0.0,0.2857142857142857,0.75,0.9279607271383776,0
1785,7,12,2015,0,0,0,0,0,0,0,7,1,0,2.98,2.98,0.0,4.0,2.0,3.857142857142857,3.6785714285714284,2.2119803667431452,5
971,5,9,2013,0,0,0,0,0,0,0,5,0,0,4.98,4.98,0.0,0.0,2.0,0.5714285714285714,0.8928571428571429,1.2572540835836767,0
992,5,10,2013,0,0,0,0,0,0,0,5,0,0,2.47,2.47,0.0,0.0,2.0,1.5714285714285714,1.8214285714285714,1.6113847605587097,2
1159,4,4,2014,0,0,0,0,1,1,0,4,0,0,,,,0.0,0.0,0.0,0.0,0.0,0
979,6,10,2013,0,0,0,0,1,1,1,6,0,0,5.5,5.5,0.0,0.0,0.0,0.0,0.0,0.0,0
192,3,8,2011,0,0,0,0,1,0,1,3,0,0,,,,0.0,0.0,0.0,0.0,0.0,0
460,5,5,2012,0,0,0,0,1,0,1,5,0,0,6.97,6.97,0.0,0.0,1.0,0.14285714285714285,0.35714285714285715,0.558721139898351,1
1214,3,5,2014,12,3,0,0,0,0,0,3,0,1,2.97,2.97,0.0,0.0,0.0,0.0,0.0,0.0,0
824,5,5,2013,0,0,0,0,1,1,0,5,0,0,7.26,7.26,0.0,0.0,0.0,0.0,1.0,1.2765694770084532,0
860,6,6,2013,13,1,0,0,1,1,1,6,0,1,,,,0.0,0.0,0.0,0.0,0.0,0
1194,4,5,2014,0,0,0,0,1,1,1,4,0,0,0.2,0.2,0.0,3.0,10.0,15.285714285714286,10.428571428571429,9.457227576787615,4
726,5,1,2013,0,0,0,0,0,0,0,5,0,0,2.98,2.98,0.0,0.0,0.0,0.0,0.0,0.0,0
1473,3,2,2015,0,0,0,0,1,1,1,3,0,0,2.67,2.67,0.0,0.0,1.0,0.8571428571428571,1.2142857142857142,1.4235360994562212,1
770,7,3,2013,0,0,0,0,1,0,1,7,1,0,6.97,6.97,0.0,1.0,1.0,0.8571428571428571,0.7142857142857143,0.7628961803617721,0
487,4,5,2012,0,0,0,0,0,0,0,4,0,0,1.0,1.0,0.0,17.0,0.0,8.142857142857142,7.142857142857143,4.97932232273136,9
36,1,3,2011,0,0,0,0,1,1,1,1,1,0,,,,0.0,0.0,0.0,0.0,0.0,0
104,6,5,2011,0,0,0,0,0,1,1,6,0,0,7.97,7.97,0.0,0.0,0.0,0.14285714285714285,0.25,0.5181877251716009,0
154,7,7,2011,0,0,0,0,1,1,0,7,1,0,,,,0.0,0.0,0.0,0.0,0.0,0
469,7,5,2012,0,0,0,0,0,1,1,7,1,0,2.68,2.68,0.0,0.0,0.0,0.2857142857142857,0.5357142857142857,1.1049431980420854,0
353,3,1,2012,29,3,0,0,0,0,0,3,0,1,,,,0.0,0.0,0.0,0.0,0.0,0
1723,1,10,2015,0,0,0,0,0,0,0,1,1,0,2.96,2.96,0.0,6.0,6.0,3.0,4.392857142857143,2.7262684538650315,3
836,3,5,2013,0,0,0,0,0,1,0,3,0,0,2.97,2.97,0.0,0.0,1.0,0.7142857142857143,0.5714285714285714,0.6341264874742281,0
1015,7,11,2013,0,0,0,0,1,0,1,7,1,0,0.93,0.93,0.0,1.0,1.0,3.142857142857143,2.857142857142857,2.049648311554502,2
214,4,8,2011,0,0,0,0,0,0,0,4,0,0,3.28,3.28,0.0,1.0,3.0,1.1428571428571428,1.8928571428571428,1.6406702721140967,2
432,5,4,2012,0,0,0,0,1,0,0,5,0,0,6.97,6.97,0.0,0.0,0.0,0.7142857142857143,0.7142857142857143,0.9371802805793981,1
37,2,3,2011,0,0,0,0,1,1,1,2,0,0,4.72,4.72,0.0,4.0,2.0,2.142857142857143,1.8214285714285714,1.3622848842368125,3
230,6,9,2011,0,0,0,0,0,1,1,6,0,0,,,,0.0,0.0,0.0,0.0,0.0,0
1041,5,12,2013,0,0,0,0,1,0,0,5,0,0,1.78,1.78,0.0,3.0,1.0,1.2857142857142858,2.2857142857142856,1.5600841111499228,4
94,3,5,2011,0,0,0,0,1,0,1,3,0,0,1.98,1.98,0.0,0.0,0.0,0.0,0.17857142857142858,0.47559486560567094,0
47,5,3,2011,5,4,0,0,0,0,0,5,0,1,4.5,4.5,0.0,4.0,0.0,2.7142857142857144,1.7857142857142858,1.5481684006675098,0
1486,2,2,2015,0,0,0,0,0,0,0,2,0,0,1.97,1.97,0.0,0.0,0.0,0.0,0.10714285714285714,0.31497039417435657,0
1192,2,5,2014,0,0,0,0,1,0,0,2,0,0,,,,0.0,0.0,0.0,0.0,0.0,0
1378,6,11,2014,0,0,0,0,1,1,1,6,0,0,3.5,3.5,0.0,0.0,0.0,0.0,0.0,0.0,0
70,7,4,2011,0,0,0,0,1,0,1,7,1,0,,,,0.0,0.0,0.0,0.0,0.0,0
1740,4,11,2015,0,0,0,0,1,1,1,4,0,0,2.68,2.68,0.0,1.0,5.0,5.142857142857143,7.678571428571429,4.929529850834064,3
1775,4,12,2015,0,0,0,0,1,0,1,4,0,0,4.78,4.78,0.0,0.0,0.0,0.7142857142857143,0.5714285714285714,0.7417981870189148,1
412,6,3,2012,0,0,0,0,0,1,1,6,0,0,11.97,11.97,0.0,0.0,0.0,0.0,0.0,0.0,0
691,5,12,2012,0,0,0,0,0,0,0,5,0,0,1.25,1.25,0.0,46.0,103.0,51.285714285714285,50.357142857142854,19.613325564078597,58
1704,3,9,2015,0,0,0,0,0,0,0,3,0,0,0.57,0.57,0.0,0.0,0.0,0.14285714285714285,0.17857142857142858,0.7723735149271186,0
1482,5,2,2015,4,4,0,0,0,0,0,5,0,1,1.38,1.38,0.0,0.0,0.0,0.8571428571428571,0.6785714285714286,1.4670093394782453,0
1136,2,3,2014,0,0,0,0,1,1,1,2,0,0,2.98,2.98,0.0,0.0,0.0,0.0,0.21428571428571427,0.4986754943620638,0
1217,6,5,2014,0,0,0,0,0,0,0,6,0,0,2.38,2.38,0.0,0.0,0.0,0.0,0.0,0.0,0
941,3,8,2013,0,0,0,0,0,0,0,3,0,0,6.97,6.97,0.0,0.0,0.0,0.14285714285714285,0.25,0.44095855184409843,1
553,7,8,2012,0,0,0,0,1,1,1,7,1,0,3.97,3.97,0.0,1.0,1.0,0.7142857142857143,0.7857142857142857,0.6299407883487126,0
1389,3,11,2014,0,0,0,0,0,0,0,3,0,0,10.97,10.97,0.0,2.0,0.0,1.8571428571428572,1.6428571428571428,1.5205818991982356,2
105,7,5,2011,0,0,0,0,0,1,0,7,1,0,6.48,6.48,0.0,0.0,0.0,0.0,0.0,0.0,0
232,1,9,2011,0,0,0,0,0,0,0,1,1,0,5.67,5.67,0.0,1.0,0.0,0.14285714285714285,0.4642857142857143,0.6929348671835832,0
1162,7,4,2014,0,0,0,0,1,0,0,7,1,0,3.97,3.97,0.0,0.0,1.0,0.14285714285714285,0.39285714285714285,0.5669467095138415,0
458,3,4,2012,0,0,0,0,0,0,0,3,0,0,3.97,3.97,0.0,0.0,1.0,0.2857142857142857,1.0357142857142858,1.201300001299298,1
1678,5,9,2015,0,0,0,0,1,0,1,5,0,0,0.97,0.97,0.0,2.0,3.0,1.2857142857142858,1.6071428571428572,1.2274419565151566,3
1608,5,6,2015,0,0,0,0,0,0,0,5,0,0,2.73,2.73,0.0,0.0,0.0,0.0,0.0,0.0,0
1726,4,10,2015,0,0,0,0,0,0,0,4,0,0,2.5,2.5,0.0,0.0,2.0,1.1428571428571428,0.8571428571428571,1.6714217880746918,0
542,3,7,2012,0,0,0,0,0,0,0,3,0,0,9.88,9.88,0.0,1.0,2.0,1.5714285714285714,3.0,2.9186501192363767,2
1308,6,8,2014,0,0,0,0,0,0,0,6,0,0,1.0,1.0,0.0,3.0,2.0,4.0,2.6785714285714284,2.4502996253454916,1
969,3,9,2013,0,0,0,0,0,0,0,3,0,0,6.98,6.98,0.0,3.0,5.0,2.4285714285714284,3.25,1.974372849324094,0
1073,2,1,2014,0,0,0,0,1,1,1,2,0,0,2.22,2.22,0.0,0.0,1.0,0.14285714285714285,0.39285714285714285,0.7373267889143814,3
15,1,2,2011,0,0,0,0,0,1,1,1,1,0,3.18,3.18,0.0,2.0,,2.2857142857142856,,,1
994,7,10,2013,0,0,0,0,0,0,0,7,1,0,,,,0.0,0.0,0.0,0.0,0.0,0
1201,4,5,2014,0,0,0,0,0,1,0,4,0,0,11.97,11.97,0.0,0.0,0.0,0.0,0.03571428571428571,0.1889822365046137,0
675,3,12,2012,0,0,0,0,1,1,1,3,0,0,,,,0.0,0.0,0.0,0.0,0.0,0
1669,3,8,2015,0,0,0,0,0,0,0,3,0,0,3.0,3.0,0.0,3.0,0.0,6.857142857142857,5.857142857142857,6.0228840496170974,0
200,4,8,2011,0,0,0,0,0,0,0,4,0,0,,,,0.0,0.0,0.0,0.0,0.0,0
1754,4,11,2015,0,0,0,0,0,0,0,4,0,0,4.88,4.88,0.0,1.0,2.0,1.1428571428571428,1.3928571428571428,1.4991179064218059,0
762,6,2,2013,0,0,0,0,0,0,0,6,0,0,1.88,1.88,0.0,0.0,0.0,0.42857142857142855,0.35714285714285715,0.6214848238238695,1
1406,6,12,2014,0,0,0,0,1,0,0,6,0,0,1.78,1.78,0.0,4.0,4.0,2.0,2.5,2.0816659994661326,5
526,1,7,2012,0,0,0,0,1,1,0,1,1,0,6.97,6.97,0.0,0.0,0.0,0.0,0.07142857142857142,0.26226526415648105,0
1113,7,2,2014,2,2,0,0,0,0,1,7,1,1,6.98,6.98,0.0,0.0,0.0,0.0,0.0,0.0,0
992,5,10,2013,0,0,0,0,0,0,0,5,0,0,1.74,1.74,0.0,1.0,0.0,0.5714285714285714,0.2857142857142857,0.5998236072282913,0
967,1,9,2013,0,0,0,0,0,0,0,1,1,0,2.5,2.5,0.0,6.0,0.0,2.7142857142857144,2.0714285714285716,2.4784787961282104,0
956,4,9,2013,0,0,0,0,1,0,0,4,0,0,7.97,7.97,0.0,1.0,0.0,0.5714285714285714,0.4642857142857143,0.692934867183583,0
359,2,1,2012,0,0,0,0,0,0,0,2,0,0,2.97,2.97,0.0,0.0,0.0,0.5714285714285714,0.42857142857142855,0.6341264874742283,1
1835,1,2,2016,0,0,0,0,1,1,1,1,1,0,5.47,5.47,0.0,0.0,0.0,0.14285714285714285,0.25,0.5853140973807076,2
1685,5,9,2015,0,0,0,0,1,1,1,5,0,0,1.98,1.98,0.0,0.0,0.0,0.8571428571428571,0.8214285714285714,1.1564175661505622,0
1563,2,5,2015,11,2,0,0,1,0,0,2,0,1,4.73,4.73,0.0,0.0,0.0,0.2857142857142857,0.17857142857142858,0.47559486560567116,0
373,2,2,2012,1,1,0,0,1,1,1,2,0,1,3.24,3.24,0.0,0.0,1.0,0.7142857142857143,0.5714285714285714,0.9200874124564722,1
411,5,3,2012,0,0,0,0,0,0,1,5,0,0,,,,0.0,0.0,0.0,0.0,0.0,0
1648,3,8,2015,0,0,0,0,1,1,1,3,0,0,2.28,2.28,0.0,0.0,0.0,0.0,0.0,0.0,0
111,6,5,2011,0,0,0,0,0,0,0,6,0,0,,,,0.0,0.0,0.0,0.0,0.0,0
565,5,8,2012,0,0,0,0,0,1,1,5,0,0,0.93,0.93,0.0,2.0,0.0,2.857142857142857,3.4285714285714284,2.6447512160331823,0
902,6,7,2013,0,0,0,0,0,0,0,6,0,0,2.5,2.5,0.0,2.0,0.0,1.2857142857142858,0.5357142857142857,1.3466595945123179,1
812,7,4,2013,0,0,0,0,0,0,0,7,1,0,3.97,3.97,0.0,0.0,0.0,0.0,0.0,0.0,0
25,4,2,2011,0,0,0,0,0,0,0,4,0,0,,,,0.0,,0.0,,,0
1527,1,4,2015,0,0,0,0,1,0,0,1,1,0,1.98,1.98,0.0,2.0,0.0,0.8571428571428571,0.8571428571428571,1.0079052613579298,0
1614,4,6,2015,0,0,0,0,0,0,0,4,0,0,2.18,2.18,0.0,0.0,0.0,1.1428571428571428,0.9285714285714286,1.0515798142890085,0
744,2,2,2013,0,0,0,0,1,0,0,2,0,0,2.0,2.0,0.0,0.0,0.0,0.2857142857142857,0.25,0.5853140973807089,0
1465,2,2,2015,1,1,0,0,1,1,0,2,0,1,2.96,2.96,0.0,10.0,9.0,8.857142857142858,7.5,5.467073155618908,9
841,1,5,2013,0,0,0,0,0,0,0,1,1,0,2.77,2.77,0.0,0.0,0.0,0.8571428571428571,0.2857142857142857,0.9759000729485328,0
868,7,6,2013,0,0,0,0,0,0,1,7,1,0,7.24,7.24,0.0,0.0,0.0,0.0,0.03571428571428571,0.18898223650461052,0
718,4,1,2013,0,0,0,0,0,1,1,4,0,0,6.48,6.48,0.0,2.0,2.0,4.857142857142857,4.214285714285714,2.393774995725108,3
1018,3,11,2013,23,3,0,0,0,1,1,3,0,1,2.94,2.94,0.0,0.0,0.0,0.0,0.2857142857142857,0.5998236072282904,1
1793,1,12,2015,0,0,0,0,0,0,0,1,1,0,2.18,2.18,0.0,0.0,0.0,0.14285714285714285,0.17857142857142858,0.3900210277874806,0
222,5,9,2011,0,0,0,0,1,1,0,5,0,0,,,,0.0,0.0,0.0,0.0,0.0,0
1494,3,3,2015,0,0,0,0,1,0,1,3,0,0,5.97,5.97,0.0,0.0,0.0,0.7142857142857143,0.4642857142857143,0.6372477195601912,0
1626,2,7,2015,0,0,0,0,0,1,1,2,0,0,2.84,2.84,0.0,0.0,0.0,0.2857142857142857,0.5,0.6938886664887105,0
1846,5,2,2016,5,4,0,0,0,0,0,5,0,1,3.0,3.0,0.0,0.0,5.0,0.0,0.17857142857142858,0.9449111825230748,0
507,3,6,2012,0,0,0,0,0,0,0,3,0,0,,,,0.0,0.0,0.0,0.0,0.0,0
1389,3,11,2014,0,0,0,0,0,0,0,3,0,0,2.88,2.88,0.0,1.0,2.0,0.8571428571428571,0.4642857142857143,0.7926581093427842,0
1707,6,10,2015,0,0,0,0,1,1,0,6,0,0,2.97,2.97,0.0,0.0,0.0,0.0,0.0,0.0,0
286,6,11,2011,0,0,0,0,1,0,0,6,0,0,,,,0.0,0.0,0.0,0.0,0.0,0
359,2,1,2012,0,0,0,0,0,0,0,2,0,0,,,,0.0,0.0,0.0,0.0,0.0,0
688,2,12,2012,26,4,0,0,0,0,0,2,0,1,2.96,2.96,0.0,6.0,4.0,4.571428571428571,3.142857142857143,2.414681724511087,0
150,3,6,2011,0,0,0,0,0,0,0,3,0,0,9.88,9.88,0.0,3.0,0.0,1.7142857142857142,2.4285714285714284,1.9134721480532852,4
594,6,9,2012,0,0,0,0,0,1,0,6,0,0,1.97,1.97,0.0,0.0,0.0,0.42857142857142855,0.5,0.693888666488711,1
1380,1,11,2014,0,0,0,0,1,0,1,1,1,0,3.97,3.97,0.0,0.0,0.0,0.42857142857142855,0.6428571428571429,0.9511897312113424,1
48,6,3,2011,6,2,0,0,0,0,0,6,0,1,,,,0.0,0.0,0.0,0.0,0.0,0
382,4,2,2012,2,2,0,0,0,0,1,4,0,1,3.98,,,0.0,0.0,0.0,0.0,0.0,0
519,1,6,2012,0,0,0,0,0,0,0,1,1,0,4.97,4.97,0.0,0.0,0.0,0.0,0.21428571428571427,0.4986754943620639,1
435,1,4,2012,0,0,0,0,1,1,0,1,1,0,,,,0.0,0.0,0.0,0.0,0.0,0
319,4,12,2011,0,0,0,0,0,1,0,4,0,0,2.86,2.86,0.0,0.0,0.0,0.0,0.0,0.0,0
1634,3,7,2015,0,0,0,0,0,0,0,3,0,0,2.28,2.28,0.0,0.0,0.0,0.0,0.0,0.0,0
1272,5,7,2014,0,0,0,0,0,0,0,5,0,0,,,,0.0,0.0,0.0,0.0,0.0,0
570,3,8,2012,0,0,0,0,0,0,0,3,0,0,4.48,4.48,0.0,3.0,3.0,2.0,2.8214285714285716,1.886670031967377,3
1021,6,11,2013,0,0,0,0,0,0,1,6,0,0,,,,0.0,0.0,0.0,0.0,0.0,0
302,1,11,2011,0,0,0,0,0,0,0,1,1,0,,,,0.0,0.0,0.0,0.0,0.0,0
1578,3,5,2015,12,3,0,0,0,0,0,3,0,1,2.42,2.42,0.0,1.0,0.0,1.5714285714285714,3.142857142857143,2.414681724511081,1
642,5,10,2012,21,2,0,0,0,0,0,5,0,1,10.97,10.97,0.0,0.0,0.0,0.0,0.0,0.0,0
1487,3,2,2015,0,0,0,0,0,0,0,3,0,0,0.98,0.98,0.0,0.0,9.0,2.0,3.392857142857143,3.928427125776895,8
1768,4,12,2015,0,0,0,0,1,1,0,4,0,0,2.24,2.24,0.0,0.0,0.0,0.0,0.14285714285714285,0.35634832254989934,0
1234,2,6,2014,14,1,4,1,0,1,1,2,0,1,7.67,7.67,0.0,0.0,0.0,0.8571428571428571,0.75,0.7993052538854521,0
40,5,3,2011,4,4,0,0,1,1,1,5,0,1,1.98,1.98,0.0,0.0,0.0,0.5714285714285714,0.75,1.1745763617703318,1
344,1,1,2012,28,4,0,0,1,1,0,1,1,1,2.98,2.98,0.0,0.0,3.0,0.14285714285714285,0.6071428571428571,1.1655323283657164,0
611,2,9,2012,0,0,0,0,0,0,0,2,0,0,1.0,1.0,0.0,0.0,0.0,0.0,0.0,0.0,0
1479,2,2,2015,0,0,0,0,0,1,1,2,0,0,2.28,2.28,0.0,0.0,0.0,0.0,0.5714285714285714,0.959497222838568,0
1235,3,6,2014,0,0,0,0,0,0,0,3,0,0,,,,0.0,0.0,0.0,0.0,0.0,0
816,4,4,2013,0,0,0,0,0,0,0,4,0,0,,,,0.0,0.0,0.0,0.0,0.0,0
1331,1,9,2014,0,0,0,0,0,0,0,1,1,0,0.2,0.2,0.0,0.0,22.0,2.142857142857143,2.9285714285714284,4.845223470201412,15
294,7,11,2011,0,0,0,0,0,0,0,7,1,0,2.48,2.48,0.0,11.0,20.0,13.142857142857142,12.214285714285714,5.646087749788035,10
128,2,6,2011,0,0,0,0,1,1,1,2,0,0,1.47,1.47,0.0,0.0,1.0,0.0,0.2857142857142857,0.8544932592822077,0
1533,7,4,2015,0,0,0,0,1,0,0,7,1,0,0.97,0.97,0.0,1.0,1.0,3.0,3.7142857142857144,2.746811523380078,4
1122,2,2,2014,0,0,0,0,0,0,0,2,0,0,1.48,1.48,0.0,0.0,0.0,0.0,0.0,0.0,0
590,2,9,2012,0,0,0,0,1,1,1,2,0,0,5.96,5.96,0.0,7.0,4.0,2.857142857142857,2.1785714285714284,1.8268282862112655,12
1669,3,8,2015,0,0,0,0,0,0,0,3,0,0,1.47,1.47,0.0,3.0,1.0,1.7142857142857142,1.2142857142857142,1.3153549825650612,5
635,5,10,2012,0,0,0,0,0,0,0,5,0,0,2.5,2.5,0.0,0.0,0.0,0.5714285714285714,0.6071428571428571,1.5236235005501104,0
1820,7,1,2016,0,0,0,0,0,0,0,7,1,0,0.88,0.88,0.0,2.0,0.0,1.0,0.5357142857142857,1.1049431980420843,0
1407,7,12,2014,0,0,0,0,1,1,1,7,1,0,5.27,5.27,0.0,0.0,1.0,0.7142857142857143,0.32142857142857145,0.6696362433535823,3
67,4,4,2011,0,0,0,0,1,1,1,4,0,0,9.42,9.42,0.0,0.0,1.0,0.0,0.17857142857142858,0.3900210277874798,0
1399,6,11,2014,24,3,0,0,0,0,0,6,0,1,2.88,2.88,0.0,0.0,0.0,0.0,0.0,0.0,0
375,4,2,2012,0,0,0,0,1,1,0,4,0,0,2.98,2.98,0.0,1.0,0.0,0.14285714285714285,0.14285714285714285,0.35634832254989934,0
558,5,8,2012,0,0,0,0,1,0,1,5,0,0,,,,0.0,0.0,0.0,0.0,0.0,0
1326,3,9,2014,0,0,0,0,0,1,1,3,0,0,2.98,2.98,0.0,0.0,1.0,0.8571428571428571,0.8214285714285714,0.9449111825230695,0
1322,6,9,2014,0,0,0,0,0,1,1,6,0,0,4.98,4.98,0.0,0.0,0.0,0.0,0.2857142857142857,0.4600437062282364,0
206,3,8,2011,0,0,0,0,0,0,0,3,0,0,,,,0.0,0.0,0.0,0.0,0.0,0
453,5,4,2012,0,0,0,0,0,0,0,5,0,0,,,,0.0,0.0,0.0,0.0,0.0,0
840,7,5,2013,0,0,0,0,0,0,0,7,1,0,1.0,1.0,0.0,0.0,6.0,1.5714285714285714,1.7142857142857142,1.8024087351866809,2
966,7,9,2013,0,0,0,0,0,0,0,7,1,0,2.47,2.47,0.0,2.0,1.0,1.1428571428571428,1.7142857142857142,2.1918560181345867,4
58,2,3,2011,0,0,0,0,0,0,0,2,0,0,6.97,6.97,0.0,0.0,2.0,0.14285714285714285,0.4642857142857143,0.5762035942360841,0
253,1,10,2011,0,0,0,0,1,0,1,1,1,0,1.28,1.28,0.0,47.0,0.0,33.0,15.0,15.724479618075101,41
1192,2,5,2014,0,0,0,0,1,0,0,2,0,0,6.97,6.97,0.0,0.0,0.0,0.5714285714285714,0.2857142857142857,0.4600437062282352,1
612,3,10,2012,0,0,0,0,1,1,0,3,0,0,,,,0.0,0.0,0.0,0.0,0.0,0
1036,7,11,2013,0,0,0,0,0,0,0,7,1,0,,,,0.0,0.0,0.0,0.0,0.0,0
522,4,7,2012,0,0,0,0,1,1,1,4,0,0,,,,0.0,0.0,0.0,0.0,0.0,0
830,4,5,2013,0,0,0,0,1,1,0,4,0,0,2.24,2.24,0.0,1.0,3.0,2.4285714285714284,2.5714285714285716,2.5302403842553005,5
148,1,6,2011,0,0,0,0,0,0,0,1,1,0,10.47,10.47,0.0,2.0,0.0,1.0,1.0714285714285714,0.8132500607904446,1
874,6,6,2013,14,1,0,0,0,0,0,6,0,1,0.46,0.46,0.0,2.0,3.0,1.1428571428571428,1.9285714285714286,1.8444826922788913,4
1275,1,7,2014,0,0,0,0,0,0,0,1,1,0,2.84,2.84,0.0,0.0,0.0,0.7142857142857143,1.0714285714285714,1.1841099620037074,0
102,4,5,2011,0,0,0,0,1,0,0,4,0,0,,,,0.0,0.0,0.0,0.0,0.0,0
1266,6,7,2014,0,0,0,0,0,0,0,6,0,0,12.98,12.98,0.0,0.0,0.0,0.5714285714285714,0.42857142857142855,0.7417981870189159,0
1691,4,9,2015,0,0,0,0,0,1,1,4,0,0,6.97,6.97,0.0,0.0,0.0,0.7142857142857143,0.7142857142857143,1.0837911120705754,1
263,4,10,2011,0,0,0,0,0,0,0,4,0,0,6.97,6.97,0.0,1.0,0.0,0.42857142857142855,0.39285714285714285,0.6852566815265063,0
538,6,7,2012,0,0,0,0,0,0,0,6,0,0,1.98,1.98,0.0,3.0,1.0,3.0,2.142857142857143,1.2682529749484521,2
129,3,6,2011,0,0,0,0,1,1,1,3,0,0,,,,0.0,0.0,0.0,0.0,0.0,0
296,2,11,2011,0,0,0,0,0,0,0,2,0,0,1.97,1.97,0.0,10.0,7.0,7.0,8.428571428571429,3.436498771936896,2
1167,5,4,2014,0,0,0,0,1,1,1,5,0,0,,,,0.0,0.0,0.0,0.0,0.0,0
1365,7,10,2014,0,0,0,0,0,0,0,7,1,0,6.97,6.97,0.0,0.0,1.0,0.2857142857142857,0.25,0.5181877251716004,0
699,6,12,2012,0,0,0,0,0,0,0,6,0,0,2.78,2.78,0.0,13.0,8.0,10.428571428571429,10.464285714285714,4.834154281676112,7
270,4,10,2011,0,0,0,0,0,0,0,4,0,0,,,,0.0,0.0,0.0,0.0,0.0,0
1307,5,8,2014,0,0,0,0,0,0,0,5,0,0,4.44,4.44,0.0,1.0,0.0,0.7142857142857143,0.39285714285714285,0.49734746139343833,0
358,1,1,2012,0,0,0,0,0,0,0,1,1,0,1.0,1.0,0.0,27.0,0.0,27.142857142857142,22.428571428571427,13.736754081602129,19
1685,5,9,2015,0,0,0,0,1,1,1,5,0,0,4.97,4.97,0.0,1.0,0.0,0.14285714285714285,0.14285714285714285,0.4483951394230329,7
1043,7,12,2013,0,0,0,0,1,1,1,7,1,0,2.88,2.88,0.0,2.0,1.0,1.1428571428571428,0.9642857142857143,1.3466595945123108,0
1625,1,7,2015,0,0,0,0,0,1,1,1,1,0,6.97,6.97,0.0,0.0,0.0,0.0,0.17857142857142858,0.3900210277874791,0
88,4,4,2011,9,4,0,0,0,0,0,4,0,1,3.28,3.28,0.0,3.0,2.0,2.0,2.1785714285714284,1.8064405645433002,0
701,1,12,2012,0,0,0,0,0,0,0,1,1,0,5.27,5.27,0.0,0.0,1.0,0.0,0.39285714285714285,0.5669467095138405,0
363,6,1,2012,0,0,0,0,0,0,0,6,0,0,,,,0.0,0.0,0.0,0.0,0.0,0
503,6,6,2012,0,0,0,0,0,0,1,6,0,0,,,,0.0,0.0,0.0,0.0,0.0,0
950,5,9,2013,0,0,0,0,1,0,0,5,0,0,7.47,7.47,0.0,0.0,2.0,0.0,0.32142857142857145,0.7723735149271097,0
1574,6,5,2015,0,0,0,0,0,0,0,6,0,0,5.27,5.27,0.0,0.0,0.0,0.14285714285714285,0.25,0.799305253885453,0
542,3,7,2012,0,0,0,0,0,0,0,3,0,0,,,,0.0,0.0,0.0,0.0,0.0,0
70,7,4,2011,0,0,0,0,1,0,1,7,1,0,,,,0.0,0.0,0.0,0.0,0.0,0
867,6,6,2013,0,0,0,0,0,1,0,6,0,0,1.78,1.78,0.0,3.0,1.0,0.7142857142857143,0.8214285714285714,1.3892063129334598,0
1451,2,1,2015,0,0,0,0,0,0,0,2,0,0,4.68,4.68,0.0,0.0,0.0,0.2857142857142857,0.07142857142857142,0.2622652641564832,0
1446,4,1,2015,0,0,0,0,0,1,0,4,0,0,2.73,2.73,0.0,0.0,0.0,0.14285714285714285,0.17857142857142858,0.3900210277874797,1
361,4,1,2012,0,0,0,0,0,0,0,4,0,0,3.86,3.86,0.0,1.0,6.0,3.4285714285714284,3.6785714285714284,4.3805425964318,0
243,5,9,2011,0,0,0,0,0,0,0,5,0,0,6.97,6.97,0.0,0.0,0.0,0.2857142857142857,0.25,0.6454972243679029,0
1611,1,6,2015,0,0,0,0,0,0,0,1,1,0,2.78,2.78,0.0,0.0,1.0,1.2857142857142858,1.75,1.3777329741819164,3
1667,1,8,2015,0,0,0,0,0,0,0,1,1,0,1.0,1.0,0.0,3.0,3.0,4.857142857142857,4.142857142857143,4.727494722282229,0
537,5,7,2012,0,0,0,0,0,0,0,5,0,0,5.47,5.47,0.0,1.0,0.0,0.14285714285714285,0.39285714285714285,0.6852566815265062,0
1324,1,9,2014,0,0,0,0,0,1,0,1,1,0,3.93,3.93,0.0,3.0,2.0,0.8571428571428571,0.9642857142857143,1.0708993401928109,1
1200,3,5,2014,0,0,0,0,0,1,1,3,0,0,2.5,2.5,0.0,0.0,0.0,0.0,0.0,0.0,0
1136,2,3,2014,0,0,0,0,1,1,1,2,0,0,10.98,10.98,0.0,0.0,0.0,0.0,0.10714285714285714,0.3149703941743569,3
214,4,8,2011,0,0,0,0,0,0,0,4,0,0,,,,0.0,0.0,0.0,0.0,0.0,0
359,2,1,2012,0,0,0,0,0,0,0,2,0,0,3.48,3.48,0.0,4.0,0.0,3.2857142857142856,2.6785714285714284,1.4670093394782449,4
1444,2,1,2015,0,0,0,0,0,1,1,2,0,0,1.28,1.28,0.0,0.0,0.0,1.0,0.25,1.0046189622236181,0
1569,1,5,2015,0,0,0,0,0,0,0,1,1,0,7.88,7.88,0.0,0.0,0.0,0.14285714285714285,0.21428571428571427,0.4178554470186704,0
978,5,10,2013,0,0,0,0,1,0,1,5,0,0,7.5,7.5,0.0,0.0,0.0,0.0,0.0,0.0,0
1209,5,5,2014,0,0,0,0,0,0,0,5,0,0,2.5,2.5,0.0,0.0,0.0,0.0,0.0,0.0,0
1322,6,9,2014,0,0,0,0,0,1,1,6,0,0,5.98,5.98,0.0,0.0,0.0,0.42857142857142855,0.5,0.6938886664887106,0
1579,4,5,2015,0,0,0,0,0,0,0,4,0,0,8.98,8.98,0.0,0.0,0.0,0.7142857142857143,0.75,1.0046189622236177,0
319,4,12,2011,0,0,0,0,0,1,0,4,0,0,,,,0.0,0.0,0.0,0.0,0.0,0
1698,4,9,2015,0,0,0,0,0,0,0,4,0,0,3.97,3.97,0.0,0.0,0.0,0.2857142857142857,0.14285714285714285,0.3563483225498991,0
1217,6,5,2014,0,0,0,0,0,0,0,6,0,0,2.5,2.5,0.0,0.0,0.0,0.0,0.0,0.0,0
180,5,7,2011,0,0,0,0,0,0,0,5,0,0,3.12,3.12,0.0,3.0,0.0,1.7142857142857142,1.25,1.5545631755148013,1
160,6,7,2011,0,0,0,0,1,1,0,6,0,0,1.98,1.98,0.0,4.0,0.0,3.2857142857142856,2.892857142857143,2.3779743280283534,4
701,1,12,2012,0,0,0,0,0,0,0,1,1,0,,,,0.0,0.0,0.0,0.0,0.0,0
392,7,2,2012,0,0,0,0,0,0,0,7,1,0,,,,0.0,0.0,0.0,0.0,0.0,0
1802,3,1,2016,0,0,0,0,1,0,0,3,0,0,2.28,2.28,0.0,0.0,0.0,0.5714285714285714,0.32142857142857145,0.5479640045336027,0
412,6,3,2012,0,0,0,0,0,1,1,6,0,0,5.97,5.97,0.0,0.0,0.0,0.2857142857142857,0.21428571428571427,0.49867549436206376,0
1290,2,8,2014,0,0,0,0,1,0,0,2,0,0,8.98,8.98,0.0,2.0,0.0,0.2857142857142857,0.4642857142857143,0.7444681351359538,4
927,3,8,2013,0,0,0,0,0,1,1,3,0,0,,,,0.0,0.0,0.0,0.0,0.0,0
1845,4,2,2016,0,0,0,0,0,0,0,4,0,0,5.94,5.94,0.0,1.0,0.0,1.5714285714285714,1.1071428571428572,1.3700307029348384,0
1208,4,5,2014,0,0,0,0,0,0,0,4,0,0,1.88,1.88,0.0,0.0,0.0,0.0,0.42857142857142855,0.7901510136288165,0
1819,6,1,2016,0,0,0,0,0,0,0,6,0,0,3.32,3.32,0.0,0.0,1.0,1.4285714285714286,0.6428571428571429,1.0615950861718044,1
440,6,4,2012,0,0,0,0,0,1,1,6,0,0,,,,0.0,0.0,0.0,0.0,0.0,0
304,3,11,2011,0,0,0,0,0,0,0,3,0,0,3.97,3.97,0.0,0.0,0.0,0.5714285714285714,0.75,0.9279607271383371,0
1394,1,11,2014,0,0,0,0,0,0,0,1,1,0,1.96,1.96,0.0,1.0,6.0,1.1428571428571428,1.8928571428571428,1.7286107827082702,1
568,1,8,2012,0,0,0,0,0,0,0,1,1,0,2.5,2.5,0.0,1.0,2.0,1.0,1.6785714285714286,1.2187902754164621,0
1732,3,10,2015,0,0,0,0,0,0,0,3,0,0,2.98,2.98,0.0,0.0,1.0,0.14285714285714285,0.21428571428571427,0.4178554470186728,0
1277,3,7,2014,0,0,0,0,0,0,0,3,0,0,1.87,1.87,0.0,1.0,2.0,1.2857142857142858,2.142857142857143,1.4584183648679585,3
1522,3,3,2015,0,0,0,0,0,0,0,3,0,0,7.67,7.67,0.0,1.0,2.0,0.42857142857142855,0.5714285714285714,0.8357108940373439,0
1327,4,9,2014,0,0,0,0,0,0,0,4,0,0,1.25,1.25,0.0,4.0,12.0,7.571428571428571,7.214285714285714,4.817846013691228,3
977,4,10,2013,0,0,0,0,1,1,0,4,0,0,5.98,5.98,0.0,3.0,0.0,0.5714285714285714,0.75,0.9670497325294005,0
13,6,2,2011,0,0,0,0,1,0,0,6,0,0,,,,0.0,,0.0,,,0
1146,5,3,2014,0,0,0,0,0,0,0,5,0,0,2.99,3.97,-0.98,0.0,0.0,0.2857142857142857,0.7142857142857143,1.1818736805705574,14
1672,6,8,2015,0,0,0,0,0,0,0,6,0,0,2.98,2.98,0.0,0.0,0.0,0.7142857142857143,1.1428571428571428,1.580302027257606,0
176,1,7,2011,0,0,0,0,0,0,0,1,1,0,2.64,2.64,0.0,0.0,0.0,0.0,0.10714285714285714,0.41626965212518563,0
255,3,10,2011,20,3,0,0,1,0,0,3,0,1,1.25,1.25,0.0,3.0,12.0,4.571428571428571,4.571428571428571,4.557684365166898,6
30,2,2,2011,0,0,0,0,0,0,0,2,0,0,,,,0.0,0.0,0.0,0.0,0.0,0
1855,7,2,2016,0,0,0,0,0,0,0,7,1,0,3.24,3.24,0.0,0.0,0.0,0.14285714285714285,0.14285714285714285,0.35634832254989823,0
176,1,7,2011,0,0,0,0,0,0,0,1,1,0,3.28,3.28,0.0,3.0,2.0,2.4285714285714284,1.3214285714285714,1.722478219581083,3
797,6,4,2013,0,0,0,0,1,0,0,6,0,0,1.0,1.0,0.0,7.0,1.0,18.857142857142858,13.321428571428571,10.523531203674473,1
796,5,4,2013,0,0,0,0,1,1,1,5,0,0,,,,0.0,0.0,0.0,0.0,0.0,0
1122,2,2,2014,0,0,0,0,0,0,0,2,0,0,2.98,2.98,0.0,1.0,0.0,0.7142857142857143,0.32142857142857145,0.6118321864193027,0
1182,6,4,2014,0,0,0,0,0,0,0,6,0,0,,,,0.0,0.0,0.0,0.0,0.0,0
1721,6,10,2015,0,0,0,0,0,1,1,6,0,0,5.97,5.97,0.0,0.0,0.0,0.14285714285714285,0.35714285714285715,0.6784669927988102,0
359,2,1,2012,0,0,0,0,0,0,0,2,0,0,,,,0.0,0.0,0.0,0.0,0.0,0
1215,4,5,2014,0,0,0,0,0,0,0,4,0,0,11.97,11.97,0.0,1.0,0.0,0.2857142857142857,0.07142857142857142,0.2622652641564811,0
448,7,4,2012,0,0,0,0,0,0,0,7,1,0,2.82,2.82,0.0,0.0,0.0,0.0,0.8571428571428571,2.811540841738195,0
383,5,2,2012,0,0,0,0,0,1,1,5,0,0,,,,0.0,0.0,0.0,0.0,0.0,0
352,2,1,2012,0,0,0,0,0,1,1,2,0,0,3.28,3.28,0.0,2.0,0.0,0.5714285714285714,0.5,0.6382847385042275,0
87,3,4,2011,0,0,0,0,0,0,0,3,0,0,,,,0.0,0.0,0.0,0.0,0.0,0
517,6,6,2012,0,0,0,0,0,0,0,6,0,0,,,,0.0,0.0,0.0,0.0,0.0,0
1646,1,8,2015,0,0,0,0,1,1,0,1,1,0,1.97,1.97,0.0,1.0,1.0,0.2857142857142857,0.2857142857142857,0.46004370622823637,0
55,6,3,2011,0,0,0,0,0,0,0,6,0,0,,,,0.0,0.0,0.0,0.0,0.0,0
230,6,9,2011,0,0,0,0,0,1,1,6,0,0,2.58,2.58,0.0,0.0,0.0,0.0,0.0,0.0,0
249,4,10,2011,0,0,0,0,1,0,0,4,0,0,1.98,1.98,0.0,0.0,0.0,0.2857142857142857,0.21428571428571427,0.4986754943620638,0
360,3,1,2012,0,0,0,0,0,0,0,3,0,0,6.97,6.97,0.0,0.0,0.0,0.14285714285714285,0.35714285714285715,0.4879500364742664,0
1150,2,3,2014,0,0,0,0,0,0,0,2,0,0,4.38,4.38,0.0,1.0,3.0,0.42857142857142855,0.5,0.6938886664887123,1
67,4,4,2011,0,0,0,0,1,1,1,4,0,0,,,,0.0,0.0,0.0,0.0,0.0,0
1353,2,10,2014,0,0,0,0,0,1,1,2,0,0,6.97,6.97,0.0,0.0,3.0,1.2857142857142858,0.7142857142857143,1.2128064441201942,0
889,7,7,2013,0,0,0,0,1,1,1,7,1,0,2.94,2.94,0.0,0.0,1.0,0.7142857142857143,0.6071428571428571,1.1333099904225379,1
436,2,4,2012,30,2,0,0,1,0,1,2,0,1,4.97,4.97,0.0,0.0,0.0,0.0,0.0,0.0,0
509,5,6,2012,0,0,0,0,0,0,0,5,0,0,,,,0.0,0.0,0.0,0.0,0.0,0
1299,4,8,2014,0,0,0,0,0,0,0,4,0,0,4.98,4.98,0.0,0.0,1.0,0.2857142857142857,0.39285714285714285,0.628890010655795,0
1088,3,1,2014,29,3,0,0,0,0,0,3,0,1,5.98,5.98,0.0,0.0,1.0,0.0,0.10714285714285714,0.31497039417435563,0
1178,2,4,2014,30,2,3,2,0,0,0,2,0,1,0.54,0.54,0.0,4.0,2.0,2.2857142857142856,2.0357142857142856,3.3607995395401904,5
1464,1,1,2015,0,0,0,0,0,0,0,1,1,0,3.98,3.98,0.0,1.0,3.0,0.42857142857142855,0.5357142857142857,0.9993384054849734,0
473,4,5,2012,0,0,0,0,0,1,1,4,0,0,1.98,1.98,0.0,1.0,0.0,1.7142857142857142,0.8214285714285714,1.0904831219021363,1
343,7,1,2012,0,0,0,0,1,1,1,7,1,0,,,,0.0,0.0,0.0,0.0,0.0,0
640,3,10,2012,0,0,0,0,0,0,0,3,0,0,3.98,3.98,0.0,1.0,2.0,4.142857142857143,3.0714285714285716,3.0783421635988533,0
1008,7,11,2013,0,0,0,0,1,1,0,7,1,0,2.98,2.98,0.0,0.0,1.0,0.2857142857142857,0.35714285714285715,0.5587211398983281,1
1256,3,7,2014,0,0,0,0,1,1,0,3,0,0,,,,0.0,0.0,0.0,0.0,0.0,0
282,2,11,2011,0,0,0,0,1,1,1,2,0,0,,,,0.0,0.0,0.0,0.0,0.0,0
1323,7,9,2014,0,0,0,0,0,1,1,7,1,0,8.97,8.97,0.0,0.0,0.0,1.0,0.39285714285714285,0.6288900106557948,0
974,1,9,2013,0,0,0,0,0,0,0,1,1,0,4.74,4.74,0.0,0.0,0.0,0.7142857142857143,0.6785714285714286,1.3622848842368127,0
901,5,7,2013,0,0,0,0,0,0,0,5,0,0,3.28,3.28,0.0,7.0,5.0,4.285714285714286,5.571428571428571,3.900888516342302,4
498,1,6,2012,0,0,0,0,1,1,1,1,1,0,8.47,8.47,0.0,0.0,0.0,0.0,0.0,0.0,0
543,4,7,2012,0,0,0,0,0,0,0,4,0,0,4.63,4.63,0.0,0.0,0.0,0.14285714285714285,0.39285714285714285,0.6852566815265063,0
679,7,12,2012,0,0,0,0,1,1,0,7,1,0,1.88,1.88,0.0,6.0,4.0,3.7142857142857144,3.3214285714285716,2.5100327787231262,5
457,2,4,2012,0,0,0,0,0,0,0,2,0,0,,,,0.0,0.0,0.0,0.0,0.0,0
939,1,8,2013,0,0,0,0,0,0,0,1,1,0,2.98,2.98,0.0,0.0,0.0,0.0,0.03571428571428571,0.1889822365046136,0
1343,6,10,2014,0,0,0,0,1,0,1,6,0,0,1.78,1.78,0.0,5.0,0.0,2.142857142857143,1.9642857142857142,1.5511559096637115,0
273,7,10,2011,0,0,0,0,0,0,0,7,1,0,,,,0.0,0.0,0.0,0.0,0.0,0
99,1,5,2011,0,0,0,0,1,1,0,1,1,0,2.48,2.48,0.0,26.0,23.0,18.571428571428573,20.357142857142858,8.607551747735648,21
1567,6,5,2015,0,0,0,0,0,0,1,6,0,0,9.98,9.98,0.0,0.0,0.0,0.0,0.0,0.0,0
1147,6,3,2014,0,0,0,0,0,0,0,6,0,0,1.98,1.98,0.0,0.0,0.0,0.7142857142857143,0.6785714285714286,1.055973183882701,1
202,6,8,2011,0,0,0,0,0,0,0,6,0,0,2.73,2.73,0.0,0.0,0.0,0.14285714285714285,0.42857142857142855,0.690065559342354,0
1367,2,10,2014,0,0,0,0,0,0,0,2,0,0,7.97,7.97,0.0,2.0,0.0,0.8571428571428571,0.7142857142857143,0.8544932592822072,2
654,3,11,2012,0,0,0,0,0,1,1,3,0,0,0.97,0.97,0.0,0.0,1.0,0.5714285714285714,0.5357142857142857,0.7444681351359538,3
610,1,9,2012,0,0,0,0,0,0,0,1,1,0,1.74,1.74,0.0,0.0,0.0,0.0,0.0,0.0,0
1145,4,3,2014,0,0,0,0,0,0,0,4,0,0,5.94,5.94,0.0,2.0,0.0,0.7142857142857143,0.4642857142857143,0.6929348671835832,0
788,4,3,2013,0,0,0,0,0,0,0,4,0,0,5.98,5.98,0.0,0.0,0.0,0.2857142857142857,0.35714285714285715,0.8698354767504926,0
1856,1,2,2016,0,0,0,0,0,0,0,1,1,0,6.96,6.96,0.0,1.0,0.0,0.14285714285714285,0.25,0.5181877251716003,1
1708,7,10,2015,0,0,0,0,1,0,1,7,1,0,1.0,1.0,0.0,0.0,1.0,2.142857142857143,1.5714285714285714,1.6426846010152711,9
1763,6,11,2015,24,3,0,0,0,0,0,6,0,1,5.24,5.24,0.0,1.0,0.0,0.2857142857142857,0.25,0.5181877251716005,0
1319,3,9,2014,0,0,0,0,1,0,1,3,0,0,2.24,2.24,0.0,1.0,0.0,0.7142857142857143,1.6785714285714286,1.3622848842368198,1
793,2,3,2013,30,2,0,0,0,0,0,2,0,1,,,,0.0,0.0,0.0,0.0,0.0,0
1597,1,6,2015,0,0,0,0,0,1,0,1,1,0,2.88,2.88,0.0,2.0,0.0,2.0,1.6428571428571428,1.520581899198224,1
954,2,9,2013,0,0,0,0,1,0,1,2,0,0,4.74,4.74,0.0,0.0,0.0,1.2857142857142858,0.7857142857142857,1.2577800213115895,0
1839,5,2,2016,4,4,0,0,1,0,0,5,0,1,3.94,3.94,0.0,1.0,0.0,1.8571428571428572,1.8214285714285714,1.540888907202145,1
725,4,1,2013,0,0,0,0,0,0,0,4,0,0,3.97,3.97,0.0,0.0,0.0,0.0,0.39285714285714285,0.6852566815265075,0
1523,4,3,2015,0,0,0,0,0,0,0,4,0,0,4.98,4.98,0.0,0.0,0.0,0.14285714285714285,0.14285714285714285,0.35634832254989846,0
1671,5,8,2015,0,0,0,0,0,0,0,5,0,0,5.96,5.96,0.0,0.0,0.0,0.0,0.0,0.0,0
1753,3,11,2015,0,0,0,0,0,0,0,3,0,0,4.98,,,0.0,0.0,0.42857142857142855,0.10714285714285714,0.4162696521251859,1
58,2,3,2011,0,0,0,0,0,0,0,2,0,0,,,,0.0,0.0,0.0,0.0,0.0,0
418,5,3,2012,0,0,0,0,0,0,0,5,0,0,2.47,2.47,0.0,0.0,0.0,0.2857142857142857,0.17857142857142858,0.5479640045336467,0
1151,3,3,2014,0,0,0,0,0,0,0,3,0,0,3.48,3.48,0.0,1.0,12.0,1.5714285714285714,1.5,2.545875386086574,2
932,1,8,2013,0,0,0,0,0,0,0,1,1,0,,,,0.0,0.0,0.0,0.0,0.0,0
633,3,10,2012,0,0,0,0,0,0,0,3,0,0,,,,0.0,0.0,0.0,0.0,0.0,0
1722,7,10,2015,0,0,0,0,0,0,0,7,1,0,0.93,0.93,0.0,3.0,4.0,1.8571428571428572,2.3214285714285716,1.9823960703891124,4
1543,3,4,2015,0,0,0,0,0,0,0,3,0,0,4.98,4.98,0.0,0.0,0.0,0.14285714285714285,0.10714285714285714,0.3149703941743552,0
1020,5,11,2013,0,0,0,0,0,1,0,5,0,0,1.98,1.98,0.0,2.0,3.0,1.4285714285714286,2.2142857142857144,2.0791227291219054,1
268,2,10,2011,0,0,0,0,0,0,0,2,0,0,,,,0.0,0.0,0.0,0.0,0.0,0
576,2,8,2012,0,0,0,0,0,0,0,2,0,0,4.88,4.88,0.0,1.0,0.0,0.42857142857142855,1.3571428571428572,1.3934844605516574,1
195,6,8,2011,0,0,0,0,0,1,1,6,0,0,3.28,3.28,0.0,4.0,5.0,2.5714285714285716,2.892857142857143,1.6630914033428879,0
1208,4,5,2014,0,0,0,0,0,0,0,4,0,0,,,,0.0,0.0,0.0,0.0,0.0,0
792,1,3,2013,0,0,0,0,0,0,0,1,1,0,1.0,1.0,0.0,0.0,0.0,0.0,0.07142857142857142,0.37796447300911634,0
362,5,1,2012,0,0,0,0,0,0,0,5,0,0,2.97,2.97,0.0,0.0,0.0,0.5714285714285714,0.25,0.5181877251716023,2
1128,1,3,2014,0,0,0,0,1,1,0,1,1,0,2.5,2.5,0.0,1.0,2.0,0.14285714285714285,0.5357142857142857,0.8811668550592607,1
395,3,2,2012,0,0,0,0,0,0,0,3,0,0,,,,0.0,0.0,0.0,0.0,0.0,0
772,2,3,2013,0,0,0,0,1,0,0,2,0,0,1.58,1.58,0.0,84.0,78.0,76.42857142857143,69.14285714285714,15.58421396374306,121
1156,1,3,2014,0,0,0,0,0,0,0,1,1,0,2.42,2.42,0.0,0.0,3.0,0.2857142857142857,0.8571428571428571,1.0440053112638277,2
450,2,4,2012,0,0,0,0,0,0,0,2,0,0,6.97,6.97,0.0,0.0,0.0,0.2857142857142857,0.07142857142857142,0.26226526415648105,0
819,7,4,2013,0,0,0,0,0,0,0,7,1,0,7.5,7.5,0.0,0.0,2.0,1.5714285714285714,1.75,1.3228756555322956,3
689,3,12,2012,0,0,0,0,0,0,0,3,0,0,2.5,2.5,0.0,0.0,0.0,0.5714285714285714,0.75,0.927960727138336,3
1791,6,12,2015,0,0,0,0,0,0,0,6,0,0,8.92,8.92,0.0,0.0,0.0,0.2857142857142857,0.4642857142857143,0.7444681351359548,1
1545,5,4,2015,0,0,0,0,0,0,0,5,0,0,1.98,1.98,0.0,0.0,0.0,0.8571428571428571,0.9285714285714286,0.9786071518602034,0
1075,4,1,2014,28,4,0,0,1,1,0,4,0,1,5.34,5.34,0.0,0.0,0.0,0.5714285714285714,0.32142857142857145,0.6118321864193027,0
935,4,8,2013,0,0,0,0,0,0,0,4,0,0,,,,0.0,0.0,0.0,0.0,0.0,0
695,2,12,2012,0,0,0,0,0,0,0,2,0,0,2.68,2.68,0.0,0.0,1.0,0.2857142857142857,0.21428571428571427,0.49867549436206277,1
1513,1,3,2015,0,0,0,0,0,0,0,1,1,0,2.98,2.98,0.0,5.0,2.0,2.7142857142857144,2.7857142857142856,1.6183471874253754,0
226,2,9,2011,0,0,0,0,0,1,1,2,0,0,1.98,1.98,0.0,0.0,0.0,0.0,0.0,0.0,0
809,4,4,2013,0,0,0,0,0,0,0,4,0,0,1.74,1.74,0.0,0.0,1.0,0.5714285714285714,0.5714285714285714,0.8357108940373404,0
1618,1,7,2015,16,3,0,0,1,0,0,1,1,1,3.93,3.93,0.0,0.0,0.0,0.42857142857142855,0.2857142857142857,0.6586823467062362,0
809,4,4,2013,0,0,0,0,0,0,0,4,0,0,1.88,1.88,0.0,2.0,2.0,2.142857142857143,1.5714285714285714,2.363747361141118,4
1148,7,3,2014,0,0,0,0,0,0,0,7,1,0,6.48,6.48,0.0,0.0,0.0,0.2857142857142857,0.10714285714285714,0.3149703941743552,1
1736,7,10,2015,0,0,0,0,0,0,0,7,1,0,2.5,2.5,0.0,1.0,1.0,0.8571428571428571,1.0357142857142858,1.6883510003933144,1
575,1,8,2012,0,0,0,0,0,0,0,1,1,0,1.48,1.48,0.0,1.0,10.0,2.857142857142857,2.892857142857143,2.8846886437583805,1
1678,5,9,2015,0,0,0,0,1,0,1,5,0,0,3.0,3.0,0.0,6.0,21.0,6.285714285714286,7.428571428571429,5.287501485358824,9
1750,7,11,2015,0,0,0,0,0,1,0,7,1,0,2.88,2.88,0.0,0.0,0.0,0.7142857142857143,0.9285714285714286,1.0515798142890087,0
56,7,3,2011,0,0,0,0,0,0,0,7,1,0,,,,0.0,0.0,0.0,0.0,0.0,0
1634,3,7,2015,0,0,0,0,0,0,0,3,0,0,2.24,2.24,0.0,0.0,1.0,0.0,0.42857142857142855,0.7901510136288029,0
287,7,11,2011,23,3,0,0,0,1,1,7,1,1,1.98,1.98,0.0,1.0,9.0,1.4285714285714286,2.75,2.7436796055257204,1
1485,1,2,2015,0,0,0,0,0,0,0,1,1,0,4.97,4.97,0.0,0.0,1.0,0.0,0.21428571428571427,0.41785544701867283,1
1412,5,12,2014,0,0,0,0,1,0,0,5,0,0,2.88,2.88,0.0,1.0,0.0,0.8571428571428571,0.75,1.1426091000668401,2
1346,2,10,2014,0,0,0,0,1,1,1,2,0,0,2.18,2.18,0.0,0.0,0.0,0.0,0.10714285714285714,0.4162696521251859,0
1292,4,8,2014,0,0,0,0,0,1,1,4,0,0,3.98,3.98,0.0,2.0,0.0,2.0,1.1428571428571428,1.626500121580888,0
1100,1,2,2014,0,0,0,0,1,1,0,1,1,0,0.94,0.94,0.0,0.0,1.0,2.142857142857143,1.7857142857142858,3.010563412966347,7
395,3,2,2012,0,0,0,0,0,0,0,3,0,0,4.54,4.54,0.0,0.0,0.0,0.0,0.03571428571428571,0.18898223650461377,0
270,4,10,2011,0,0,0,0,0,0,0,4,0,0,,,,0.0,0.0,0.0,0.0,0.0,0
1189,6,5,2014,0,0,0,0,1,1,0,6,0,0,3.33,3.33,0.0,1.0,0.0,0.14285714285714285,0.5,0.8819171036881969,1
1787,2,12,2015,0,0,0,0,0,0,0,2,0,0,2.18,2.18,0.0,0.0,1.0,0.2857142857142857,0.17857142857142858,0.3900210277874806,1
469,7,5,2012,0,0,0,0,0,1,1,7,1,0,,,,0.0,0.0,0.0,0.0,0.0,0
1050,7,12,2013,0,0,0,0,0,1,0,7,1,0,3.24,3.24,0.0,0.0,0.0,0.0,0.21428571428571427,0.49867549436206315,1
1109,3,2,2014,0,0,0,0,1,0,0,3,0,0,,,,0.0,0.0,0.0,0.0,0.0,0
1380,1,11,2014,0,0,0,0,1,0,1,1,1,0,2.5,2.5,0.0,2.0,0.0,0.42857142857142855,0.21428571428571427,0.4986754943620639,0
602,7,9,2012,0,0,0,0,0,0,0,7,1,0,2.42,2.42,0.0,3.0,2.0,3.142857142857143,3.2857142857142856,2.208688950102943,3
1414,7,12,2014,0,0,0,0,0,1,1,7,1,0,5.97,5.97,0.0,0.0,0.0,0.0,0.42857142857142855,0.7417981870189148,0
1809,3,1,2016,0,0,0,0,0,1,1,3,0,0,1.98,1.98,0.0,2.0,0.0,1.2857142857142858,0.9642857142857143,0.9993384054849737,0
784,7,3,2013,0,0,0,0,0,0,0,7,1,0,,,,0.0,0.0,0.0,0.0,0.0,0
504,7,6,2012,0,0,0,0,0,1,1,7,1,0,2.98,2.98,0.0,4.0,1.0,4.428571428571429,3.857142857142857,2.475274555879434,3
1809,3,1,2016,0,0,0,0,0,1,1,3,0,0,1.98,1.98,0.0,1.0,0.0,0.14285714285714285,0.14285714285714285,0.356348322549907,1
486,3,5,2012,12,3,0,0,0,0,0,3,0,1,4.98,4.98,0.0,0.0,0.0,0.2857142857142857,0.32142857142857145,0.5479640045336462,0
817,5,4,2013,0,0,0,0,0,0,0,5,0,0,1.78,1.78,0.0,2.0,3.0,2.2857142857142856,4.607142857142857,2.408923006845602,4
636,6,10,2012,0,0,0,0,0,0,0,6,0,0,3.88,3.88,0.0,2.0,3.0,2.2857142857142856,2.0714285714285716,2.0171224724302355,1
1180,4,4,2014,9,4,0,0,0,0,0,4,0,1,1.98,1.98,0.0,3.0,2.0,2.5714285714285716,2.107142857142857,3.0832797078133796,1
783,6,3,2013,0,0,0,0,0,0,0,6,0,0,3.48,3.48,0.0,0.0,0.0,0.0,0.10714285714285714,0.31497039417432193,0
1795,3,12,2015,0,0,0,0,0,0,0,3,0,0,2.82,2.82,0.0,0.0,1.0,0.14285714285714285,1.1785714285714286,1.7224782195810844,10
164,3,7,2011,0,0,0,0,0,1,1,3,0,0,5.97,5.97,0.0,0.0,0.0,0.0,0.0,0.0,0
596,1,9,2012,0,0,0,0,0,1,1,1,1,0,6.97,6.97,0.0,0.0,0.0,0.14285714285714285,0.35714285714285715,0.7310208850583784,1
492,2,6,2012,0,0,0,0,1,1,1,2,0,0,,,,0.0,0.0,0.0,0.0,0.0,0
298,4,11,2011,0,0,0,0,0,0,0,4,0,0,5.98,5.98,0.0,0.0,1.0,0.14285714285714285,0.2857142857142857,0.5345224838248476,1
412,6,3,2012,0,0,0,0,0,1,1,6,0,0,,,,0.0,0.0,0.0,0.0,0.0,0
621,5,10,2012,0,0,0,0,1,0,0,5,0,0,3.38,3.38,0.0,0.0,3.0,1.0,1.6071428571428572,1.8122890316921143,0
1384,5,11,2014,0,0,0,0,0,1,1,5,0,0,3.47,3.47,0.0,2.0,3.0,3.0,3.5714285714285716,2.6307099651301207,3
561,1,8,2012,0,0,0,0,0,1,1,1,1,0,2.98,2.88,0.10000000000000009,0.0,0.0,0.0,0.0,0.0,0
1160,5,4,2014,0,0,0,0,1,0,1,5,0,0,4.44,4.44,0.0,0.0,0.0,0.0,0.07142857142857142,0.2622652641564811,0
1056,6,12,2013,0,0,0,0,0,0,0,6,0,0,10.97,10.97,0.0,0.0,0.0,0.0,0.0,0.0,0
1567,6,5,2015,0,0,0,0,0,0,1,6,0,0,5.97,5.97,0.0,2.0,0.0,0.2857142857142857,0.35714285714285715,0.6784669927988097,1
339,3,1,2012,0,0,0,0,1,0,1,3,0,0,,,,0.0,0.0,0.0,0.0,0.0,0
552,6,8,2012,0,0,0,0,1,0,1,6,0,0,1.47,1.47,0.0,0.0,0.0,0.7142857142857143,0.6071428571428571,0.7373267889143821,0
259,7,10,2011,0,0,0,0,0,0,1,7,1,0,2.28,2.28,0.0,8.0,3.0,3.4285714285714284,2.9642857142857144,2.659464480445516,2
133,7,6,2011,0,0,0,0,1,0,0,7,1,0,6.48,6.48,0.0,0.0,0.0,0.0,0.0,0.0,0
979,6,10,2013,0,0,0,0,1,1,1,6,0,0,7.97,7.97,0.0,1.0,0.0,0.5714285714285714,0.4642857142857143,0.7926581093427847,0
1792,7,12,2015,25,3,0,0,0,0,0,7,1,1,4.97,4.97,0.0,4.0,2.0,1.8571428571428572,1.8214285714285714,1.5166623059417506,0
92,1,4,2011,0,0,0,0,0,0,0,1,1,0,,,,0.0,0.0,0.0,0.0,0.0,0
304,3,11,2011,0,0,0,0,0,0,0,3,0,0,,,,0.0,0.0,0.0,0.0,0.0,0
1493,2,3,2015,0,0,0,0,1,1,0,2,0,0,1.48,1.48,0.0,0.0,0.0,0.0,0.0,0.0,0
150,3,6,2011,0,0,0,0,0,0,0,3,0,0,0.54,0.54,0.0,7.0,0.0,3.5714285714285716,2.5357142857142856,3.382768347540486,2
327,5,12,2011,0,0,0,0,0,0,0,5,0,0,1.98,1.98,0.0,0.0,0.0,0.0,1.3928571428571428,2.3623479486916885,0
1556,2,5,2015,0,0,0,0,1,1,1,2,0,0,4.23,4.23,0.0,0.0,0.0,0.14285714285714285,0.5,0.6938886664887113,2
603,1,9,2012,0,0,0,0,0,0,0,1,1,0,,,,0.0,0.0,0.0,0.0,0.0,0
238,7,9,2011,0,0,0,0,0,0,0,7,1,0,,,,0.0,0.0,0.0,0.0,0.0,0
951,6,9,2013,0,0,0,0,1,1,1,6,0,0,,,,0.0,0.0,0.0,0.0,0.0,0
980,7,10,2013,0,0,0,0,1,0,0,7,1,0,,,,0.0,0.0,0.0,0.0,0.0,0
1800,1,1,2016,0,0,0,0,1,0,1,1,1,0,6.54,6.54,0.0,0.0,1.0,0.2857142857142857,0.42857142857142855,0.6341264874742278,0
1771,7,12,2015,0,0,0,0,1,0,0,7,1,0,1.0,1.0,0.0,3.0,1.0,1.2857142857142858,1.3214285714285714,1.8064405645433017,2
1773,2,12,2015,0,0,0,0,1,1,1,2,0,0,0.78,0.78,0.0,1.0,0.0,0.42857142857142855,0.42857142857142855,0.634126487474227,2
1136,2,3,2014,0,0,0,0,1,1,1,2,0,0,0.97,0.97,0.0,0.0,0.0,0.0,0.2857142857142857,0.5998236072282961,0
901,5,7,2013,0,0,0,0,0,0,0,5,0,0,0.97,0.97,0.0,1.0,0.0,0.5714285714285714,0.6071428571428571,0.9940297973880039,0
1111,5,2,2014,0,0,0,0,0,1,1,5,0,0,,,,0.0,0.0,0.0,0.0,0.0,0
1342,5,10,2014,0,0,0,0,1,1,0,5,0,0,1.88,1.88,0.0,0.0,0.0,0.42857142857142855,0.4642857142857143,0.744468135135953,1
1179,3,4,2014,0,0,0,0,0,0,0,3,0,0,2.77,2.77,0.0,1.0,3.0,0.14285714285714285,0.42857142857142855,1.1031460542154958,0
325,3,12,2011,0,0,0,0,0,0,0,3,0,0,,,,0.0,0.0,0.0,0.0,0.0,0
248,3,10,2011,0,0,0,0,1,1,1,3,0,0,,,,0.0,0.0,0.0,0.0,0.0,0
1811,5,1,2016,0,0,0,0,0,1,0,5,0,0,0.94,0.94,0.0,0.0,0.0,1.5714285714285714,0.42857142857142855,1.8940173144146306,1
1770,6,12,2015,0,0,0,0,1,1,1,6,0,0,1.74,1.74,0.0,0.0,0.0,1.0,1.0357142857142858,1.3466595945123063,0
1007,6,10,2013,21,2,0,0,0,0,0,6,0,1,5.34,5.34,0.0,0.0,0.0,0.0,0.0,0.0,0
1517,5,3,2015,0,0,0,0,0,0,0,5,0,0,0.46,0.46,0.0,1.0,4.0,2.857142857142857,3.392857142857143,3.6346000413136856,1
609,7,9,2012,0,0,0,0,0,0,0,7,1,0,,,,0.0,0.0,0.0,0.0,0.0,0
888,6,7,2013,16,3,0,0,1,0,0,6,0,1,0.88,0.88,0.0,0.0,0.0,0.0,0.0,0.0,0
1300,5,8,2014,0,0,0,0,0,0,0,5,0,0,6.48,6.48,0.0,0.0,0.0,0.0,0.10714285714285714,0.31497039417435607,0
378,7,2,2012,0,0,0,0,1,0,0,7,1,0,,,,0.0,0.0,0.0,0.0,0.0,0
1004,3,10,2013,0,0,0,0,0,0,0,3,0,0,2.98,2.98,0.0,0.0,0.0,0.14285714285714285,0.14285714285714285,0.35634832254989923,1
1518,6,3,2015,0,0,0,0,0,0,0,6,0,0,2.48,2.48,0.0,0.0,0.0,0.0,0.42857142857142855,1.168366109179553,0
1740,4,11,2015,0,0,0,0,1,1,1,4,0,0,6.97,6.97,0.0,1.0,1.0,0.42857142857142855,0.8214285714285714,0.9048663264720751,0
1743,7,11,2015,0,0,0,0,1,1,1,7,1,0,2.98,2.98,0.0,0.0,1.0,0.14285714285714285,0.32142857142857145,0.5479640045336466,0
840,7,5,2013,0,0,0,0,0,0,0,7,1,0,,,,0.0,0.0,0.0,0.0,0.0,0
1418,4,12,2014,0,0,0,0,0,0,0,4,0,0,1.98,1.98,0.0,2.0,2.0,1.1428571428571428,0.8928571428571429,0.9940297973880062,0
1108,2,2,2014,0,0,0,0,1,1,1,2,0,0,2.22,2.22,0.0,0.0,0.0,0.42857142857142855,0.5,0.6382847385042247,1
1229,4,6,2014,0,0,0,0,1,0,0,4,0,0,3.97,3.97,0.0,2.0,0.0,1.2857142857142858,1.25,1.5782080790379795,3
270,4,10,2011,0,0,0,0,0,0,0,4,0,0,3.27,3.27,0.0,0.0,0.0,0.42857142857142855,0.32142857142857145,0.6696362433535826,0
390,5,2,2012,4,4,0,0,0,0,0,5,0,1,,,,0.0,0.0,0.0,0.0,0.0,0
265,6,10,2011,0,0,0,0,0,0,0,6,0,0,2.98,2.98,0.0,0.0,0.0,0.8571428571428571,0.9285714285714286,1.0862293403762302,0
381,3,2,2012,0,0,0,0,0,1,0,3,0,0,2.24,2.24,0.0,2.0,1.0,1.1428571428571428,1.2142857142857142,1.3432173332088924,2
1506,1,3,2015,0,0,0,0,0,0,1,1,1,0,5.97,5.97,0.0,0.0,1.0,0.0,0.17857142857142858,0.3900210277874795,0
573,6,8,2012,0,0,0,0,0,0,0,6,0,0,3.98,3.98,0.0,3.0,0.0,2.142857142857143,1.9285714285714286,1.8644544714716085,2
1231,6,6,2014,0,0,0,0,0,1,1,6,0,0,,,,0.0,0.0,0.0,0.0,0.0,0
87,3,4,2011,0,0,0,0,0,0,0,3,0,0,6.97,6.97,0.0,0.0,1.0,0.14285714285714285,0.32142857142857145,0.5479640045336465,0
1608,5,6,2015,0,0,0,0,0,0,0,5,0,0,3.32,3.32,0.0,0.0,1.0,1.0,1.1428571428571428,1.1454995906456324,1
581,7,8,2012,0,0,0,0,0,0,0,7,1,0,,,,0.0,0.0,0.0,0.0,0.0,0
160,6,7,2011,0,0,0,0,1,1,0,6,0,0,1.98,1.98,0.0,0.0,0.0,0.0,0.0,0.0,0
1280,6,7,2014,0,0,0,0,0,0,0,6,0,0,2.5,2.5,0.0,0.0,0.0,0.2857142857142857,0.21428571428571427,0.6862211530544655,0
1486,2,2,2015,0,0,0,0,0,0,0,2,0,0,4.47,4.47,0.0,0.0,0.0,0.7142857142857143,0.5357142857142857,1.290482047664327,2
801,3,4,2013,0,0,0,0,1,0,1,3,0,0,0.88,0.88,0.0,0.0,0.0,0.0,0.0,0.0,0
1286,5,8,2014,0,0,0,0,1,1,1,5,0,0,3.98,3.98,0.0,0.0,3.0,1.7142857142857142,1.2857142857142858,1.7182493859684487,0
123,4,5,2011,13,1,0,0,0,0,0,4,0,1,7.97,7.97,0.0,0.0,4.0,1.4285714285714286,1.6428571428571428,1.4198144300833895,1
1077,6,1,2014,0,0,0,0,1,1,1,6,0,0,,,,0.0,0.0,0.0,0.0,0.0,0
31,3,2,2011,0,0,0,0,0,0,0,3,0,0,,,,0.0,0.0,0.0,0.0,0.0,0
1265,5,7,2014,0,0,0,0,0,0,0,5,0,0,5.22,5.22,0.0,0.0,0.0,0.42857142857142855,0.5,0.7453559924999296,0
1253,7,7,2014,16,3,0,0,1,0,0,7,1,1,1.0,1.0,0.0,3.0,4.0,4.142857142857143,3.25,2.4739382309124793,1
65,2,4,2011,0,0,0,0,1,1,1,2,0,0,5.27,5.27,0.0,0.0,0.0,0.14285714285714285,0.17857142857142858,0.39002102778747966,0
1834,7,2,2016,0,0,0,0,1,1,1,7,1,0,3.48,3.48,0.0,0.0,0.0,0.2857142857142857,0.6785714285714286,1.055973183882699,1
1785,7,12,2015,0,0,0,0,0,0,0,7,1,0,2.67,2.67,0.0,4.0,6.0,2.857142857142857,1.8214285714285714,1.9255316039140877,1
1466,3,2,2015,0,0,0,0,1,0,1,3,0,0,4.97,4.97,0.0,4.0,2.0,2.857142857142857,2.25,1.2945755775256693,2
1055,5,12,2013,0,0,0,0,0,0,0,5,0,0,0.97,0.97,0.0,0.0,0.0,0.42857142857142855,0.25,0.5181877251715993,0
296,2,11,2011,0,0,0,0,0,0,0,2,0,0,1.25,1.25,0.0,0.0,0.0,0.0,0.0,0.0,0
1455,6,1,2015,0,0,0,0,0,0,0,6,0,0,2.88,2.88,0.0,0.0,0.0,1.1428571428571428,1.2857142857142858,0.975900072948533,3
1713,5,10,2015,0,0,0,0,1,1,0,5,0,0,2.22,2.22,0.0,0.0,1.0,0.8571428571428571,0.5714285714285714,0.8357108940373444,0
375,4,2,2012,0,0,0,0,1,1,0,4,0,0,,,,0.0,0.0,0.0,0.0,0.0,0
867,6,6,2013,0,0,0,0,0,1,0,6,0,0,4.98,4.98,0.0,1.0,0.0,0.14285714285714285,0.2857142857142857,0.5998236072282912,0
1400,7,11,2014,0,0,0,0,0,0,0,7,1,0,4.78,4.78,0.0,0.0,0.0,0.2857142857142857,0.2857142857142857,0.5998236072282908,1
798,7,4,2013,0,0,0,0,1,1,1,7,1,0,,,,0.0,0.0,0.0,0.0,0.0,0
277,4,11,2011,0,0,0,0,1,1,0,4,0,0,10.97,10.97,0.0,0.0,0.0,0.14285714285714285,0.39285714285714285,0.6288900106557953,0
1385,6,11,2014,0,0,0,0,0,1,0,6,0,0,5.47,5.47,0.0,0.0,0.0,0.14285714285714285,0.07142857142857142,0.26226526415648155,0
708,1,1,2013,0,0,0,0,1,1,1,1,1,0,1.48,1.48,0.0,0.0,8.0,1.2857142857142858,2.0714285714285716,1.8444826922788917,3
1422,1,12,2014,0,0,0,0,0,0,0,1,1,0,3.48,3.48,0.0,0.0,0.0,0.8571428571428571,0.8571428571428571,1.0079052613579396,2
1223,5,6,2014,0,0,0,0,1,0,0,5,0,0,1.88,1.88,0.0,5.0,0.0,3.142857142857143,0.8571428571428571,1.4835963740378373,2
1366,1,10,2014,0,0,0,0,0,0,0,1,1,0,2.84,2.84,0.0,1.0,1.0,1.2857142857142858,1.6071428571428572,1.749905515211985,2
1293,5,8,2014,0,0,0,0,0,1,0,5,0,0,,,,0.0,0.0,0.0,0.0,0.0,0
895,6,7,2013,0,0,0,0,0,1,1,6,0,0,2.18,2.18,0.0,0.0,0.0,0.0,0.0,0.0,0
1251,5,7,2014,0,0,0,0,1,0,1,5,0,0,14.97,14.97,0.0,2.0,1.0,1.0,1.2142857142857142,0.9567360740266434,2
1295,7,8,2014,0,0,0,0,0,1,1,7,1,0,3.38,3.38,0.0,0.0,0.0,0.0,0.0,0.0,0
525,7,7,2012,0,0,0,0,1,1,1,7,1,0,,,,0.0,0.0,0.0,0.0,0.0,0
1623,6,7,2015,0,0,0,0,1,1,1,6,0,0,1.0,1.0,0.0,0.0,0.0,1.8571428571428572,1.1428571428571428,1.458418364867961,0
222,5,9,2011,0,0,0,0,1,1,0,5,0,0,,,,0.0,0.0,0.0,0.0,0.0,0
484,1,5,2012,0,0,0,0,0,0,0,1,1,0,3.77,3.77,0.0,0.0,10.0,4.142857142857143,3.0,3.9440531887330765,0
809,4,4,2013,0,0,0,0,0,0,0,4,0,0,2.18,2.18,0.0,0.0,3.0,1.2857142857142858,0.9285714285714286,0.8997354108424369,1
508,4,6,2012,0,0,0,0,0,0,0,4,0,0,0.97,0.97,0.0,2.0,1.0,0.2857142857142857,0.39285714285714285,1.0306159867619522,0
389,4,2,2012,0,0,0,0,0,0,0,4,0,0,,,,0.0,0.0,0.0,0.0,0.0,0
1399,6,11,2014,24,3,0,0,0,0,0,6,0,1,0.78,0.78,0.0,0.0,0.0,0.5714285714285714,0.35714285714285715,0.7310208850583775,0
1391,5,11,2014,0,0,0,0,0,0,0,5,0,0,4.24,4.24,0.0,0.0,0.0,0.2857142857142857,0.5,0.577350269189623,1
828,2,5,2013,8,4,2,1,1,1,1,2,0,1,3.33,3.33,0.0,7.0,6.0,3.7142857142857144,2.9285714285714284,2.2759380878868667,1
704,4,1,2013,27,3,0,0,1,1,0,4,0,1,1.78,1.78,0.0,0.0,0.0,2.5714285714285716,2.0714285714285716,2.493377471810317,2
495,5,6,2012,0,0,0,0,1,1,1,5,0,0,,,,0.0,0.0,0.0,0.0,0.0,0
167,6,7,2011,0,0,0,0,0,0,1,6,0,0,,,,0.0,0.0,0.0,0.0,0.0,0
808,3,4,2013,0,0,0,0,0,1,1,3,0,0,1.18,1.18,0.0,5.0,4.0,2.5714285714285716,2.0357142857142856,1.6438920136009372,0
921,4,8,2013,0,0,0,0,1,1,1,4,0,0,4.48,4.48,0.0,1.0,1.0,1.1428571428571428,1.1071428571428572,0.8317445171438852,2
744,2,2,2013,0,0,0,0,1,0,0,2,0,0,9.24,9.24,0.0,2.0,1.0,1.5714285714285714,1.1071428571428572,1.227441956515155,3
833,7,5,2013,0,0,0,0,1,0,0,7,1,0,4.88,4.88,0.0,1.0,3.0,0.8571428571428571,1.0357142857142858,1.1379690439434391,0
434,7,4,2012,0,0,0,0,1,1,1,7,1,0,,,,0.0,0.0,0.0,0.0,0.0,0
615,6,10,2012,0,0,0,0,1,0,0,6,0,0,9.24,9.24,0.0,0.0,3.0,1.8571428571428572,1.5357142857142858,1.4005856673692652,0
472,3,5,2012,0,0,0,0,0,0,1,3,0,0,6.97,6.97,0.0,0.0,0.0,0.7142857142857143,0.4642857142857143,0.7926581093427845,0
1591,2,6,2015,0,0,0,0,1,1,0,2,0,0,2.98,2.98,0.0,3.0,0.0,1.0,1.0,0.942809041582064,7
83,6,4,2011,0,0,0,0,0,0,0,6,0,0,2.58,2.58,0.0,0.0,0.0,0.14285714285714285,0.35714285714285715,1.0261140545329515,0
1460,4,1,2015,0,0,0,0,0,0,0,4,0,0,1.0,,,0.0,0.0,0.0,0.0,0.0,0
258,6,10,2011,0,0,0,0,0,1,0,6,0,0,,,,0.0,0.0,0.0,0.0,0.0,0
1104,5,2,2014,0,0,0,0,1,1,1,5,0,0,8.96,8.96,0.0,0.0,0.0,0.7142857142857143,0.39285714285714285,0.6288900106557956,1
1172,3,4,2014,0,0,0,0,0,0,1,3,0,0,6.97,6.97,0.0,0.0,1.0,1.1428571428571428,0.6071428571428571,0.7859547491585427,0
223,6,9,2011,0,0,0,0,1,0,1,6,0,0,,,,0.0,0.0,0.0,0.0,0.0,0
1604,1,6,2015,0,0,0,0,0,0,0,1,1,0,11.97,11.97,0.0,1.0,0.0,0.14285714285714285,0.03571428571428571,0.18898223650461318,0
630,7,10,2012,0,0,0,0,0,0,0,7,1,0,3.38,3.38,0.0,1.0,0.0,1.1428571428571428,0.8214285714285714,0.8189230248533249,0
699,6,12,2012,0,0,0,0,0,0,0,6,0,0,2.18,2.18,0.0,1.0,0.0,0.8571428571428571,0.42857142857142855,0.7417981870189159,0
1663,4,8,2015,0,0,0,0,0,0,0,4,0,0,5.98,5.98,0.0,0.0,0.0,0.14285714285714285,0.14285714285714285,0.3563483225498987,0
1856,1,2,2016,0,0,0,0,0,0,0,1,1,0,2.68,2.68,0.0,19.0,10.0,10.0,9.285714285714286,6.704653678780176,12
954,2,9,2013,0,0,0,0,1,0,1,2,0,0,7.24,7.24,0.0,0.0,0.0,0.0,0.0,0.0,0
1590,1,6,2015,0,0,0,0,1,1,1,1,1,0,1.47,1.47,0.0,0.0,1.0,0.42857142857142855,0.4642857142857143,0.7926581093427871,3
265,6,10,2011,0,0,0,0,0,0,0,6,0,0,3.28,3.28,0.0,1.0,1.0,0.14285714285714285,1.8571428571428572,2.239614479296162,0
1669,3,8,2015,0,0,0,0,0,0,0,3,0,0,3.28,3.28,0.0,0.0,0.0,0.0,0.0,0.0,0
171,3,7,2011,0,0,0,0,0,0,0,3,0,0,,,,0.0,0.0,0.0,0.0,0.0,0
489,6,5,2012,0,0,0,0,0,0,0,6,0,0,6.97,6.97,0.0,2.0,0.0,0.7142857142857143,0.2857142857142857,0.5998236072282921,0
1815,2,1,2016,0,0,0,0,0,0,0,2,0,0,3.98,3.98,0.0,0.0,2.0,0.5714285714285714,0.8214285714285714,1.1880133254200735,0
132,6,6,2011,0,0,0,0,1,1,1,6,0,0,,,,0.0,0.0,0.0,0.0,0.0,0
1754,4,11,2015,0,0,0,0,0,0,0,4,0,0,4.97,4.97,0.0,0.0,0.0,0.2857142857142857,0.10714285714285714,0.31497039417435546,0
521,3,7,2012,0,0,0,0,1,0,1,3,0,0,,,,0.0,0.0,0.0,0.0,0.0,0
114,2,5,2011,0,0,0,0,0,0,0,2,0,0,6.48,6.48,0.0,0.0,0.0,0.0,0.0,0.0,0
1405,5,12,2014,0,0,0,0,1,1,1,5,0,0,3.87,3.87,0.0,1.0,2.0,0.42857142857142855,0.8214285714285714,1.055973183882699,0
1278,4,7,2014,18,4,0,0,0,0,0,4,0,1,3.0,3.0,0.0,6.0,14.0,5.857142857142857,6.0,3.162277660168373,1
789,5,3,2013,0,0,0,0,0,0,0,5,0,0,,,,0.0,0.0,0.0,0.0,0.0,0
1371,6,10,2014,0,0,0,0,0,0,0,6,0,0,2.0,2.0,0.0,1.0,1.0,0.5714285714285714,0.39285714285714285,0.7859547491585441,0
1252,6,7,2014,0,0,0,0,1,1,1,6,0,0,3.98,3.98,0.0,0.0,2.0,0.2857142857142857,1.0357142857142858,1.290482047664328,1
265,6,10,2011,0,0,0,0,0,0,0,6,0,0,2.88,2.88,0.0,1.0,1.0,1.2857142857142858,1.2142857142857142,1.6410733356927387,0
1487,3,2,2015,0,0,0,0,0,0,0,3,0,0,2.98,2.98,0.0,7.0,1.0,6.0,4.571428571428571,4.962291670623422,6
782,5,3,2013,0,0,0,0,0,0,0,5,0,0,2.22,2.22,0.0,0.0,0.0,0.5714285714285714,0.5714285714285714,0.7417981870189158,2
462,7,5,2012,0,0,0,0,1,0,0,7,1,0,,,,0.0,0.0,0.0,0.0,0.0,0
906,3,7,2013,0,0,0,0,0,0,0,3,0,0,6.03,6.03,0.0,0.0,0.0,0.0,0.25,0.7515416254704823,0
1163,1,4,2014,0,0,0,0,1,1,1,1,1,0,5.98,5.98,0.0,0.0,0.0,0.2857142857142857,0.17857142857142858,0.39002102778748005,0
1021,6,11,2013,0,0,0,0,0,0,1,6,0,0,2.98,2.98,0.0,1.0,1.0,1.5714285714285714,1.6785714285714286,1.7008401285415216,0
1113,7,2,2014,2,2,0,0,0,0,1,7,1,1,2.96,2.96,0.0,0.0,0.0,1.5714285714285714,1.25,1.713238216123243,1
1817,4,1,2016,0,0,0,0,0,0,0,4,0,0,1.38,1.38,0.0,1.0,0.0,8.285714285714286,3.5714285714285716,5.928141120356144,4
604,2,9,2012,0,0,0,0,0,0,0,2,0,0,4.66,4.66,0.0,2.0,1.0,0.5714285714285714,0.8928571428571429,1.1333099904225385,3
812,7,4,2013,0,0,0,0,0,0,0,7,1,0,1.88,1.88,0.0,0.0,0.0,0.0,0.0,0.0,0
1060,3,12,2013,0,0,0,0,0,0,0,3,0,0,17.88,17.88,0.0,2.0,0.0,0.5714285714285714,0.32142857142857145,0.7228324650199052,0
444,3,4,2012,0,0,0,0,0,0,0,3,0,0,1.98,1.98,0.0,0.0,0.0,0.0,0.0,0.0,0
45,3,3,2011,0,0,0,0,0,0,1,3,0,0,,,,0.0,0.0,0.0,0.0,0.0,0
473,4,5,2012,0,0,0,0,0,1,1,4,0,0,1.98,1.98,0.0,0.0,0.0,0.0,0.0,0.0,0
1030,1,11,2013,0,0,0,0,0,0,0,1,1,0,2.5,2.5,0.0,3.0,2.0,1.7142857142857142,1.2142857142857142,1.3705133630530124,1
1378,6,11,2014,0,0,0,0,1,1,1,6,0,0,3.33,3.33,0.0,0.0,1.0,0.42857142857142855,0.5,0.7453559924999301,0
1365,7,10,2014,0,0,0,0,0,0,0,7,1,0,4.5,4.5,0.0,0.0,0.0,0.0,0.0,0.0,0
612,3,10,2012,0,0,0,0,1,1,0,3,0,0,5.96,5.96,0.0,4.0,4.0,2.2857142857142856,3.0714285714285716,2.9680841985233193,1
364,7,1,2012,0,0,0,0,0,0,0,7,1,0,3.78,3.78,0.0,0.0,1.0,1.2857142857142858,1.0714285714285714,1.0157490003667395,3
1435,7,1,2015,0,0,0,0,1,0,1,7,1,0,1.98,1.98,0.0,0.0,8.0,2.142857142857143,3.392857142857143,2.362347948691688,1
1736,7,10,2015,0,0,0,0,0,0,0,7,1,0,4.81,4.81,0.0,0.0,0.0,0.7142857142857143,0.25,0.7993052538854535,0
1105,6,2,2014,0,0,0,0,1,1,1,6,0,0,1.25,1.25,0.0,2.0,2.0,2.2857142857142856,2.1785714285714284,2.419880184186778,1
1847,6,2,2016,0,0,0,0,0,0,0,6,0,0,2.98,2.98,0.0,1.0,6.0,2.7142857142857144,2.7142857142857144,1.4620417701167532,2
1090,5,1,2014,0,0,0,0,0,0,0,5,0,0,0.94,0.94,0.0,0.0,0.0,2.0,1.3214285714285714,2.091491961337202,1
752,3,2,2013,3,3,0,0,0,0,0,3,0,1,2.98,2.98,0.0,0.0,0.0,0.0,0.7142857142857143,1.272418020560703,0
919,2,8,2013,0,0,0,0,1,0,0,2,0,0,,,,0.0,0.0,0.0,0.0,0.0,0
1281,7,8,2014,0,0,0,0,1,1,0,7,1,0,7.47,7.47,0.0,0.0,0.0,0.0,0.0,0.0,0
1153,5,3,2014,0,0,0,0,0,0,0,5,0,0,3.24,3.24,0.0,0.0,0.0,0.0,0.0,0.0,0
1501,3,3,2015,0,0,0,0,1,1,1,3,0,0,4.97,4.97,0.0,1.0,0.0,0.2857142857142857,0.14285714285714285,0.35634832254989923,0
823,4,4,2013,0,0,0,0,0,0,0,4,0,0,5.98,5.98,0.0,0.0,4.0,1.0,1.1785714285714286,1.0559731838826996,1
517,6,6,2012,0,0,0,0,0,0,0,6,0,0,1.98,1.98,0.0,0.0,0.0,0.0,0.0,0.0,0
881,6,6,2013,0,0,0,0,0,0,0,6,0,0,4.88,4.88,0.0,3.0,0.0,0.7142857142857143,0.8214285714285714,0.8189230248533259,3
35,7,3,2011,0,0,0,0,1,0,0,7,1,0,1.0,1.0,0.0,0.0,4.0,3.0,4.25,3.395258131243894,19
86,2,4,2011,8,4,1,1,0,0,0,2,0,1,3.18,3.18,0.0,3.0,8.0,1.0,1.5357142857142858,1.7529265023814664,1
1528,2,4,2015,30,2,0,0,1,1,1,2,0,1,8.98,8.98,0.0,0.0,0.0,3.4285714285714284,3.107142857142857,2.484608706271558,5
1342,5,10,2014,0,0,0,0,1,1,0,5,0,0,1.96,1.96,0.0,3.0,0.0,0.7142857142857143,0.8928571428571429,1.2863754913562,1
324,2,12,2011,0,0,0,0,0,0,0,2,0,0,1.98,1.98,0.0,0.0,0.0,0.0,0.0,0.0,0
666,1,11,2012,0,0,0,0,0,0,0,1,1,0,0.54,0.54,0.0,11.0,15.0,3.142857142857143,3.857142857142857,5.352149348206065,2
1612,2,6,2015,0,0,0,0,0,0,0,2,0,0,10.97,10.97,0.0,2.0,0.0,0.8571428571428571,0.5357142857142857,0.8380817098475281,0
371,7,2,2012,0,0,0,0,1,1,1,7,1,0,,,,0.0,0.0,0.0,0.0,0.0,0
625,2,10,2012,0,0,0,0,0,0,1,2,0,0,1.98,1.98,0.0,0.0,2.0,0.14285714285714285,0.32142857142857145,0.8629652337776975,2
807,2,4,2013,0,0,0,0,0,0,1,2,0,0,4.66,4.66,0.0,3.0,1.0,1.8571428571428572,1.2857142857142858,1.4620417701167563,1
1443,1,1,2015,0,0,0,0,1,0,0,1,1,0,2.5,2.5,0.0,2.0,5.0,0.8571428571428571,0.9285714285714286,1.2450962012087814,2
1094,2,1,2014,0,0,0,0,0,0,0,2,0,0,2.98,3.33,-0.3500000000000001,2.0,1.0,1.0,2.5357142857142856,2.0813482606259166,2
681,2,12,2012,0,0,0,0,1,1,1,2,0,0,5.27,5.27,0.0,0.0,0.0,0.42857142857142855,0.4642857142857143,0.7444681351359532,0
990,3,10,2013,20,3,0,0,0,0,1,3,0,1,7.88,7.88,0.0,0.0,0.0,1.1428571428571428,0.6785714285714286,0.7723735149271024,0
1521,2,3,2015,0,0,0,0,0,0,0,2,0,0,2.68,2.68,0.0,0.0,1.0,0.0,0.42857142857142855,1.033819650027542,0
728,7,1,2013,0,0,0,0,0,0,0,7,1,0,3.97,3.97,0.0,0.0,0.0,0.2857142857142857,0.10714285714285714,0.4162696521251857,1
619,3,10,2012,20,3,0,0,1,0,1,3,0,1,,,,0.0,0.0,0.0,0.0,0.0,0
895,6,7,2013,0,0,0,0,0,1,1,6,0,0,,,,0.0,0.0,0.0,0.0,0.0,0
917,7,8,2013,0,0,0,0,1,0,1,7,1,0,0.78,0.78,0.0,0.0,1.0,0.14285714285714285,0.25,0.5853140973807076,0
1262,2,7,2014,0,0,0,0,0,1,0,2,0,0,,,,0.0,0.0,0.0,0.0,0.0,0
1664,5,8,2015,0,0,0,0,0,0,0,5,0,0,8.97,8.97,0.0,0.0,0.0,0.0,0.14285714285714285,0.44839513942303305,1
1131,4,3,2014,0,0,0,0,1,0,0,4,0,0,2.98,2.98,0.0,0.0,0.0,0.8571428571428571,0.6428571428571429,0.951189731211343,1
312,4,12,2011,0,0,0,0,1,1,1,4,0,0,0.94,0.94,0.0,0.0,3.0,3.2857142857142856,3.392857142857143,4.021601723602178,0
1675,2,8,2015,0,0,0,0,0,0,0,2,0,0,1.96,1.96,0.0,1.0,4.0,1.8571428571428572,1.9642857142857142,1.895064600817042,2
1235,3,6,2014,0,0,0,0,0,0,0,3,0,0,1.78,1.78,0.0,5.0,1.0,3.0,1.8928571428571428,1.5477411429249588,0
1488,4,2,2015,0,0,0,0,0,0,0,4,0,0,1.96,1.96,0.0,1.0,6.0,0.2857142857142857,1.8928571428571428,1.9117431586805704,0
1173,4,4,2014,0,0,0,0,0,1,1,4,0,0,,,,0.0,0.0,0.0,0.0,0.0,0
928,4,8,2013,0,0,0,0,0,1,0,4,0,0,6.87,6.87,0.0,0.0,1.0,0.5714285714285714,0.4642857142857143,0.7926581093427846,0
567,7,8,2012,0,0,0,0,0,0,0,7,1,0,4.98,4.98,0.0,1.0,0.0,0.5714285714285714,0.42857142857142855,0.6341264874742274,0
989,2,10,2013,0,0,0,0,0,1,0,2,0,0,1.48,1.48,0.0,0.0,0.0,1.4285714285714286,0.75,1.1426091000668364,0
350,7,1,2012,0,0,0,0,0,1,0,7,1,0,,,,0.0,0.0,0.0,0.0,0.0,0
506,2,6,2012,15,2,0,0,0,0,0,2,0,1,,,,0.0,0.0,0.0,0.0,0.0,0
1418,4,12,2014,0,0,0,0,0,0,0,4,0,0,2.48,2.48,0.0,0.0,0.0,0.0,0.0,0.0,0
408,2,3,2012,0,0,0,0,0,1,1,2,0,0,,,,0.0,0.0,0.0,0.0,0.0,0
1305,3,8,2014,0,0,0,0,0,0,0,3,0,0,4.97,4.97,0.0,0.0,1.0,0.0,0.17857142857142858,0.5479640045336466,0
910,7,7,2013,0,0,0,0,0,0,0,7,1,0,1.38,1.38,0.0,0.0,0.0,1.7142857142857142,1.2142857142857142,1.7713176275208624,0
1834,7,2,2016,0,0,0,0,1,1,1,7,1,0,4.23,4.23,0.0,2.0,0.0,0.7142857142857143,0.5,0.6938886664887113,0
857,3,6,2013,0,0,0,0,1,1,1,3,0,0,,,,0.0,0.0,0.0,0.0,0.0,0
999,5,10,2013,0,0,0,0,0,0,0,5,0,0,5.94,5.94,0.0,0.0,0.0,0.0,0.0,0.0,0
973,7,9,2013,0,0,0,0,0,0,0,7,1,0,4.88,4.88,0.0,2.0,0.0,1.5714285714285714,0.8928571428571429,0.9940297973880059,0
1242,3,6,2014,0,0,0,0,0,0,0,3,0,0,1.47,1.47,0.0,1.0,1.0,1.1428571428571428,0.9642857142857143,1.0708993401928106,2
1824,4,1,2016,0,0,0,0,0,0,0,4,0,0,4.97,4.97,0.0,0.0,0.0,0.0,0.0,0.0,0
1674,1,8,2015,0,0,0,0,0,0,0,1,1,0,2.98,2.98,0.0,0.0,0.0,0.0,0.42857142857142855,1.1996472144565826,0
1007,6,10,2013,21,2,0,0,0,0,0,6,0,1,8.98,8.98,0.0,0.0,0.0,0.42857142857142855,0.6428571428571429,0.9511897312113416,0
727,6,1,2013,0,0,0,0,0,0,0,6,0,0,1.18,1.18,0.0,0.0,1.0,1.4285714285714286,1.0,1.3608276348795418,2
776,6,3,2013,0,0,0,0,0,0,1,6,0,0,1.98,1.98,0.0,2.0,0.0,1.5714285714285714,0.42857142857142855,0.959497222838566,0
873,5,6,2013,0,0,0,0,0,0,0,5,0,0,3.98,3.98,0.0,0.0,2.0,1.0,1.5,1.2909944487358074,4
1545,5,4,2015,0,0,0,0,0,0,0,5,0,0,3.48,3.48,0.0,2.0,1.0,1.2857142857142858,1.3928571428571428,1.0306159867619518,1
39,4,3,2011,0,0,0,0,1,0,1,4,0,0,,,,0.0,0.0,0.0,0.0,0.0,0
994,7,10,2013,0,0,0,0,0,0,0,7,1,0,7.97,7.97,0.0,2.0,4.0,1.0,0.9285714285714286,1.0862293403762302,1
1649,4,8,2015,0,0,0,0,1,0,0,4,0,0,7.97,7.97,0.0,0.0,0.0,0.42857142857142855,0.17857142857142858,0.6118321864193024,1
660,2,11,2012,0,0,0,0,0,0,0,2,0,0,,,,0.0,0.0,0.0,0.0,0.0,0
165,4,7,2011,0,0,0,0,0,1,1,4,0,0,3.98,4.5,-0.52,2.0,0.0,0.7142857142857143,0.35714285714285715,0.5587211398983495,0
515,4,6,2012,0,0,0,0,0,0,0,4,0,0,2.98,2.98,0.0,0.0,0.0,0.0,0.10714285714285714,0.566946709513841,1
1537,4,4,2015,0,0,0,0,0,0,1,4,0,0,2.96,2.96,0.0,2.0,1.0,0.8571428571428571,1.9285714285714286,1.741190980836396,0
927,3,8,2013,0,0,0,0,0,1,1,3,0,0,0.93,0.93,0.0,6.0,3.0,3.4285714285714284,2.9642857142857144,1.773929366357472,3
1522,3,3,2015,0,0,0,0,0,0,0,3,0,0,,,,0.0,0.0,0.0,0.0,0.0,0
1326,3,9,2014,0,0,0,0,0,1,1,3,0,0,3.98,3.98,0.0,1.0,0.0,1.2857142857142858,1.1071428571428572,1.1333099904225394,0
1852,4,2,2016,0,0,0,0,0,0,0,4,0,0,1.78,1.78,0.0,0.0,0.0,1.4285714285714286,1.6428571428571428,1.70433620649271,2
1491,7,2,2015,0,0,0,0,0,0,0,7,1,0,1.98,1.98,0.0,2.0,0.0,1.4285714285714286,1.0,1.0183501544346323,1
740,5,2,2013,0,0,0,0,1,1,1,5,0,0,7.24,7.24,0.0,0.0,4.0,0.7142857142857143,0.9642857142857143,1.0357370915204893,0
516,5,6,2012,0,0,0,0,0,0,0,5,0,0,4.47,4.47,0.0,1.0,0.0,0.8571428571428571,0.5714285714285714,0.690065559342354,0
469,7,5,2012,0,0,0,0,0,1,1,7,1,0,,,,0.0,0.0,0.0,0.0,0.0,0
1212,1,5,2014,0,0,0,0,0,0,0,1,1,0,1.88,1.88,0.0,6.0,0.0,1.2857142857142858,0.8214285714285714,1.4670093394782473,0
1313,4,9,2014,0,0,0,0,1,0,1,4,0,0,3.87,3.87,0.0,0.0,1.0,1.0,0.6785714285714286,0.7228324650199186,0
448,7,4,2012,0,0,0,0,0,0,0,7,1,0,6.97,6.97,0.0,1.0,0.0,0.2857142857142857,0.35714285714285715,0.6214848238238694,0
1840,6,2,2016,0,0,0,0,0,1,1,6,0,0,4.98,4.98,0.0,0.0,0.0,0.14285714285714285,0.07142857142857142,0.2622652641564801,0
1530,4,4,2015,0,0,0,0,1,1,0,4,0,0,2.68,2.68,0.0,1.0,0.0,1.1428571428571428,0.35714285714285715,1.1930131697849877,0
781,4,3,2013,0,0,0,0,0,0,0,4,0,0,,,,0.0,0.0,0.0,0.0,0.0,0
874,6,6,2013,14,1,0,0,0,0,0,6,0,1,2.88,2.88,0.0,1.0,0.0,1.5714285714285714,1.1428571428571428,1.3253730631840068,0
1397,4,11,2014,0,0,0,0,0,0,0,4,0,0,4.47,4.47,0.0,0.0,0.0,0.8571428571428571,0.9285714285714286,1.119807239648081,1
1487,3,2,2015,0,0,0,0,0,0,0,3,0,0,3.33,3.33,0.0,0.0,0.0,0.0,0.10714285714285714,0.31497039417435696,0
356,6,1,2012,0,0,0,0,0,0,0,6,0,0,,,,0.0,0.0,0.0,0.0,0.0,0
671,6,11,2012,0,0,0,0,0,0,0,6,0,0,2.48,2.48,0.0,0.0,0.0,0.2857142857142857,0.5,0.8388704928078611,0
224,7,9,2011,0,0,0,0,1,1,1,7,1,0,1.0,1.0,0.0,8.0,4.0,3.857142857142857,3.5714285714285716,2.727481152850263,4
733,5,1,2013,0,0,0,0,0,0,0,5,0,0,2.97,2.97,0.0,0.0,0.0,0.2857142857142857,0.07142857142857142,0.26226526415648105,0
1731,2,10,2015,0,0,0,0,0,0,0,2,0,0,2.48,2.48,0.0,3.0,10.0,1.2857142857142858,2.6785714285714284,2.3262363726362123,6
117,5,5,2011,0,0,0,0,0,0,0,5,0,0,,,,0.0,0.0,0.0,0.0,0.0,0
172,4,7,2011,0,0,0,0,0,0,0,4,0,0,3.17,3.17,0.0,0.0,0.0,0.0,0.03571428571428571,0.1889822365046136,0
1635,4,7,2015,0,0,0,0,0,0,0,4,0,0,8.56,8.56,0.0,0.0,0.0,0.5714285714285714,0.5,0.8388704928078612,0
387,2,2,2012,0,0,0,0,0,0,0,2,0,0,,,,0.0,0.0,0.0,0.0,0.0,0
613,4,10,2012,0,0,0,0,1,0,1,4,0,0,2.5,2.5,0.0,2.0,0.0,1.2857142857142858,1.0357142857142858,1.2317450089997384,0
159,5,7,2011,0,0,0,0,1,1,1,5,0,0,5.27,5.27,0.0,0.0,1.0,0.14285714285714285,0.17857142857142858,0.3900210277874796,0
844,4,5,2013,0,0,0,0,0,0,0,4,0,0,8.47,8.47,0.0,0.0,0.0,0.14285714285714285,0.32142857142857145,0.5479640045336466,0
1311,2,8,2014,0,0,0,0,0,0,0,2,0,0,2.88,2.88,0.0,0.0,1.0,0.14285714285714285,0.2857142857142857,0.5345224838248479,0
1698,4,9,2015,0,0,0,0,0,0,0,4,0,0,1.38,1.38,0.0,2.0,3.0,4.0,4.428571428571429,2.9991180361414984,2
331,2,12,2011,25,3,0,0,0,0,0,2,0,1,0.93,0.93,0.0,8.0,11.0,4.0,5.178571428571429,3.7421876294446084,0
1197,7,5,2014,0,0,0,0,1,1,1,7,1,0,3.48,3.48,0.0,1.0,1.0,1.2857142857142858,2.5357142857142856,6.483495529859974,4
77,7,4,2011,0,0,0,0,0,1,1,7,1,0,,,,0.0,0.0,0.0,0.0,0.0,0
1089,4,1,2014,0,0,0,0,0,0,0,4,0,0,3.87,3.87,0.0,1.0,0.0,1.0,0.6428571428571429,0.7800420555749594,1
1717,2,10,2015,0,0,0,0,0,1,1,2,0,0,2.47,2.47,0.0,1.0,0.0,0.42857142857142855,0.21428571428571427,0.49867549436206376,0
682,3,12,2012,0,0,0,0,1,0,0,3,0,0,,,,0.0,0.0,0.0,0.0,0.0,0
1708,7,10,2015,0,0,0,0,1,0,1,7,1,0,3.33,3.33,0.0,0.0,0.0,0.0,0.0,0.0,0
1175,6,4,2014,0,0,0,0,0,0,0,6,0,0,4.97,4.97,0.0,0.0,0.0,0.0,0.0,0.0,0
214,4,8,2011,0,0,0,0,0,0,0,4,0,0,,,,0.0,0.0,0.0,0.0,0.0,0
518,7,6,2012,0,0,0,0,0,0,0,7,1,0,4.88,4.88,0.0,0.0,0.0,0.7142857142857143,0.17857142857142858,0.5479640045336447,2
1668,2,8,2015,0,0,0,0,0,0,0,2,0,0,5.47,5.47,0.0,0.0,0.0,0.0,0.10714285714285714,0.31497039417435635,1
1644,6,7,2015,0,0,0,0,0,0,0,6,0,0,3.33,3.33,0.0,0.0,1.0,0.42857142857142855,0.75,0.9670497325294006,1
1464,1,1,2015,0,0,0,0,0,0,0,1,1,0,0.94,0.94,0.0,0.0,0.0,0.14285714285714285,0.03571428571428571,0.18898223650745472,0
1715,7,10,2015,0,0,0,0,1,1,1,7,1,0,5.98,5.98,0.0,0.0,0.0,0.0,0.07142857142857142,0.2622652641564813,0
1714,6,10,2015,0,0,0,0,1,0,1,6,0,0,2.73,2.73,0.0,0.0,0.0,0.42857142857142855,0.21428571428571427,0.5681120688308976,0
641,4,10,2012,0,0,0,0,0,0,0,4,0,0,6.97,6.97,0.0,3.0,2.0,1.0,0.9285714285714286,0.899735410842438,0
1218,7,5,2014,0,0,0,0,0,0,0,7,1,0,3.88,3.88,0.0,0.0,0.0,0.0,0.0,0.0,0
506,2,6,2012,15,2,0,0,0,0,0,2,0,1,,,,0.0,0.0,0.0,0.0,0.0,0
143,3,6,2011,0,0,0,0,0,0,0,3,0,0,2.98,2.98,0.0,7.0,10.0,8.0,9.321428571428571,4.295161545089158,10
711,4,1,2013,0,0,0,0,1,0,1,4,0,0,3.68,3.68,0.0,0.0,3.0,1.2857142857142858,1.1785714285714286,1.4156158567804507,2
101,3,5,2011,0,0,0,0,1,1,1,3,0,0,,,,0.0,0.0,0.0,0.0,0.0,0
344,1,1,2012,28,4,0,0,1,1,0,1,1,1,8.96,8.96,0.0,2.0,2.0,0.8571428571428571,0.6071428571428571,0.685256681526506,1
1280,6,7,2014,0,0,0,0,0,0,0,6,0,0,4.63,4.63,0.0,0.0,1.0,0.42857142857142855,0.5,0.7453559924999291,0
580,6,8,2012,0,0,0,0,0,0,0,6,0,0,2.5,2.5,0.0,0.0,0.0,1.1428571428571428,1.4642857142857142,1.5511559096637115,3
397,5,2,2012,5,4,0,0,0,0,0,5,0,1,2.24,2.24,0.0,1.0,0.0,1.2857142857142858,1.0714285714285714,1.3032316365146694,0
1622,5,7,2015,0,0,0,0,1,0,1,5,0,0,5.88,5.88,0.0,0.0,1.0,0.2857142857142857,0.21428571428571427,0.4986754943620638,0
637,7,10,2012,22,4,0,0,0,0,0,7,1,1,3.97,3.97,0.0,0.0,0.0,0.7142857142857143,0.6071428571428571,0.9560445408144777,0
491,1,6,2012,0,0,0,0,1,0,1,1,1,0,,,,0.0,0.0,0.0,0.0,0.0,0
378,7,2,2012,0,0,0,0,1,0,0,7,1,0,,,,0.0,0.0,0.0,0.0,0.0,0
32,4,3,2011,0,0,0,0,1,1,0,4,0,0,2.88,2.98,-0.10000000000000009,0.0,2.0,0.2857142857142857,1.0,1.1221672153735642,5
953,1,9,2013,0,0,0,0,1,1,0,1,1,0,2.98,2.98,0.0,4.0,1.0,2.7142857142857144,2.2142857142857144,1.6410733356927392,2
255,3,10,2011,20,3,0,0,1,0,0,3,0,1,,,,0.0,0.0,0.0,0.0,0.0,0
1329,6,9,2014,0,0,0,0,0,0,0,6,0,0,,,,0.0,0.0,0.0,0.0,0.0,0
1627,3,7,2015,0,0,0,0,0,1,0,3,0,0,8.98,8.98,0.0,1.0,2.0,0.8571428571428571,1.25,1.3228756555322947,0
687,1,12,2012,0,0,0,0,0,1,1,1,1,0,,,,0.0,0.0,0.0,0.0,0.0,0
1187,4,4,2014,0,0,0,0,0,0,0,4,0,0,0.97,0.97,0.0,0.0,0.0,0.2857142857142857,0.2857142857142857,0.7126966450998021,0
1700,6,9,2015,22,4,0,0,0,0,0,6,0,1,5.28,5.28,0.0,0.0,0.0,0.0,0.0,0.0,0
554,1,8,2012,0,0,0,0,1,0,0,1,1,0,,,,0.0,0.0,0.0,0.0,0.0,0
636,6,10,2012,0,0,0,0,0,0,0,6,0,0,0.2,0.2,0.0,15.0,4.0,6.714285714285714,5.821428571428571,6.896341335050336,1
1779,1,12,2015,0,0,0,0,0,1,1,1,1,0,2.88,2.88,0.0,2.0,0.0,1.2857142857142858,1.0714285714285714,1.43832648198628,0
1400,7,11,2014,0,0,0,0,0,0,0,7,1,0,1.0,1.0,0.0,3.0,2.0,2.5714285714285716,2.892857142857143,2.042860842857478,0
708,1,1,2013,0,0,0,0,1,1,1,1,1,0,2.5,2.5,0.0,1.0,0.0,1.0,0.8571428571428571,0.8482786803738028,0
1144,3,3,2014,6,2,0,0,0,0,0,3,0,1,2.98,2.98,0.0,5.0,4.0,8.571428571428571,7.107142857142857,4.236868914783442,11
626,3,10,2012,0,0,0,0,0,1,1,3,0,0,2.96,2.96,0.0,0.0,0.0,0.0,0.0,0.0,0
962,3,9,2013,0,0,0,0,0,0,0,3,0,0,2.98,2.98,0.0,0.0,0.0,0.14285714285714285,1.25,1.9364916731037034,1
1716,1,10,2015,0,0,0,0,1,0,0,1,1,0,1.0,1.0,0.0,1.0,0.0,2.4285714285714284,3.0714285714285716,4.090898401995553,9
1335,5,9,2014,0,0,0,0,0,0,0,5,0,0,2.88,2.88,0.0,0.0,0.0,0.0,0.0,0.0,0
440,6,4,2012,0,0,0,0,0,1,1,6,0,0,0.5,0.5,0.0,2.0,0.0,2.7142857142857144,4.464285714285714,6.817635860777453,4
1018,3,11,2013,23,3,0,0,0,1,1,3,0,1,3.94,3.94,0.0,1.0,0.0,1.7142857142857142,1.3571428571428572,1.3392724867071673,0
869,1,6,2013,0,0,0,0,0,1,1,1,1,0,6.98,6.98,0.0,0.0,0.0,0.0,0.0,0.0,0
1302,7,8,2014,0,0,0,0,0,0,0,7,1,0,3.98,3.98,0.0,1.0,0.0,0.5714285714285714,0.17857142857142858,0.6118321864193027,0
1349,5,10,2014,0,0,0,0,1,0,1,5,0,0,2.98,2.98,0.0,0.0,1.0,0.0,0.8928571428571429,1.196887497862553,0
1318,2,9,2014,0,0,0,0,1,1,0,2,0,0,5.64,5.64,0.0,1.0,2.0,0.5714285714285714,0.6071428571428571,0.6852566815265055,0
1523,4,3,2015,0,0,0,0,0,0,0,4,0,0,2.97,2.97,0.0,0.0,0.0,0.0,0.0,0.0,0
1501,3,3,2015,0,0,0,0,1,1,1,3,0,0,,,,0.0,0.0,0.0,0.0,0.0,0
1481,4,2,2015,0,0,0,0,0,0,0,4,0,0,4.68,4.68,0.0,0.0,0.0,0.2857142857142857,0.14285714285714285,0.4483951394230341,0
1718,3,10,2015,20,3,0,0,0,1,1,3,0,1,1.98,1.98,0.0,2.0,4.0,3.0,4.535714285714286,2.3645866110738756,2
937,6,8,2013,0,0,0,0,0,0,0,6,0,0,4.44,4.44,0.0,1.0,1.0,1.0,0.5714285714285714,0.6341264874742276,0
1474,4,2,2015,0,0,0,0,1,0,0,4,0,0,4.98,4.98,0.0,0.0,1.0,0.0,0.17857142857142858,0.547964004533647,0
1193,3,5,2014,10,2,0,0,1,1,1,3,0,1,2.48,2.48,0.0,1.0,1.0,1.7142857142857142,1.8214285714285714,2.611279967522256,0
495,5,6,2012,0,0,0,0,1,1,1,5,0,0,,,,0.0,0.0,0.0,0.0,0.0,0
725,4,1,2013,0,0,0,0,0,0,0,4,0,0,,,,0.0,0.0,0.0,0.0,0.0,0
509,5,6,2012,0,0,0,0,0,0,0,5,0,0,5.97,5.97,0.0,0.0,0.0,0.5714285714285714,0.6071428571428571,0.737326788914382,0
566,6,8,2012,0,0,0,0,0,0,0,6,0,0,4.98,4.98,0.0,3.0,2.0,2.142857142857143,1.6071428571428572,1.2863754913562007,3
780,3,3,2013,0,0,0,0,0,0,0,3,0,0,,,,0.0,0.0,0.0,0.0,0.0,0
865,4,6,2013,0,0,0,0,0,1,1,4,0,0,10.97,10.97,0.0,0.0,0.0,0.0,0.0,0.0,0
44,2,3,2011,0,0,0,0,0,1,0,2,0,0,3.98,3.98,0.0,3.0,0.0,1.2857142857142858,1.5357142857142858,1.2904820476643273,0
200,4,8,2011,0,0,0,0,0,0,0,4,0,0,,,,0.0,0.0,0.0,0.0,0.0,0
700,7,12,2012,0,0,0,0,0,0,0,7,1,0,3.97,3.97,0.0,0.0,0.0,0.8571428571428571,0.7142857142857143,0.9759000729485335,0
482,6,5,2012,0,0,0,0,0,0,0,6,0,0,,,,0.0,0.0,0.0,0.0,0.0,0
1442,7,1,2015,0,0,0,0,1,1,1,7,1,0,1.98,1.98,0.0,2.0,1.0,1.2857142857142858,0.6785714285714286,0.7723735149271043,1
671,6,11,2012,0,0,0,0,0,0,0,6,0,0,0.5,0.5,0.0,0.0,0.0,0.0,0.0,0.0,0
1852,4,2,2016,0,0,0,0,0,0,0,4,0,0,4.97,4.97,0.0,0.0,0.0,0.0,0.07142857142857142,0.26226526415648155,1
1113,7,2,2014,2,2,0,0,0,0,1,7,1,1,4.98,4.98,0.0,0.0,1.0,1.0,0.8214285714285714,0.7723735149271023,0
871,3,6,2013,0,0,0,0,0,0,0,3,0,0,,,,0.0,0.0,0.0,0.0,0.0,0
32,4,3,2011,0,0,0,0,1,1,0,4,0,0,2.5,2.5,0.0,3.0,1.0,2.0,1.6785714285714286,1.4415416497771851,1
558,5,8,2012,0,0,0,0,1,0,1,5,0,0,6.97,6.97,0.0,1.0,2.0,0.42857142857142855,0.6428571428571429,0.6784669927988103,1
1046,3,12,2013,0,0,0,0,1,1,1,3,0,0,9.42,9.42,0.0,0.0,0.0,0.14285714285714285,0.21428571428571427,0.4986754943620638,1
245,7,9,2011,0,0,0,0,0,0,0,7,1,0,,,,0.0,0.0,0.0,0.0,0.0,0
1117,4,2,2014,0,0,0,0,0,0,0,4,0,0,1.47,1.47,0.0,1.0,0.0,1.1428571428571428,0.7857142857142857,1.2279806626883454,0
508,4,6,2012,0,0,0,0,0,0,0,4,0,0,,,,0.0,0.0,0.0,0.0,0.0,0
1214,3,5,2014,12,3,0,0,0,0,0,3,0,1,4.88,4.88,0.0,0.0,0.0,0.0,0.0,0.0,0
157,3,7,2011,16,3,0,0,1,0,0,3,0,1,,,,0.0,0.0,0.0,0.0,0.0,0
407,1,3,2012,0,0,0,0,1,0,0,1,1,0,,,,0.0,0.0,0.0,0.0,0.0,0
1785,7,12,2015,0,0,0,0,0,0,0,7,1,0,3.48,3.48,0.0,0.0,0.0,0.2857142857142857,0.2857142857142857,0.5998236072282935,0
403,4,3,2012,0,0,0,0,1,1,1,4,0,0,,,,0.0,0.0,0.0,0.0,0.0,0
1496,5,3,2015,0,0,0,0,1,0,0,5,0,0,0.97,0.97,0.0,0.0,0.0,0.0,0.5,0.9229582069908991,0
709,2,1,2013,0,0,0,0,1,1,1,2,0,0,,,,0.0,0.0,0.0,0.0,0.0,0
227,3,9,2011,0,0,0,0,0,1,1,3,0,0,1.97,1.97,0.0,0.0,3.0,0.8571428571428571,1.4285714285714286,1.8141128109919995,1
477,1,5,2012,0,0,0,0,0,0,0,1,1,0,,,,0.0,0.0,0.0,0.0,0.0,0
924,7,8,2013,0,0,0,0,1,1,1,7,1,0,5.24,5.24,0.0,1.0,0.0,0.5714285714285714,0.5357142857142857,0.6372477195601852,1
342,6,1,2012,0,0,0,0,1,1,1,6,0,0,6.87,6.87,0.0,0.0,0.0,0.0,0.0,0.0,0
29,1,2,2011,0,0,0,0,0,0,0,1,1,0,,,,0.0,0.0,0.0,0.0,0.0,0
1334,4,9,2014,0,0,0,0,0,0,0,4,0,0,3.32,3.32,0.0,2.0,1.0,1.0,1.1428571428571428,1.432797980494826,3
363,6,1,2012,0,0,0,0,0,0,0,6,0,0,,,,0.0,0.0,0.0,0.0,0.0,0
1335,5,9,2014,0,0,0,0,0,0,0,5,0,0,2.0,2.0,0.0,0.0,2.0,0.14285714285714285,0.42857142857142855,0.63412648747423,0
1736,7,10,2015,0,0,0,0,0,0,0,7,1,0,2.96,2.96,0.0,1.0,0.0,0.42857142857142855,0.5714285714285714,0.8789122666607678,0
606,4,9,2012,0,0,0,0,0,0,0,4,0,0,1.98,1.98,0.0,1.0,0.0,0.2857142857142857,0.2857142857142857,0.46004370622823615,0
1562,1,5,2015,0,0,0,0,1,1,1,1,1,0,6.86,6.86,0.0,3.0,3.0,1.4285714285714286,1.3214285714285714,1.1880133254200742,2
218,1,9,2011,0,0,0,0,1,1,1,1,1,0,2.47,2.47,0.0,0.0,0.0,0.14285714285714285,0.07142857142857142,0.26226526415648127,0
169,1,7,2011,0,0,0,0,0,0,0,1,1,0,,,,0.0,0.0,0.0,0.0,0.0,0
862,1,6,2013,0,0,0,0,1,0,1,1,1,0,5.34,5.34,0.0,6.0,0.0,3.857142857142857,2.7857142857142856,2.973427288714126,3
887,5,7,2013,0,0,0,0,1,1,1,5,0,0,3.33,3.33,0.0,0.0,0.0,0.8571428571428571,0.7142857142857143,0.8967902788460654,0
1324,1,9,2014,0,0,0,0,0,1,0,1,1,0,2.48,2.48,0.0,11.0,1.0,5.142857142857143,4.285714285714286,3.6702723973704545,3
1593,4,6,2015,0,0,0,0,1,1,1,4,0,0,2.5,2.5,0.0,0.0,0.0,0.0,0.0,0.0,0
1467,4,2,2015,0,0,0,0,1,1,1,4,0,0,2.87,2.87,0.0,0.0,1.0,0.8571428571428571,0.9642857142857143,1.346659594512312,0
1128,1,3,2014,0,0,0,0,1,1,0,1,1,0,9.88,9.88,0.0,0.0,0.0,0.0,0.0,0.0,0
458,3,4,2012,0,0,0,0,0,0,0,3,0,0,0.5,0.5,0.0,0.0,0.0,6.571428571428571,5.571428571428571,8.612775056849808,0
1012,4,11,2013,0,0,0,0,1,1,1,4,0,0,,,,0.0,0.0,0.0,0.0,0.0,0
709,2,1,2013,0,0,0,0,1,1,1,2,0,0,2.42,2.42,0.0,1.0,7.0,1.5714285714285714,1.5714285714285714,1.687175404799644,2
1544,4,4,2015,0,0,0,0,0,0,0,4,0,0,2.22,2.22,0.0,0.0,0.0,0.0,0.0,0.0,0
539,7,7,2012,17,4,0,0,0,0,0,7,1,1,1.82,1.82,0.0,4.0,1.0,2.857142857142857,1.5,1.8954135676924448,0
1128,1,3,2014,0,0,0,0,1,1,0,1,1,0,2.24,2.24,0.0,2.0,3.0,1.1428571428571428,2.0,2.1256807188565574,2
1023,1,11,2013,0,0,0,0,0,0,0,1,1,0,6.97,6.97,0.0,2.0,0.0,0.5714285714285714,0.39285714285714285,0.7373267889143822,0
670,5,11,2012,0,0,0,0,0,0,0,5,0,0,,,,0.0,0.0,0.0,0.0,0.0,0
1629,5,7,2015,0,0,0,0,0,1,1,5,0,0,0.88,0.88,0.0,0.0,0.0,0.14285714285714285,0.35714285714285715,0.8698354767504914,0
663,5,11,2012,0,0,0,0,0,0,0,5,0,0,,,,0.0,0.0,0.0,0.0,0.0,0
998,4,10,2013,0,0,0,0,0,0,0,4,0,0,4.98,,,0.0,0.0,0.0,0.0,0.0,0
1453,4,1,2015,0,0,0,0,0,0,0,4,0,0,1.48,1.48,0.0,0.0,0.0,0.0,0.0,0.0,0
223,6,9,2011,0,0,0,0,1,0,1,6,0,0,,,,0.0,0.0,0.0,0.0,0.0,0
301,7,11,2011,0,0,0,0,0,0,0,7,1,0,,,,0.0,0.0,0.0,0.0,0.0,0
1565,4,5,2015,0,0,0,0,0,1,1,4,0,0,2.88,2.88,0.0,1.0,3.0,0.7142857142857143,0.8928571428571429,1.1333099904225385,0
493,3,6,2012,0,0,0,0,1,0,0,3,0,0,,,,0.0,0.0,0.0,0.0,0.0,0
862,1,6,2013,0,0,0,0,1,0,1,1,1,0,5.97,5.97,0.0,0.0,0.0,0.14285714285714285,0.17857142857142858,0.4755948656056709,0
1347,3,10,2014,0,0,0,0,1,1,1,3,0,0,4.98,4.98,0.0,0.0,1.0,0.0,0.03571428571428571,0.1889822365046131,0
1051,1,12,2013,0,0,0,0,0,0,1,1,1,0,5.27,5.27,0.0,0.0,0.0,0.42857142857142855,0.2857142857142857,0.6586823467062356,0
1306,4,8,2014,0,0,0,0,0,0,0,4,0,0,1.78,1.78,0.0,1.0,0.0,1.0,0.8928571428571429,0.9560445408144764,1
1722,7,10,2015,0,0,0,0,0,0,0,7,1,0,1.0,1.0,0.0,5.0,2.0,2.142857142857143,2.0714285714285716,2.2431553739645285,0
290,3,11,2011,0,0,0,0,0,0,1,3,0,0,,,,0.0,0.0,0.0,0.0,0.0,0
316,1,12,2011,0,0,0,0,1,0,0,1,1,0,1.98,1.98,0.0,3.0,3.0,2.142857142857143,1.8928571428571428,1.7709442075467479,4
474,5,5,2012,0,0,0,0,0,0,0,5,0,0,,,,0.0,0.0,0.0,0.0,0.0,0
1734,5,10,2015,0,0,0,0,0,0,0,5,0,0,2.68,2.68,0.0,5.0,5.0,9.142857142857142,7.928571428571429,4.479819535291865,0
1685,5,9,2015,0,0,0,0,1,1,1,5,0,0,2.98,2.98,0.0,1.0,0.0,0.14285714285714285,0.14285714285714285,0.3563483225498974,0
1433,5,12,2014,0,0,0,0,0,0,0,5,0,0,4.44,4.44,0.0,0.0,1.0,0.42857142857142855,0.5357142857142857,0.8380817098475258,0
1608,5,6,2015,0,0,0,0,0,0,0,5,0,0,3.97,3.97,0.0,0.0,0.0,0.5714285714285714,0.75,1.3777329741819206,0
1725,3,10,2015,0,0,0,0,0,0,0,3,0,0,2.97,2.97,0.0,0.0,0.0,0.0,0.0,0.0,0
1089,4,1,2014,0,0,0,0,0,0,0,4,0,0,0.97,0.97,0.0,1.0,0.0,0.7142857142857143,0.2857142857142857,0.5345224838248538,2
547,1,7,2012,0,0,0,0,0,0,0,1,1,0,7.67,7.67,0.0,1.0,0.0,0.5714285714285714,0.6071428571428571,0.8317445171439014,1
1064,7,12,2013,0,0,0,0,0,0,0,7,1,0,6.87,6.87,0.0,2.0,1.0,1.1428571428571428,1.0,0.7200822998230945,0
1007,6,10,2013,21,2,0,0,0,0,0,6,0,1,,,,0.0,0.0,0.0,0.0,0.0,0
395,3,2,2012,0,0,0,0,0,0,0,3,0,0,,,,0.0,0.0,0.0,0.0,0.0,0
1771,7,12,2015,0,0,0,0,1,0,0,7,1,0,2.98,2.98,0.0,0.0,0.0,0.42857142857142855,0.6071428571428571,0.6852566815265063,0
1625,1,7,2015,0,0,0,0,0,1,1,1,1,0,1.0,1.0,0.0,1.0,1.0,1.5714285714285714,1.1071428571428572,1.4742050139924343,0
369,5,2,2012,0,0,0,0,1,1,0,5,0,0,,,,0.0,0.0,0.0,0.0,0.0,0
757,1,2,2013,0,0,0,0,0,0,0,1,1,0,0.2,0.2,0.0,20.0,0.0,12.571428571428571,12.642857142857142,12.74308610134308,9
1203,6,5,2014,0,0,0,0,0,1,1,6,0,0,,,,0.0,0.0,0.0,0.0,0.0,0
1146,5,3,2014,0,0,0,0,0,0,0,5,0,0,,,,0.0,0.0,0.0,0.0,0.0,0
1686,6,9,2015,0,0,0,0,1,0,0,6,0,0,1.78,1.78,0.0,0.0,0.0,1.4285714285714286,0.8928571428571429,1.2274419565151544,0
222,5,9,2011,0,0,0,0,1,1,0,5,0,0,3.17,3.17,0.0,0.0,0.0,0.0,0.0,0.0,0
1145,4,3,2014,0,0,0,0,0,0,0,4,0,0,,,,0.0,0.0,0.0,0.0,0.0,0
232,1,9,2011,0,0,0,0,0,0,0,1,1,0,2.38,2.38,0.0,0.0,0.0,0.5714285714285714,0.4642857142857143,0.6929348671835834,0
1045,2,12,2013,0,0,0,0,1,0,1,2,0,0,,,,0.0,0.0,0.0,0.0,0.0,0
520,2,7,2012,0,0,0,0,1,1,0,2,0,0,9.88,9.88,0.0,0.0,0.0,1.4285714285714286,0.6785714285714286,1.1880133254200733,0
815,3,4,2013,0,0,0,0,0,0,0,3,0,0,1.0,1.0,0.0,4.0,17.0,12.285714285714286,15.392857142857142,8.63815517733531,9
172,4,7,2011,0,0,0,0,0,0,0,4,0,0,3.98,3.98,0.0,0.0,2.0,1.1428571428571428,1.1071428571428572,0.875141711880434,1
1046,3,12,2013,0,0,0,0,1,1,1,3,0,0,2.88,2.88,0.0,0.0,1.0,1.4285714285714286,0.5714285714285714,0.9973509887241273,1
991,4,10,2013,22,4,0,0,0,1,1,4,0,1,4.97,4.97,0.0,0.0,0.0,0.0,0.03571428571428571,0.1889822365046138,0
885,3,7,2013,0,0,0,0,1,1,0,3,0,0,3.33,3.33,0.0,0.0,0.0,0.8571428571428571,0.6071428571428571,0.9164862737363253,0
1752,2,11,2015,0,0,0,0,0,1,1,2,0,0,9.97,9.97,0.0,0.0,0.0,0.0,0.0,0.0,0
1688,1,9,2015,0,0,0,0,0,1,1,1,1,0,2.0,2.0,0.0,3.0,2.0,2.142857142857143,1.5714285714285714,2.044478950709488,2
1156,1,3,2014,0,0,0,0,0,0,0,1,1,0,3.33,3.33,0.0,0.0,3.0,0.14285714285714285,0.39285714285714285,0.6852566815265063,0
196,7,8,2011,0,0,0,0,0,1,1,7,1,0,2.18,2.18,0.0,0.0,1.0,0.2857142857142857,0.5,0.6382847385042258,0
1049,6,12,2013,0,0,0,0,0,1,1,6,0,0,11.97,11.97,0.0,0.0,0.0,0.0,0.0,0.0,0
1200,3,5,2014,0,0,0,0,0,1,1,3,0,0,8.97,8.97,0.0,0.0,0.0,0.14285714285714285,0.2857142857142857,0.5345224838248489,0
729,1,1,2013,0,0,0,0,0,0,0,1,1,0,,,,0.0,0.0,0.0,0.0,0.0,0
902,6,7,2013,0,0,0,0,0,0,0,6,0,0,2.88,2.88,0.0,3.0,0.0,1.2857142857142858,1.6785714285714286,2.1439591522603267,2
740,5,2,2013,0,0,0,0,1,1,1,5,0,0,1.25,1.25,0.0,0.0,2.0,4.571428571428571,2.857142857142857,2.9403235613623364,4
839,6,5,2013,0,0,0,0,0,0,0,6,0,0,1.0,1.0,0.0,0.0,0.0,5.142857142857143,2.7857142857142856,4.139754357152869,2
1400,7,11,2014,0,0,0,0,0,0,0,7,1,0,,,,0.0,0.0,0.0,0.0,0.0,0
1585,3,6,2015,0,0,0,0,1,1,0,3,0,0,2.98,2.98,0.0,0.0,0.0,0.0,0.39285714285714285,0.8751417118804331,0
1589,7,6,2015,0,0,0,0,1,1,1,7,1,0,11.28,11.28,0.0,1.0,0.0,0.5714285714285714,0.5357142857142857,0.6929348671835834,1
308,7,12,2011,0,0,0,0,1,0,1,7,1,0,,,,0.0,0.0,0.0,0.0,0.0,0
169,1,7,2011,0,0,0,0,0,0,0,1,1,0,3.97,3.97,0.0,1.0,0.0,0.42857142857142855,0.10714285714285714,0.31497039417435585,1
1055,5,12,2013,0,0,0,0,0,0,0,5,0,0,3.97,3.97,0.0,1.0,0.0,0.2857142857142857,0.17857142857142858,0.3900210277874798,0
1306,4,8,2014,0,0,0,0,0,0,0,4,0,0,6.97,6.97,0.0,0.0,0.0,0.0,0.0,0.0,0
1272,5,7,2014,0,0,0,0,0,0,0,5,0,0,2.24,2.24,0.0,0.0,1.0,0.7142857142857143,1.75,2.2872432055821035,0
1645,7,7,2015,0,0,0,0,0,0,0,7,1,0,5.97,5.97,0.0,0.0,0.0,0.14285714285714285,0.07142857142857142,0.2622652641564821,0
1702,1,9,2015,0,0,0,0,0,0,0,1,1,0,3.94,3.94,0.0,0.0,2.0,1.1428571428571428,1.1428571428571428,0.9704632614370053,1
182,7,7,2011,0,0,0,0,0,0,0,7,1,0,3.5,3.5,0.0,0.0,4.0,0.5714285714285714,1.6785714285714286,1.5166623059417514,0
1840,6,2,2016,0,0,0,0,0,1,1,6,0,0,6.42,6.42,0.0,1.0,0.0,0.14285714285714285,0.25,0.5853140973807074,1
559,6,8,2012,0,0,0,0,1,1,1,6,0,0,1.0,1.0,0.0,21.0,1.0,4.571428571428571,3.8214285714285716,5.767428154145271,0
1669,3,8,2015,0,0,0,0,0,0,0,3,0,0,3.48,3.48,0.0,2.0,0.0,1.7142857142857142,1.7857142857142858,1.1660996354464526,3
620,4,10,2012,0,0,0,0,1,1,1,4,0,0,3.98,3.98,0.0,1.0,0.0,1.8571428571428572,1.2857142857142858,1.3293591565847707,1
1538,5,4,2015,0,0,0,0,0,1,1,5,0,0,2.5,2.5,0.0,1.0,0.0,2.4285714285714284,1.5,1.5515822270854345,2
1025,3,11,2013,0,0,0,0,0,0,0,3,0,0,3.33,3.33,0.0,6.0,4.0,3.5714285714285716,2.392857142857143,1.6852142563920562,2
440,6,4,2012,0,0,0,0,0,1,1,6,0,0,7.67,7.67,0.0,1.0,1.0,0.8571428571428571,0.75,1.0408329997330665,0
1055,5,12,2013,0,0,0,0,0,0,0,5,0,0,,,,0.0,0.0,0.0,0.0,0.0,0
504,7,6,2012,0,0,0,0,0,1,1,7,1,0,,,,0.0,0.0,0.0,0.0,0.0,0
1384,5,11,2014,0,0,0,0,0,1,1,5,0,0,4.98,4.98,0.0,0.0,0.0,0.14285714285714285,0.32142857142857145,0.6118321864193021,0
25,4,2,2011,0,0,0,0,0,0,0,4,0,0,4.98,4.98,0.0,0.0,,0.5714285714285714,,,1
1570,2,5,2015,0,0,0,0,0,0,0,2,0,0,7.67,7.67,0.0,0.0,1.0,0.7142857142857143,0.6071428571428571,0.994029797388004,0
470,1,5,2012,0,0,0,0,0,1,1,1,1,0,,,,0.0,0.0,0.0,0.0,0.0,0
501,4,6,2012,13,1,0,0,0,1,1,4,0,1,1.78,1.78,0.0,0.0,3.0,0.0,0.5,0.7934920476158704,0
712,5,1,2013,0,0,0,0,1,1,1,5,0,0,2.68,2.68,0.0,1.0,2.0,1.5714285714285714,1.6785714285714286,1.6342077348473538,4
1360,2,10,2014,0,0,0,0,0,0,0,2,0,0,1.18,1.18,0.0,5.0,4.0,1.1428571428571428,2.2857142857142856,1.8024087351866778,1
1613,3,6,2015,0,0,0,0,0,0,0,3,0,0,3.24,3.24,0.0,0.0,0.0,0.0,0.17857142857142858,0.6118321864193021,1
1772,1,12,2015,0,0,0,0,1,1,1,1,1,0,4.78,4.78,0.0,0.0,0.0,0.2857142857142857,0.17857142857142858,0.47559486560566966,0
912,2,7,2013,0,0,0,0,0,0,0,2,0,0,4.47,4.47,0.0,0.0,0.0,0.14285714285714285,0.35714285714285715,0.6784669927988101,0
1146,5,3,2014,0,0,0,0,0,0,0,5,0,0,2.94,2.94,0.0,0.0,1.0,0.8571428571428571,1.0357142857142858,1.1049431980420865,0
714,7,1,2013,0,0,0,0,0,1,1,7,1,0,1.97,1.97,0.0,0.0,0.0,0.5714285714285714,0.6785714285714286,0.8189230248533266,0
1316,7,9,2014,0,0,0,0,1,1,1,7,1,0,2.88,2.88,0.0,1.0,0.0,0.5714285714285714,0.32142857142857145,0.5479640045336454,0
82,5,4,2011,0,0,0,0,0,0,0,5,0,0,,,,0.0,0.0,0.0,0.0,0.0,0
1202,5,5,2014,0,0,0,0,0,0,1,5,0,0,3.98,3.98,0.0,3.0,1.0,1.7142857142857142,1.7857142857142858,1.066567455703643,3
840,7,5,2013,0,0,0,0,0,0,0,7,1,0,3.48,3.48,0.0,0.0,1.0,0.42857142857142855,0.35714285714285715,0.48795003647424584,0
492,2,6,2012,0,0,0,0,1,1,1,2,0,0,0.2,0.2,0.0,9.0,27.0,28.428571428571427,26.964285714285715,20.282234778718234,21
1162,7,4,2014,0,0,0,0,1,0,0,7,1,0,,,,0.0,0.0,0.0,0.0,0.0,0
101,3,5,2011,0,0,0,0,1,1,1,3,0,0,,,,0.0,0.0,0.0,0.0,0.0,0
1220,2,6,2014,0,0,0,0,1,1,0,2,0,0,6.48,6.48,0.0,0.0,1.0,0.2857142857142857,0.42857142857142855,0.7901510136288024,0
60,4,3,2011,0,0,0,0,0,0,0,4,0,0,,,,0.0,0.0,0.0,0.0,0.0,0
1499,1,3,2015,0,0,0,0,1,1,0,1,1,0,2.78,2.78,0.0,2.0,2.0,2.142857142857143,1.8928571428571428,1.2274419565151562,3
1290,2,8,2014,0,0,0,0,1,0,0,2,0,0,1.25,1.25,0.0,3.0,1.0,5.857142857142857,5.25,3.5965518465865953,4
867,6,6,2013,0,0,0,0,0,1,0,6,0,0,,,,0.0,0.0,0.0,0.0,0.0,0
1369,4,10,2014,0,0,0,0,0,0,0,4,0,0,1.98,1.98,0.0,0.0,2.0,0.7142857142857143,1.0357142857142858,1.0357370915204795,2
471,2,5,2012,11,2,0,0,0,1,0,2,0,1,1.98,1.98,0.0,0.0,0.0,0.0,0.0,0.0,0
147,7,6,2011,0,0,0,0,0,0,0,7,1,0,,,,0.0,0.0,0.0,0.0,0.0,0
873,5,6,2013,0,0,0,0,0,0,0,5,0,0,2.94,2.94,0.0,1.0,2.0,0.8571428571428571,0.8214285714285714,1.0559731838827005,1
238,7,9,2011,0,0,0,0,0,0,0,7,1,0,,,,0.0,0.0,0.0,0.0,0.0,0
1511,6,3,2015,0,0,0,0,0,0,0,6,0,0,4.97,4.97,0.0,1.0,0.0,0.14285714285714285,0.17857142857142858,0.39002102778747993,0
366,2,1,2012,0,0,0,0,0,0,0,2,0,0,,,,0.0,0.0,0.0,0.0,0.0,0
1626,2,7,2015,0,0,0,0,0,1,1,2,0,0,5.98,5.98,0.0,0.0,0.0,5.142857142857143,1.2857142857142858,3.9049554733283776,0
321,6,12,2011,0,0,0,0,0,1,1,6,0,0,11.97,11.97,0.0,0.0,0.0,0.14285714285714285,0.07142857142857142,0.26226526415648094,0
406,7,3,2012,0,0,0,0,1,1,1,7,1,0,,,,0.0,0.0,0.0,0.0,0.0,0
1552,5,4,2015,0,0,0,0,0,0,0,5,0,0,4.88,4.88,0.0,0.0,1.0,0.7142857142857143,1.3571428571428572,1.4710612373457335,0
1030,1,11,2013,0,0,0,0,0,0,0,1,1,0,1.48,1.48,0.0,0.0,0.0,0.0,0.0,0.0,0
1835,1,2,2016,0,0,0,0,1,1,1,1,1,0,4.54,4.54,0.0,2.0,1.0,1.7142857142857142,0.8928571428571429,1.286375491356201,0
1792,7,12,2015,25,3,0,0,0,0,0,7,1,1,8.97,8.97,0.0,1.0,0.0,0.5714285714285714,0.21428571428571427,0.4986754943620639,0
191,2,8,2011,0,0,0,0,1,1,0,2,0,0,7.67,7.67,0.0,1.0,2.0,1.0,0.8214285714285714,0.7723735149271023,1
63,7,4,2011,0,0,0,0,1,1,0,7,1,0,,,,0.0,0.0,0.0,0.0,0.0,0
398,6,3,2012,0,0,0,0,1,1,0,6,0,0,2.68,2.68,0.0,1.0,0.0,0.7142857142857143,0.6071428571428571,0.9164862737363227,3
1331,1,9,2014,0,0,0,0,0,0,0,1,1,0,6.97,6.97,0.0,0.0,2.0,0.0,0.39285714285714285,0.7859547491585432,3
108,3,5,2011,0,0,0,0,0,0,0,3,0,0,,,,0.0,0.0,0.0,0.0,0.0,0
966,7,9,2013,0,0,0,0,0,0,0,7,1,0,0.98,0.98,0.0,0.0,1.0,0.0,0.03571428571428571,0.1889822365046172,0
718,4,1,2013,0,0,0,0,0,1,1,4,0,0,8.98,8.98,0.0,0.0,0.0,0.0,0.2857142857142857,0.5998236072282916,0
1606,3,6,2015,0,0,0,0,0,0,0,3,0,0,6.98,6.98,0.0,0.0,2.0,0.0,0.75,1.4813657362192545,0
1063,6,12,2013,0,0,0,0,0,0,0,6,0,0,,,,0.0,0.0,0.0,0.0,0.0,0
1694,7,9,2015,0,0,0,0,0,0,0,7,1,0,2.82,2.82,0.0,1.0,1.0,1.1428571428571428,0.8928571428571429,1.2274419565151686,0
505,1,6,2012,0,0,0,0,0,0,0,1,1,0,1.58,1.58,0.0,100.0,73.0,72.0,61.92857142857143,14.554949702646162,74
879,4,6,2013,0,0,0,0,0,0,0,4,0,0,2.94,2.94,0.0,0.0,1.0,0.5714285714285714,0.7857142857142857,1.1974399500026847,0
14,7,2,2011,0,0,0,0,0,1,1,7,1,0,,,,0.0,,0.0,,,0
1043,7,12,2013,0,0,0,0,1,1,1,7,1,0,1.98,1.98,0.0,1.0,0.0,1.2857142857142858,1.2142857142857142,1.1007452982594164,0
652,1,11,2012,0,0,0,0,1,0,0,1,1,0,,,,0.0,0.0,0.0,0.0,0.0,0
578,4,8,2012,0,0,0,0,0,0,0,4,0,0,,,,0.0,0.0,0.0,0.0,0.0,0
1083,5,1,2014,0,0,0,0,0,1,1,5,0,0,6.97,6.97,0.0,0.0,0.0,0.42857142857142855,0.35714285714285715,0.6784669927988097,0
71,1,4,2011,0,0,0,0,1,1,1,1,1,0,,,,0.0,0.0,0.0,0.0,0.0,0
1272,5,7,2014,0,0,0,0,0,0,0,5,0,0,2.5,2.5,0.0,1.0,0.0,0.14285714285714285,0.03571428571428571,0.18898223650442125,3
1120,7,2,2014,0,0,0,0,0,0,0,7,1,0,,,,0.0,0.0,0.0,0.0,0.0,0
1008,7,11,2013,0,0,0,0,1,1,0,7,1,0,4.98,4.98,0.0,3.0,0.0,0.7142857142857143,0.6785714285714286,0.8629652337776965,1
441,7,4,2012,0,0,0,0,0,1,0,7,1,0,,,,0.0,0.0,0.0,0.0,0.0,0
1555,1,5,2015,0,0,0,0,1,0,1,1,1,0,3.88,3.88,0.0,2.0,2.0,0.7142857142857143,0.8214285714285714,1.0559731838827016,1
503,6,6,2012,0,0,0,0,0,0,1,6,0,0,,,,0.0,0.0,0.0,0.0,0.0,0
1395,2,11,2014,0,0,0,0,0,0,0,2,0,0,1.68,1.68,0.0,94.0,96.0,56.857142857142854,67.53571428571429,16.678844757172524,87
126,7,6,2011,0,0,0,0,1,1,1,7,1,0,,,,0.0,0.0,0.0,0.0,0.0,0
1401,1,11,2014,0,0,0,0,0,0,0,1,1,0,3.48,3.48,0.0,8.0,0.0,3.857142857142857,1.3928571428571428,2.4846087062715556,4
1785,7,12,2015,0,0,0,0,0,0,0,7,1,0,8.98,8.98,0.0,0.0,4.0,1.5714285714285714,1.25,1.3505828645714681,3
1185,2,4,2014,0,0,0,0,0,0,0,2,0,0,,,,0.0,0.0,0.0,0.0,0.0,0
1142,1,3,2014,0,0,0,0,0,1,1,1,1,0,6.97,6.97,0.0,0.0,0.0,0.14285714285714285,0.17857142857142858,0.3900210277874798,0
300,6,11,2011,24,3,0,0,0,0,0,6,0,1,,,,0.0,0.0,0.0,0.0,0.0,0
1159,4,4,2014,0,0,0,0,1,1,0,4,0,0,3.28,3.28,0.0,8.0,10.0,5.571428571428571,6.928571428571429,3.589372909520257,2
1238,6,6,2014,0,0,0,0,0,0,0,6,0,0,3.67,3.67,0.0,1.0,0.0,1.1428571428571428,1.0,1.2765694770084486,4
1156,1,3,2014,0,0,0,0,0,0,0,1,1,0,,,,0.0,0.0,0.0,0.0,0.0,0
529,4,7,2012,0,0,0,0,1,0,0,4,0,0,1.98,1.98,0.0,2.0,6.0,3.4285714285714284,3.5357142857142856,2.268661587109323,5
1846,5,2,2016,5,4,0,0,0,0,0,5,0,1,5.94,5.94,0.0,1.0,1.0,1.4285714285714286,1.1071428571428572,1.3700307029348384,2
477,1,5,2012,0,0,0,0,0,0,0,1,1,0,4.97,4.97,0.0,1.0,6.0,1.4285714285714286,1.7142857142857142,1.3839595063960195,4
484,1,5,2012,0,0,0,0,0,0,0,1,1,0,3.68,3.68,0.0,1.0,6.0,1.0,1.6785714285714286,1.5882338532114137,1
571,4,8,2012,0,0,0,0,0,0,0,4,0,0,,,,0.0,0.0,0.0,0.0,0.0,0
1051,1,12,2013,0,0,0,0,0,0,1,1,1,0,4.98,4.98,0.0,0.0,0.0,0.0,0.03571428571428571,0.18898223650461354,0
1617,7,7,2015,0,0,0,0,1,1,1,7,1,0,2.96,2.96,0.0,3.0,4.0,4.142857142857143,5.035714285714286,2.949979822368436,4
458,3,4,2012,0,0,0,0,0,0,0,3,0,0,3.98,3.98,0.0,0.0,0.0,0.8571428571428571,0.6785714285714286,1.1880133254200733,1
1065,1,12,2013,0,0,0,0,0,0,0,1,1,0,2.18,2.18,0.0,0.0,0.0,0.0,0.0,0.0,0
728,7,1,2013,0,0,0,0,0,0,0,7,1,0,2.97,2.97,0.0,0.0,0.0,0.0,0.0,0.0,0
461,6,5,2012,0,0,0,0,1,1,1,6,0,0,2.42,2.42,0.0,1.0,0.0,2.0,1.9642857142857142,1.261455445614248,2
451,3,4,2012,0,0,0,0,0,0,0,3,0,0,,,,0.0,0.0,0.0,0.0,0.0,0
163,2,7,2011,0,0,0,0,1,0,0,2,0,0,,,,0.0,0.0,0.0,0.0,0.0,0
1352,1,10,2014,0,0,0,0,0,1,1,1,1,0,2.08,2.08,0.0,0.0,1.0,0.14285714285714285,0.21428571428571427,0.4178554470186721,0
1365,7,10,2014,0,0,0,0,0,0,0,7,1,0,11.97,11.97,0.0,1.0,0.0,0.2857142857142857,0.07142857142857142,0.26226526415648077,0
934,3,8,2013,0,0,0,0,0,0,0,3,0,0,6.98,6.98,0.0,0.0,0.0,0.0,0.0,0.0,0
259,7,10,2011,0,0,0,0,0,0,1,7,1,0,1.73,1.73,0.0,5.0,4.0,2.5714285714285716,1.7857142857142858,1.792104966691466,1
9,2,2,2011,1,1,0,0,1,1,1,2,0,1,,,,0.0,,0.0,,,0
148,1,6,2011,0,0,0,0,0,0,0,1,1,0,3.78,3.78,0.0,4.0,2.0,2.2857142857142856,1.7142857142857142,1.38395950639602,3
1234,2,6,2014,14,1,4,1,0,1,1,2,0,1,1.88,1.88,0.0,0.0,1.0,0.2857142857142857,0.42857142857142855,0.7417981870189111,1
1703,2,9,2015,0,0,0,0,0,0,0,2,0,0,1.88,1.88,0.0,2.0,2.0,1.4285714285714286,1.75,1.5545631755148042,4
548,2,7,2012,0,0,0,0,0,0,0,2,0,0,,,,0.0,0.0,0.0,0.0,0.0,0
371,7,2,2012,0,0,0,0,1,1,1,7,1,0,,,,0.0,0.0,0.0,0.0,0.0,0
290,3,11,2011,0,0,0,0,0,0,1,3,0,0,4.5,4.5,0.0,3.0,0.0,2.0,2.0357142857142856,1.4777897123279864,1
648,4,11,2012,0,0,0,0,1,1,1,4,0,0,,,,0.0,0.0,0.0,0.0,0.0,0
940,2,8,2013,0,0,0,0,0,0,0,2,0,0,4.88,4.88,0.0,2.0,0.0,0.7142857142857143,0.8214285714285714,0.7723735149271014,0
699,6,12,2012,0,0,0,0,0,0,0,6,0,0,5.34,5.34,0.0,0.0,0.0,0.0,0.03571428571428571,0.18898223650461446,0
129,3,6,2011,0,0,0,0,1,1,1,3,0,0,,,,0.0,0.0,0.0,0.0,0.0,0
1590,1,6,2015,0,0,0,0,1,1,1,1,1,0,5.98,5.98,0.0,0.0,2.0,0.0,0.35714285714285715,0.6784669927988098,0
516,5,6,2012,0,0,0,0,0,0,0,5,0,0,,,,0.0,0.0,0.0,0.0,0.0,0
1733,4,10,2015,0,0,0,0,0,0,0,4,0,0,2.48,2.48,0.0,0.0,1.0,0.8571428571428571,1.7857142857142858,1.474653577828761,0
615,6,10,2012,0,0,0,0,1,0,0,6,0,0,2.5,2.5,0.0,3.0,1.0,1.1428571428571428,1.1071428571428572,1.640670272114096,1
1628,4,7,2015,0,0,0,0,0,0,1,4,0,0,0.48,0.48,0.0,0.0,0.0,0.0,1.9642857142857142,4.01370008343777,1
1450,1,1,2015,0,0,0,0,0,0,0,1,1,0,2.88,2.88,0.0,0.0,0.0,0.5714285714285714,0.5714285714285714,0.9594972228385634,2
1428,7,12,2014,0,0,0,0,0,0,0,7,1,0,5.97,5.97,0.0,0.0,1.0,0.14285714285714285,0.14285714285714285,0.3563483225498975,0
458,3,4,2012,0,0,0,0,0,0,0,3,0,0,2.68,2.68,0.0,0.0,0.0,1.1428571428571428,1.0,1.1863420280034787,1
809,4,4,2013,0,0,0,0,0,0,0,4,0,0,4.74,4.74,0.0,0.0,0.0,0.2857142857142857,0.5,1.0000000000000004,1
42,7,3,2011,0,0,0,0,0,1,1,7,1,0,,,,0.0,0.0,0.0,0.0,0.0,0
276,3,10,2011,21,2,0,0,0,0,0,3,0,1,,,,0.0,0.0,0.0,0.0,0.0,0
45,3,3,2011,0,0,0,0,0,0,1,3,0,0,4.88,4.88,0.0,0.0,0.0,0.7142857142857143,1.0357142857142858,1.3738872361173378,1
1047,4,12,2013,0,0,0,0,1,0,0,4,0,0,5.34,5.34,0.0,0.0,0.0,0.0,0.0,0.0,0
1166,4,4,2014,0,0,0,0,1,0,1,4,0,0,3.98,3.98,0.0,1.0,2.0,1.4285714285714286,1.1071428571428572,1.0306159867619544,0
1567,6,5,2015,0,0,0,0,0,0,1,6,0,0,4.88,4.88,0.0,2.0,1.0,1.1428571428571428,1.25,0.9670497325294006,3
145,5,6,2011,0,0,0,0,0,0,0,5,0,0,0.54,0.54,0.0,3.0,36.0,3.2857142857142856,3.642857142857143,7.17100274879884,0
343,7,1,2012,0,0,0,0,1,1,1,7,1,0,6.98,6.98,0.0,3.0,0.0,4.285714285714286,2.3214285714285716,2.450299625345491,0
8,1,2,2011,0,0,0,0,1,1,1,1,1,0,4.88,4.88,0.0,8.0,,2.857142857142857,,,6
1496,5,3,2015,0,0,0,0,1,0,0,5,0,0,1.0,1.0,0.0,0.0,16.0,0.0,6.107142857142857,8.517256060119985,0
253,1,10,2011,0,0,0,0,1,0,1,1,1,0,,,,0.0,0.0,0.0,0.0,0.0,0
1175,6,4,2014,0,0,0,0,0,0,0,6,0,0,1.98,1.0,0.98,0.0,0.0,2.5714285714285716,1.8928571428571428,2.8588949654159075,0
1203,6,5,2014,0,0,0,0,0,1,1,6,0,0,1.48,1.48,0.0,2.0,0.0,0.42857142857142855,2.357142857142857,2.1294110768922754,0
461,6,5,2012,0,0,0,0,1,1,1,6,0,0,3.67,3.67,0.0,2.0,1.0,1.0,1.0,1.122167215373562,1
1160,5,4,2014,0,0,0,0,1,0,1,5,0,0,3.48,3.48,0.0,0.0,0.0,0.0,0.0,0.0,0
1271,4,7,2014,0,0,0,0,0,0,0,4,0,0,5.94,5.94,0.0,0.0,0.0,0.14285714285714285,0.17857142857142858,0.3900210277874797,0
1783,5,12,2015,0,0,0,0,0,0,0,5,0,0,3.97,3.97,0.0,0.0,0.0,0.14285714285714285,0.10714285714285714,0.31497039417435596,1
970,4,9,2013,0,0,0,0,0,0,0,4,0,0,2.98,2.98,0.0,3.0,2.0,3.4285714285714284,3.892857142857143,1.9690058727652666,3
1237,5,6,2014,0,0,0,0,0,0,0,5,0,0,2.84,2.82,0.020000000000000018,0.0,0.0,0.42857142857142855,1.1428571428571428,1.1454995906456409,0
1475,5,2,2015,0,0,0,0,0,1,1,5,0,0,6.98,6.98,0.0,4.0,4.0,3.5714285714285716,3.2857142857142856,2.2584350999152254,6
1049,6,12,2013,0,0,0,0,0,1,1,6,0,0,3.98,3.98,0.0,2.0,1.0,1.8571428571428572,3.142857142857143,2.0314980007334773,0
1835,1,2,2016,0,0,0,0,1,1,1,1,1,0,0.78,0.78,0.0,1.0,1.0,1.7142857142857142,1.3214285714285714,1.441541649777184,0
1656,4,8,2015,0,0,0,0,0,1,1,4,0,0,18.73,18.73,0.0,4.0,4.0,4.428571428571429,3.5,1.7320508075688832,2
1715,7,10,2015,0,0,0,0,1,1,1,7,1,0,2.22,2.22,0.0,2.0,1.0,1.0,0.5714285714285714,0.8357108940373444,0
51,2,3,2011,7,4,0,0,0,0,0,2,0,1,0.42,0.42,0.0,26.0,5.0,10.714285714285714,6.0,6.9067867857422485,24
313,5,12,2011,0,0,0,0,1,1,0,5,0,0,1.98,1.98,0.0,0.0,2.0,2.857142857142857,2.1785714285714284,1.564740457204542,2
306,5,11,2011,0,0,0,0,0,0,0,5,0,0,,,,0.0,0.0,0.0,0.0,0.0,0
1661,2,8,2015,0,0,0,0,0,0,0,2,0,0,1.74,1.74,0.0,0.0,0.0,0.5714285714285714,0.7857142857142857,0.9567360740266355,0
495,5,6,2012,0,0,0,0,1,1,1,5,0,0,5.27,5.27,0.0,0.0,0.0,0.14285714285714285,0.17857142857142858,0.3900210277874793,0
1162,7,4,2014,0,0,0,0,1,0,0,7,1,0,1.58,1.58,0.0,66.0,72.0,68.85714285714286,71.39285714285714,14.458982305548579,62
7,7,2,2011,0,0,0,0,1,0,0,7,1,0,4.74,,,,,,,,2
931,7,8,2013,0,0,0,0,0,0,0,7,1,0,9.88,9.88,0.0,0.0,0.0,0.0,0.0,0.0,0
1185,2,4,2014,0,0,0,0,0,0,0,2,0,0,1.0,1.0,0.0,0.0,7.0,9.142857142857142,7.107142857142857,7.922491591404373,7
1553,6,4,2015,0,0,0,0,0,0,0,6,0,0,9.46,9.46,0.0,1.0,1.0,0.8571428571428571,0.8214285714285714,1.090483121902141,0
1136,2,3,2014,0,0,0,0,1,1,1,2,0,0,3.88,3.88,0.0,0.0,0.0,0.0,0.0,0.0,0
1001,7,10,2013,0,0,0,0,0,0,0,7,1,0,,,,0.0,0.0,0.0,0.0,0.0,0
834,1,5,2013,0,0,0,0,0,1,1,1,1,0,1.74,1.74,0.0,1.0,0.0,0.42857142857142855,0.42857142857142855,0.7417981870189133,0
1248,2,6,2014,17,4,0,0,0,0,0,2,0,1,11.97,11.97,0.0,0.0,0.0,0.0,0.0,0.0,0
354,4,1,2012,0,0,0,0,0,0,0,4,0,0,,,,0.0,0.0,0.0,0.0,0.0,0
1697,3,9,2015,0,0,0,0,0,0,0,3,0,0,0.97,0.97,0.0,0.0,0.0,0.2857142857142857,0.21428571428571427,0.4986754943620697,1
674,2,12,2012,0,0,0,0,1,0,1,2,0,0,2.73,2.73,0.0,0.0,0.0,0.0,0.17857142857142858,0.4755948656056709,0
75,5,4,2011,0,0,0,0,0,1,0,5,0,0,2.18,2.18,0.0,1.0,0.0,1.0,0.8928571428571429,1.0306159867619522,1
138,5,6,2011,0,0,0,0,0,1,1,5,0,0,,,,0.0,0.0,0.0,0.0,0.0,0
45,3,3,2011,0,0,0,0,0,0,1,3,0,0,3.12,3.12,0.0,0.0,0.0,3.4285714285714284,2.107142857142857,4.855995040224797,4
256,4,10,2011,0,0,0,0,0,1,1,4,0,0,8.48,8.48,0.0,0.0,0.0,0.0,0.10714285714285714,0.3149703941743561,0
1329,6,9,2014,0,0,0,0,0,0,0,6,0,0,0.54,0.54,0.0,0.0,0.0,0.0,0.0,0.0,0
184,2,7,2011,0,0,0,0,0,0,0,2,0,0,,,,0.0,0.0,0.0,0.0,0.0,0
220,3,9,2011,19,3,0,0,1,1,1,3,0,1,2.58,2.58,0.0,0.0,0.0,0.0,0.0,0.0,0
729,1,1,2013,0,0,0,0,0,0,0,1,1,0,,,,0.0,0.0,0.0,0.0,0.0,0
675,3,12,2012,0,0,0,0,1,1,1,3,0,0,2.24,2.24,0.0,0.0,0.0,0.42857142857142855,0.7142857142857143,1.1174422797967039,3
819,7,4,2013,0,0,0,0,0,0,0,7,1,0,10.98,10.98,0.0,0.0,0.0,0.0,0.0,0.0,0
1148,7,3,2014,0,0,0,0,0,0,0,7,1,0,0.78,0.78,0.0,0.0,0.0,0.0,0.0,0.0,0
758,2,2,2013,7,4,0,0,0,0,0,2,0,1,5.97,5.97,0.0,0.0,1.0,0.14285714285714285,0.25,0.4409585518440984,1
1546,6,4,2015,0,0,0,0,0,0,0,6,0,0,0.48,0.46,0.019999999999999962,3.0,0.0,2.5714285714285716,1.25,2.153807997220016,0
563,3,8,2012,0,0,0,0,0,1,0,3,0,0,,,,0.0,0.0,0.0,0.0,0.0,0
534,2,7,2012,0,0,0,0,0,1,1,2,0,0,,,,0.0,0.0,0.0,0.0,0.0,0
724,3,1,2013,29,3,0,0,0,0,0,3,0,1,1.88,1.88,0.0,0.0,0.0,0.0,0.21428571428571427,0.4986754943620637,0
408,2,3,2012,0,0,0,0,0,1,1,2,0,0,1.0,1.0,0.0,0.0,14.0,3.7142857142857144,5.0,3.8393672318157703,0
1482,5,2,2015,4,4,0,0,0,0,0,5,0,1,2.24,2.24,0.0,3.0,0.0,1.0,1.0357142857142858,1.2904820476643384,0
1164,2,4,2014,0,0,0,0,1,1,1,2,0,0,2.98,2.98,0.0,0.0,0.0,0.14285714285714285,0.10714285714285714,0.3149703941743551,0
83,6,4,2011,0,0,0,0,0,0,0,6,0,0,1.98,1.98,0.0,5.0,3.0,1.4285714285714286,1.7142857142857142,1.5600841111499197,0
202,6,8,2011,0,0,0,0,0,0,0,6,0,0,,,,0.0,0.0,0.0,0.0,0.0,0
939,1,8,2013,0,0,0,0,0,0,0,1,1,0,1.58,1.58,0.0,0.0,4.0,0.0,0.9642857142857143,1.8152061990235555,0
92,1,4,2011,0,0,0,0,0,0,0,1,1,0,3.28,3.28,0.0,7.0,6.0,3.857142857142857,4.0,3.2317865716108845,1
1240,1,6,2014,0,0,0,0,0,0,0,1,1,0,0.97,0.97,0.0,0.0,1.0,0.0,0.17857142857142858,0.4755948656056709,0
1124,4,2,2014,0,0,0,0,0,0,0,4,0,0,2.98,2.98,0.0,0.0,0.0,0.0,0.2857142857142857,1.0131411680782823,0
310,2,12,2011,0,0,0,0,1,0,0,2,0,0,,,,0.0,0.0,0.0,0.0,0.0,0
1051,1,12,2013,0,0,0,0,0,0,1,1,1,0,3.97,3.97,0.0,1.0,0.0,0.5714285714285714,0.25,0.5181877251716008,0
1376,4,11,2014,0,0,0,0,1,0,0,4,0,0,1.48,1.48,0.0,0.0,0.0,0.0,0.0,0.0,0
1210,6,5,2014,0,0,0,0,0,0,0,6,0,0,6.97,6.97,0.0,0.0,0.0,0.5714285714285714,0.5357142857142857,0.6929348671835828,1
476,7,5,2012,0,0,0,0,0,0,0,7,1,0,,,,0.0,0.0,0.0,0.0,0.0,0
1436,1,1,2015,0,0,0,0,1,1,1,1,1,0,7.97,7.97,0.0,1.0,5.0,2.7142857142857144,2.4642857142857144,1.8354965592579209,4
1264,4,7,2014,0,0,0,0,0,1,1,4,0,0,0.2,0.2,0.0,0.0,3.0,0.0,4.821428571428571,6.092214651920885,3
657,6,11,2012,0,0,0,0,0,1,1,6,0,0,,,,0.0,0.0,0.0,0.0,0.0,0
1797,5,12,2015,0,0,0,0,0,0,0,5,0,0,2.5,3.5,-1.0,0.0,0.0,0.7142857142857143,0.9642857142857143,1.4005856673692676,0
315,7,12,2011,0,0,0,0,1,1,1,7,1,0,3.78,3.78,0.0,1.0,3.0,0.42857142857142855,0.6785714285714286,1.2781227967601125,0
1756,6,11,2015,0,0,0,0,0,0,0,6,0,0,3.98,3.98,0.0,0.0,2.0,0.8571428571428571,0.6785714285714286,1.090483121902141,2
240,2,9,2011,0,0,0,0,0,0,0,2,0,0,,,,0.0,0.0,0.0,0.0,0.0,0
873,5,6,2013,0,0,0,0,0,0,0,5,0,0,1.98,1.98,0.0,1.0,1.0,2.0,1.9642857142857142,1.5270921982678627,1
826,7,5,2013,0,0,0,0,1,1,1,7,1,0,6.97,6.97,0.0,1.0,2.0,0.7142857142857143,0.6428571428571429,0.869835476750492,0
351,1,1,2012,0,0,0,0,0,0,1,1,1,0,3.78,3.78,0.0,1.0,0.0,1.0,1.1785714285714286,1.055973183882699,1
1835,1,2,2016,0,0,0,0,1,1,1,1,1,0,3.33,3.33,0.0,0.0,0.0,0.7142857142857143,0.39285714285714285,0.685256681526506,1
521,3,7,2012,0,0,0,0,1,0,1,3,0,0,2.98,2.98,0.0,4.0,4.0,2.2857142857142856,3.2142857142857144,1.853068383482496,4
1811,5,1,2016,0,0,0,0,0,1,0,5,0,0,2.88,2.88,0.0,0.0,0.0,0.14285714285714285,0.10714285714285714,0.3149703941743573,2
452,4,4,2012,0,0,0,0,0,0,0,4,0,0,2.24,2.24,0.0,0.0,1.0,1.0,1.5,1.4782371884055654,0
644,7,11,2012,0,0,0,0,1,0,1,7,1,0,4.97,4.97,0.0,1.0,0.0,0.14285714285714285,0.42857142857142855,0.9973509887241274,1
436,2,4,2012,30,2,0,0,1,0,1,2,0,1,3.32,3.32,0.0,0.0,0.0,0.0,0.5,2.0993826252990173,1
1488,4,2,2015,0,0,0,0,0,0,0,4,0,0,,,,0.0,0.0,0.0,0.0,0.0,0
159,5,7,2011,0,0,0,0,1,1,1,5,0,0,,,,0.0,0.0,0.0,0.0,0.0,0
1567,6,5,2015,0,0,0,0,0,0,1,6,0,0,1.98,1.98,0.0,2.0,2.0,3.4285714285714284,2.25,1.8978545391709714,1
693,7,12,2012,0,0,0,0,0,0,0,7,1,0,1.58,1.58,0.0,65.0,101.0,80.85714285714286,71.25,17.306870825708984,91
236,5,9,2011,0,0,0,0,0,0,0,5,0,0,8.48,8.48,0.0,0.0,1.0,0.0,0.03571428571428571,0.18898223650461377,0
75,5,4,2011,0,0,0,0,0,1,0,5,0,0,,,,0.0,0.0,0.0,0.0,0.0,0
276,3,10,2011,21,2,0,0,0,0,0,3,0,1,2.48,2.48,0.0,0.0,0.0,0.0,0.0,0.0,0
1229,4,6,2014,0,0,0,0,1,0,0,4,0,0,3.38,3.38,0.0,0.0,0.0,0.2857142857142857,0.7857142857142857,1.1338934190276855,3
1384,5,11,2014,0,0,0,0,0,1,1,5,0,0,3.98,3.98,0.0,2.0,3.0,4.285714285714286,3.392857142857143,2.0062732304280626,1
538,6,7,2012,0,0,0,0,0,0,0,6,0,0,1.98,1.98,0.0,0.0,0.0,0.0,0.0,0.0,0
30,2,2,2011,0,0,0,0,0,0,0,2,0,0,1.98,1.98,0.0,0.0,0.0,1.1428571428571428,0.5357142857142857,1.1049431980420852,1
341,5,1,2012,0,0,0,0,1,0,0,5,0,0,10.97,10.97,0.0,0.0,0.0,0.0,0.0,0.0,0
1763,6,11,2015,24,3,0,0,0,0,0,6,0,1,4.74,4.74,0.0,0.0,0.0,0.0,0.0,0.0,0
1302,7,8,2014,0,0,0,0,0,0,0,7,1,0,5.98,5.98,0.0,0.0,0.0,0.14285714285714285,0.25,0.5181877251716009,0
1746,3,11,2015,0,0,0,0,1,1,1,3,0,0,23.98,23.98,0.0,0.0,0.0,0.14285714285714285,0.14285714285714285,0.44839513942303294,0
1825,5,1,2016,0,0,0,0,0,0,0,5,0,0,7.97,7.97,0.0,3.0,5.0,3.5714285714285716,3.3214285714285716,2.1266139218219156,0
737,2,2,2013,1,1,0,0,1,1,1,2,0,1,,,,0.0,0.0,0.0,0.0,0.0,0
1330,7,9,2014,0,0,0,0,0,0,0,7,1,0,9.97,9.97,0.0,1.0,2.0,0.5714285714285714,0.32142857142857145,0.5479640045336461,0
1489,5,2,2015,5,4,0,0,0,0,0,5,0,1,3.48,3.48,0.0,1.0,2.0,2.142857142857143,1.6785714285714286,1.2781227967601085,0
1593,4,6,2015,0,0,0,0,1,1,1,4,0,0,5.96,5.96,0.0,1.0,1.0,0.14285714285714285,1.2142857142857142,1.449320220147745,0
807,2,4,2013,0,0,0,0,0,0,1,2,0,0,,,,0.0,0.0,0.0,0.0,0.0,0
1379,7,11,2014,0,0,0,0,1,1,0,7,1,0,5.96,5.96,0.0,1.0,3.0,1.7142857142857142,1.3928571428571428,1.227441956515159,2
1196,6,5,2014,0,0,0,0,1,0,1,6,0,0,8.97,8.97,0.0,0.0,0.0,0.0,0.0,0.0,0
514,3,6,2012,0,0,0,0,0,0,0,3,0,0,,,,0.0,0.0,0.0,0.0,0.0,0
1706,5,9,2015,0,0,0,0,0,0,0,5,0,0,5.96,5.96,0.0,0.0,0.0,0.0,0.0,0.0,0
1534,1,4,2015,9,4,0,0,0,1,1,1,1,1,4.88,4.88,0.0,1.0,0.0,0.42857142857142855,0.2857142857142857,0.5345224838248542,0
1758,1,11,2015,0,0,0,0,0,0,0,1,1,0,4.97,4.97,0.0,2.0,2.0,1.7142857142857142,1.8571428571428572,1.5566889295168833,2
1070,6,1,2014,0,0,0,0,1,0,1,6,0,0,1.0,1.0,0.0,3.0,2.0,3.0,2.9642857142857144,2.3488711687097297,2
110,5,5,2011,0,0,0,0,0,0,0,5,0,0,11.97,11.97,0.0,0.0,0.0,0.0,0.07142857142857142,0.262265264156481,0
972,6,9,2013,0,0,0,0,0,0,0,6,0,0,2.97,2.97,0.0,0.0,0.0,0.14285714285714285,0.25,0.645497224367903,0
64,1,4,2011,0,0,0,0,1,0,1,1,1,0,3.12,3.12,0.0,2.0,0.0,1.5714285714285714,2.7142857142857144,3.60921806302349,3
1337,7,9,2014,0,0,0,0,0,0,0,7,1,0,5.22,5.22,0.0,2.0,1.0,0.5714285714285714,0.32142857142857145,0.6118321864193024,0
1433,5,12,2014,0,0,0,0,0,0,0,5,0,0,4.88,4.88,0.0,0.0,1.0,0.2857142857142857,0.4642857142857143,0.5762035942360814,0
1155,7,3,2014,0,0,0,0,0,0,0,7,1,0,2.94,2.94,0.0,0.0,5.0,0.0,1.6428571428571428,1.870121519408428,0
611,2,9,2012,0,0,0,0,0,0,0,2,0,0,5.16,5.16,0.0,0.0,0.0,0.5714285714285714,0.32142857142857145,0.6118321864193029,4
1421,7,12,2014,0,0,0,0,0,0,0,7,1,0,2.96,2.96,0.0,1.0,8.0,7.142857142857143,7.535714285714286,3.0729662694409274,4
393,1,2,2012,0,0,0,0,0,0,0,1,1,0,,,,0.0,0.0,0.0,0.0,0.0,0
1258,5,7,2014,0,0,0,0,1,1,1,5,0,0,2.5,2.5,0.0,1.0,0.0,1.0,1.1785714285714286,1.4670093394782462,0
1050,7,12,2013,0,0,0,0,0,1,0,7,1,0,3.88,3.88,0.0,2.0,1.0,1.4285714285714286,1.1785714285714286,0.7228324650199208,3
1782,4,12,2015,0,0,0,0,0,1,1,4,0,0,3.47,3.47,0.0,0.0,3.0,3.0,3.1785714285714284,1.8268282862112728,2
1331,1,9,2014,0,0,0,0,0,0,0,1,1,0,3.38,3.38,0.0,0.0,0.0,0.0,0.0,0.0,0
848,1,5,2013,0,0,0,0,0,0,0,1,1,0,4.98,4.98,0.0,5.0,3.0,2.7142857142857144,1.9285714285714286,1.58531621868557,3
95,4,5,2011,0,0,0,0,1,1,1,4,0,0,,,,0.0,0.0,0.0,0.0,0.0,0
673,1,12,2012,0,0,0,0,1,1,0,1,1,0,1.58,1.58,0.0,3.0,0.0,3.142857142857143,2.392857142857143,2.096545407450705,2
354,4,1,2012,0,0,0,0,0,0,0,4,0,0,2.98,2.98,0.0,0.0,2.0,0.7142857142857143,0.8214285714285714,0.8629652337776973,1
1280,6,7,2014,0,0,0,0,0,0,0,6,0,0,2.5,2.5,0.0,0.0,0.0,0.0,0.0,0.0,0
454,6,4,2012,0,0,0,0,0,0,0,6,0,0,2.68,2.68,0.0,8.0,1.0,3.0,1.25,1.6694421334796354,0
1614,4,6,2015,0,0,0,0,0,0,0,4,0,0,3.24,3.24,0.0,0.0,0.0,0.14285714285714285,0.21428571428571427,0.6299407883487116,0
674,2,12,2012,0,0,0,0,1,0,1,2,0,0,,,,0.0,0.0,0.0,0.0,0.0,0
323,1,12,2011,0,0,0,0,0,0,0,1,1,0,,,,0.0,0.0,0.0,0.0,0.0,0
1556,2,5,2015,0,0,0,0,1,1,1,2,0,0,1.28,1.28,0.0,0.0,0.0,0.0,0.0,0.0,0
294,7,11,2011,0,0,0,0,0,0,0,7,1,0,,,,0.0,0.0,0.0,0.0,0.0,0
1500,2,3,2015,0,0,0,0,1,0,1,2,0,0,4.98,4.98,0.0,1.0,0.0,0.5714285714285714,0.17857142857142858,0.6118321864193031,0
455,7,4,2012,0,0,0,0,0,0,0,7,1,0,,,,0.0,0.0,0.0,0.0,0.0,0
6,6,2,2011,0,0,0,0,1,1,1,6,0,0,2.47,,,,,,,,0
216,6,9,2011,0,0,0,0,1,1,0,6,0,0,,,,0.0,0.0,0.0,0.0,0.0,0
1130,3,3,2014,0,0,0,0,1,1,1,3,0,0,3.48,3.48,0.0,1.0,6.0,1.1428571428571428,1.25,2.066039331309669,1
1514,2,3,2015,0,0,0,0,0,0,0,2,0,0,7.47,7.47,0.0,0.0,0.0,0.0,0.0,0.0,0
1357,6,10,2014,0,0,0,0,0,0,0,6,0,0,0.98,0.98,0.0,0.0,2.0,1.7142857142857142,2.2142857142857144,3.2013555330011796,0
1251,5,7,2014,0,0,0,0,1,0,1,5,0,0,7.47,7.47,0.0,0.0,0.0,0.14285714285714285,0.25,0.44095855184409827,1
380,2,2,2012,0,0,0,0,0,1,1,2,0,0,,,,0.0,0.0,0.0,0.0,0.0,0
297,3,11,2011,0,0,0,0,0,0,0,3,0,0,,,,0.0,0.0,0.0,0.0,0.0,0
536,4,7,2012,0,0,0,0,0,0,0,4,0,0,,,,0.0,0.0,0.0,0.0,0.0,0
1724,2,10,2015,0,0,0,0,0,0,0,2,0,0,4.97,4.97,0.0,0.0,0.0,0.42857142857142855,0.17857142857142858,0.4755948656056706,0
1814,1,1,2016,0,0,0,0,0,0,0,1,1,0,5.47,5.47,0.0,0.0,0.0,0.2857142857142857,0.21428571428571427,0.5681120688308977,0
776,6,3,2013,0,0,0,0,0,0,1,6,0,0,,,,0.0,0.0,0.0,0.0,0.0,0
849,2,5,2013,0,0,0,0,0,0,0,2,0,0,,,,0.0,0.0,0.0,0.0,0.0,0
1452,3,1,2015,29,3,0,0,0,0,0,3,0,1,2.28,2.28,0.0,2.0,1.0,2.142857142857143,2.107142857142857,2.0609110842912415,0
1321,5,9,2014,0,0,0,0,1,0,0,5,0,0,5.22,5.22,0.0,0.0,0.0,0.42857142857142855,0.32142857142857145,0.5479640045336464,0
474,5,5,2012,0,0,0,0,0,0,0,5,0,0,5.27,5.27,0.0,0.0,0.0,0.42857142857142855,0.2857142857142857,0.4600437062282357,0
791,7,3,2013,0,0,0,0,0,0,0,7,1,0,4.97,4.97,0.0,0.0,0.0,0.0,0.10714285714285714,0.31497039417435635,0
1550,3,4,2015,0,0,0,0,0,0,0,3,0,0,3.67,3.67,0.0,1.0,0.0,0.14285714285714285,0.35714285714285715,0.6784669927988081,1
331,2,12,2011,25,3,0,0,0,0,0,2,0,1,3.32,3.32,0.0,1.0,1.0,1.0,1.0714285714285714,1.0862293403762275,0
1308,6,8,2014,0,0,0,0,0,0,0,6,0,0,4.97,4.97,0.0,0.0,0.0,0.0,0.14285714285714285,0.5245305283129621,0
671,6,11,2012,0,0,0,0,0,0,0,6,0,0,3.32,3.32,0.0,0.0,0.0,0.0,0.0,0.0,0
1798,6,12,2015,0,0,0,0,0,0,0,6,0,0,1.78,1.78,0.0,0.0,0.0,0.8571428571428571,1.0714285714285714,1.4123416706693133,1
216,6,9,2011,0,0,0,0,1,1,0,6,0,0,,,,0.0,0.0,0.0,0.0,0.0,0
116,4,5,2011,0,0,0,0,0,0,0,4,0,0,3.97,3.97,0.0,0.0,0.0,0.8571428571428571,0.5357142857142857,0.692934867183583,1
1760,3,11,2015,0,0,0,0,0,0,0,3,0,0,4.98,4.98,0.0,0.0,0.0,0.14285714285714285,0.21428571428571427,0.4178554470186718,1
817,5,4,2013,0,0,0,0,0,0,0,5,0,0,3.38,3.38,0.0,0.0,0.0,0.14285714285714285,0.07142857142857142,0.2622652641565028,0
68,5,4,2011,0,0,0,0,1,1,1,5,0,0,,,,0.0,0.0,0.0,0.0,0.0,0
622,6,10,2012,0,0,0,0,0,1,1,6,0,0,1.78,1.78,0.0,1.0,1.0,0.5714285714285714,0.4642857142857143,0.7444681351359518,1
81,4,4,2011,0,0,0,0,0,0,0,4,0,0,1.88,1.88,0.0,6.0,1.0,2.4285714285714284,2.142857142857143,1.7787695646207704,5
41,6,3,2011,0,0,0,0,1,0,0,6,0,0,,,,0.0,0.0,0.0,0.0,0.0,0
1023,1,11,2013,0,0,0,0,0,0,0,1,1,0,2.25,2.25,0.0,1.0,1.0,0.7142857142857143,1.0,1.276569477008445,2
1127,7,2,2014,0,0,0,0,0,0,0,7,1,0,1.88,1.88,0.0,5.0,2.0,2.4285714285714284,1.8928571428571428,2.148889217182886,3
148,1,6,2011,0,0,0,0,0,0,0,1,1,0,2.0,2.0,0.0,0.0,1.0,0.2857142857142857,0.35714285714285715,0.67846699279881,0
1383,4,11,2014,23,3,0,0,0,1,1,4,0,1,3.97,3.97,0.0,0.0,0.0,0.42857142857142855,0.7142857142857143,0.9371802805793981,0
419,6,3,2012,0,0,0,0,0,0,0,6,0,0,1.78,1.78,0.0,4.0,1.0,5.857142857142857,4.678571428571429,3.055699852292693,5
398,6,3,2012,0,0,0,0,1,1,0,6,0,0,,,,0.0,0.0,0.0,0.0,0.0,0
590,2,9,2012,0,0,0,0,1,1,1,2,0,0,,,,0.0,0.0,0.0,0.0,0.0,0
631,1,10,2012,0,0,0,0,0,0,0,1,1,0,0.78,0.78,0.0,0.0,0.0,0.0,0.17857142857142858,0.5479640045336466,0
1637,6,7,2015,0,0,0,0,0,0,0,6,0,0,2.78,2.78,0.0,0.0,0.0,0.0,0.0,0.0,0
284,4,11,2011,0,0,0,0,1,0,1,4,0,0,2.97,2.97,0.0,0.0,0.0,0.0,0.03571428571428571,0.18898223650461862,0
1529,3,4,2015,0,0,0,0,1,1,1,3,0,0,5.88,5.88,0.0,0.0,1.0,0.14285714285714285,0.07142857142857142,0.26226526415648105,0
1587,5,6,2015,0,0,0,0,1,1,1,5,0,0,2.5,2.5,0.0,1.0,2.0,0.8571428571428571,0.5357142857142857,0.7926581093427846,0
893,4,7,2013,17,4,0,0,1,1,1,4,0,1,4.67,4.67,0.0,3.0,2.0,2.142857142857143,1.5357142857142858,1.0708993401928097,1
822,3,4,2013,0,0,0,0,0,0,0,3,0,0,3.98,3.98,0.0,1.0,1.0,1.7142857142857142,1.7142857142857142,1.4871584352852973,1
1449,7,1,2015,0,0,0,0,0,0,0,7,1,0,6.97,6.97,0.0,0.0,3.0,1.1428571428571428,1.3571428571428572,1.2827714704898272,1
1540,7,4,2015,0,0,0,0,0,0,0,7,1,0,3.34,3.34,0.0,2.0,3.0,3.7142857142857144,2.857142857142857,1.9189944456771402,4
1101,2,2,2014,1,1,0,0,1,0,1,2,0,1,4.88,4.88,0.0,1.0,0.0,0.8571428571428571,0.75,0.7515416254704842,1
1094,2,1,2014,0,0,0,0,0,0,0,2,0,0,11.97,11.97,0.0,0.0,0.0,0.0,0.0,0.0,0
824,5,5,2013,0,0,0,0,1,1,0,5,0,0,1.38,1.38,0.0,4.0,0.0,0.8571428571428571,0.5714285714285714,1.0338196500275416,0
540,1,7,2012,0,0,0,0,0,0,0,1,1,0,7.97,7.97,0.0,1.0,2.0,1.2857142857142858,1.1428571428571428,1.1126972805283677,1
1796,4,12,2015,0,0,0,0,0,0,0,4,0,0,4.68,4.68,0.0,0.0,0.0,0.8571428571428571,0.32142857142857145,0.9833266074561482,0
685,6,12,2012,0,0,0,0,0,1,0,6,0,0,5.98,5.98,0.0,1.0,1.0,0.14285714285714285,0.39285714285714285,0.5669467095138411,2
625,2,10,2012,0,0,0,0,0,0,1,2,0,0,7.47,7.47,0.0,0.0,0.0,0.0,0.03571428571428571,0.1889822365046136,0
559,6,8,2012,0,0,0,0,1,1,1,6,0,0,1.98,1.98,0.0,3.0,0.0,1.5714285714285714,1.6071428571428572,1.3148520748875057,1
264,5,10,2011,0,0,0,0,0,0,0,5,0,0,,,,0.0,0.0,0.0,0.0,0.0,0
565,5,8,2012,0,0,0,0,0,1,1,5,0,0,,,,0.0,0.0,0.0,0.0,0.0,0
1635,4,7,2015,0,0,0,0,0,0,0,4,0,0,1.0,1.0,0.0,7.0,1.0,6.285714285714286,1.9285714285714286,3.387652649872851,9
1485,1,2,2015,0,0,0,0,0,0,0,1,1,0,14.97,14.97,0.0,3.0,3.0,1.2857142857142858,1.1071428571428572,1.3968028497458758,0
47,5,3,2011,5,4,0,0,0,0,0,5,0,1,,,,0.0,0.0,0.0,0.0,0.0,0
684,5,12,2012,0,0,0,0,0,1,1,5,0,0,,,,0.0,0.0,0.0,0.0,0.0,0
1688,1,9,2015,0,0,0,0,0,1,1,1,1,0,2.42,2.42,0.0,1.0,0.0,1.2857142857142858,1.0,0.860662965823865,0
415,2,3,2012,0,0,0,0,0,0,0,2,0,0,2.48,2.48,0.0,1.0,6.0,2.2857142857142856,2.2857142857142856,2.191856018134588,1
163,2,7,2011,0,0,0,0,1,0,0,2,0,0,3.17,3.17,0.0,0.0,0.0,0.0,0.03571428571428571,0.1889822365046136,0
178,3,7,2011,0,0,0,0,0,0,0,3,0,0,,,,0.0,0.0,0.0,0.0,0.0,0
635,5,10,2012,0,0,0,0,0,0,0,5,0,0,4.88,4.88,0.0,0.0,1.0,0.0,0.21428571428571427,0.5681120688309009,0
771,1,3,2013,0,0,0,0,1,1,1,1,1,0,7.5,7.5,0.0,0.0,4.0,1.4285714285714286,2.142857142857143,2.2396144792961623,1
35,7,3,2011,0,0,0,0,1,0,0,7,1,0,,,,0.0,0.0,0.0,0.0,0.0,0
1110,4,2,2014,0,0,0,0,0,1,1,4,0,0,8.47,8.47,0.0,0.0,0.0,0.0,0.17857142857142858,0.39002102778747993,0
169,1,7,2011,0,0,0,0,0,0,0,1,1,0,,,,0.0,0.0,0.0,0.0,0.0,0
492,2,6,2012,0,0,0,0,1,1,1,2,0,0,6.97,6.97,0.0,0.0,0.0,0.0,0.0,0.0,0
510,6,6,2012,14,1,0,0,0,0,0,6,0,1,2.98,2.98,0.0,3.0,4.0,6.714285714285714,7.5,4.194352464039304,10
1847,6,2,2016,0,0,0,0,0,0,0,6,0,0,2.47,2.47,0.0,1.0,0.0,0.14285714285714285,0.03571428571428571,0.188982236504614,0
1604,1,6,2015,0,0,0,0,0,0,0,1,1,0,8.84,8.84,0.0,3.0,1.0,2.857142857142857,1.8571428571428572,1.8601928556785348,0
1176,7,4,2014,0,0,0,0,0,0,0,7,1,0,3.97,3.97,0.0,0.0,0.0,0.0,0.0,0.0,0
1515,3,3,2015,0,0,0,0,0,0,0,3,0,0,0.97,0.97,0.0,0.0,0.0,0.42857142857142855,0.14285714285714285,0.44839513942303094,0
1845,4,2,2016,0,0,0,0,0,0,0,4,0,0,9.98,9.98,0.0,1.0,0.0,0.8571428571428571,0.5357142857142857,0.7444681351359534,1
1702,1,9,2015,0,0,0,0,0,0,0,1,1,0,1.68,1.68,0.0,6.0,4.0,4.571428571428571,5.892857142857143,2.2987804450167735,9
1776,5,12,2015,0,0,0,0,1,1,1,5,0,0,7.48,7.48,0.0,1.0,2.0,0.5714285714285714,0.7857142857142857,0.9946949227868798,1
1584,2,5,2015,0,0,0,0,0,0,0,2,0,0,0.48,0.48,0.0,10.0,9.0,2.7142857142857144,2.7857142857142856,3.7550671233054156,4
681,2,12,2012,0,0,0,0,1,1,1,2,0,0,2.97,2.97,0.0,0.0,0.0,0.0,0.07142857142857142,0.26226526415648105,0
151,4,6,2011,0,0,0,0,0,0,0,4,0,0,3.18,3.18,0.0,0.0,0.0,0.0,0.0,0.0,0
1173,4,4,2014,0,0,0,0,0,1,1,4,0,0,2.68,2.68,0.0,0.0,0.0,0.2857142857142857,0.6071428571428571,0.9940297973880049,0
490,7,6,2012,0,0,0,0,1,1,0,7,1,0,,,,0.0,0.0,0.0,0.0,0.0,0
88,4,4,2011,9,4,0,0,0,0,0,4,0,1,,,,0.0,0.0,0.0,0.0,0.0,0
913,3,7,2013,0,0,0,0,0,0,0,3,0,0,2.98,2.98,0.0,0.0,0.0,0.42857142857142855,0.39285714285714285,0.9940297973880048,0
176,1,7,2011,0,0,0,0,0,0,0,1,1,0,3.28,3.28,0.0,6.0,7.0,5.0,4.035714285714286,2.768635749849357,2
928,4,8,2013,0,0,0,0,0,1,0,4,0,0,2.08,2.08,0.0,0.0,0.0,0.42857142857142855,0.25,0.44095855184409843,0
1077,6,1,2014,0,0,0,0,1,1,1,6,0,0,,,,0.0,0.0,0.0,0.0,0.0,0
1765,1,11,2015,0,0,0,0,0,0,0,1,1,0,1.08,1.08,0.0,2.0,0.0,2.7142857142857144,2.0,2.8803291992923845,0
993,6,10,2013,0,0,0,0,0,0,0,6,0,0,10.97,10.97,0.0,0.0,0.0,0.0,0.0,0.0,0
918,1,8,2013,0,0,0,0,1,1,1,1,1,0,6.48,6.48,0.0,0.0,0.0,0.0,0.0,0.0,0
1619,2,7,2015,0,0,0,0,1,1,1,2,0,0,5.47,5.47,0.0,2.0,1.0,0.5714285714285714,0.5,0.6938886664887108,2
1035,6,11,2013,24,3,0,0,0,0,0,6,0,1,6.96,6.96,0.0,0.0,0.0,0.2857142857142857,0.7142857142857143,0.9371802805794012,0
1116,3,2,2014,3,3,0,0,0,0,0,3,0,1,11.97,11.97,0.0,0.0,1.0,0.0,0.17857142857142858,0.39002102778747955,0
913,3,7,2013,0,0,0,0,0,0,0,3,0,0,7.5,7.5,0.0,0.0,0.0,0.0,0.0,0.0,0
1409,2,12,2014,0,0,0,0,1,1,0,2,0,0,3.97,3.97,0.0,0.0,1.0,0.2857142857142857,0.35714285714285715,0.6214848238238703,0
379,1,2,2012,0,0,0,0,0,1,1,1,1,0,5.94,5.94,0.0,0.0,1.0,0.0,0.4642857142857143,0.7926581093427848,0
286,6,11,2011,0,0,0,0,1,0,0,6,0,0,,,,0.0,0.0,0.0,0.0,0.0,0
1210,6,5,2014,0,0,0,0,0,0,0,6,0,0,2.18,2.18,0.0,0.0,0.0,0.8571428571428571,0.6071428571428571,0.7859547491585157,0
1651,6,8,2015,0,0,0,0,1,1,1,6,0,0,3.24,3.24,0.0,1.0,0.0,0.2857142857142857,0.17857142857142858,0.39002102778747905,0
1413,6,12,2014,0,0,0,0,0,1,1,6,0,0,1.47,1.47,0.0,0.0,2.0,1.1428571428571428,1.6071428571428572,1.5714886953385063,1
773,3,3,2013,0,0,0,0,0,1,1,3,0,0,,,,0.0,0.0,0.0,0.0,0.0,0
1540,7,4,2015,0,0,0,0,0,0,0,7,1,0,5.97,5.97,0.0,1.0,0.0,0.2857142857142857,0.17857142857142858,0.3900210277874805,0
1675,2,8,2015,0,0,0,0,0,0,0,2,0,0,1.97,1.97,0.0,0.0,0.0,0.14285714285714285,0.17857142857142858,0.39002102778747977,0
1145,4,3,2014,0,0,0,0,0,0,0,4,0,0,2.94,2.94,0.0,0.0,0.0,0.5714285714285714,0.7142857142857143,0.937180280579397,2
396,4,2,2012,0,0,0,0,0,0,0,4,0,0,,,,0.0,0.0,0.0,0.0,0.0,0
1059,2,12,2013,0,0,0,0,0,0,0,2,0,0,2.88,2.88,0.0,3.0,2.0,1.1428571428571428,1.2857142857142858,1.2128064441201942,1
1712,4,10,2015,0,0,0,0,1,1,1,4,0,0,1.0,1.0,0.0,0.0,0.0,1.4285714285714286,1.75,1.377732974181919,1
273,7,10,2011,0,0,0,0,0,0,0,7,1,0,3.98,3.98,0.0,0.0,2.0,0.2857142857142857,0.7142857142857143,1.0837911120705759,0
1633,2,7,2015,0,0,0,0,0,0,0,2,0,0,5.47,5.47,0.0,0.0,0.0,0.14285714285714285,0.10714285714285714,0.31497039417435635,0
1194,4,5,2014,0,0,0,0,1,1,1,4,0,0,3.98,3.98,0.0,3.0,0.0,1.1428571428571428,0.7142857142857143,1.0837911120705759,0
1439,4,1,2015,0,0,0,0,1,1,1,4,0,0,4.94,4.94,0.0,0.0,0.0,0.0,0.03571428571428571,0.1889822365046136,0
1783,5,12,2015,0,0,0,0,0,0,0,5,0,0,10.97,10.97,0.0,3.0,0.0,3.5714285714285716,1.5714285714285714,1.730522751861124,1
1121,1,2,2014,0,0,0,0,0,0,0,1,1,0,5.27,5.27,0.0,0.0,0.0,0.7142857142857143,0.2857142857142857,0.5998236072282913,0
820,1,4,2013,0,0,0,0,0,0,0,1,1,0,1.74,1.74,0.0,0.0,1.0,0.14285714285714285,0.32142857142857145,0.5479640045336468,0
1714,6,10,2015,0,0,0,0,1,0,1,6,0,0,4.74,4.74,0.0,0.0,0.0,0.0,0.0,0.0,0
26,5,2,2011,0,0,0,0,0,0,0,5,0,0,,,,0.0,,0.0,,,0
1277,3,7,2014,0,0,0,0,0,0,0,3,0,0,4.88,4.88,0.0,0.0,0.0,0.8571428571428571,0.75,0.9670497325293996,0
1309,7,8,2014,0,0,0,0,0,0,0,7,1,0,2.22,2.22,0.0,0.0,0.0,0.5714285714285714,0.5,0.6382847385042256,0
1514,2,3,2015,0,0,0,0,0,0,0,2,0,0,5.97,5.97,0.0,0.0,0.0,0.0,0.0,0.0,0
1158,3,3,2014,0,0,0,0,0,0,0,3,0,0,1.98,1.98,0.0,4.0,1.0,2.4285714285714284,3.2142857142857144,2.587106819039693,2
1694,7,9,2015,0,0,0,0,0,0,0,7,1,0,0.94,0.94,0.0,0.0,0.0,2.5714285714285716,2.4642857142857144,3.012100815502584,0
1062,5,12,2013,25,3,0,0,0,0,0,5,0,1,1.0,1.0,0.0,8.0,7.0,6.285714285714286,4.357142857142857,3.4663919305054116,0
553,7,8,2012,0,0,0,0,1,1,1,7,1,0,10.98,,,0.0,0.0,0.14285714285714285,0.03571428571428571,0.1889822365046136,0
611,2,9,2012,0,0,0,0,0,0,0,2,0,0,9.42,9.42,0.0,0.0,0.0,0.2857142857142857,0.21428571428571427,0.41785544701867244,0
246,1,10,2011,0,0,0,0,1,1,0,1,1,0,3.12,3.12,0.0,8.0,8.0,2.857142857142857,1.9285714285714286,2.3401261667248794,6
776,6,3,2013,0,0,0,0,0,0,1,6,0,0,2.38,2.38,0.0,0.0,0.0,0.0,0.0,0.0,0
1506,1,3,2015,0,0,0,0,0,0,1,1,1,0,4.98,4.98,0.0,0.0,0.0,0.0,0.10714285714285714,0.3149703941743557,0
1408,1,12,2014,0,0,0,0,1,1,1,1,1,0,4.44,4.44,0.0,0.0,0.0,0.0,0.0,0.0,0
1214,3,5,2014,12,3,0,0,0,0,0,3,0,1,3.33,3.33,0.0,0.0,0.0,0.5714285714285714,0.5357142857142857,0.7926581093427886,3
1470,7,2,2015,0,0,0,0,1,1,1,7,1,0,9.47,9.47,0.0,1.0,1.0,0.8571428571428571,0.6785714285714286,0.8629652337776961,0
106,1,5,2011,0,0,0,0,0,0,1,1,1,0,,,,0.0,0.0,0.0,0.0,0.0,0
181,6,7,2011,0,0,0,0,0,0,0,6,0,0,,,,0.0,0.0,0.0,0.0,0.0,0
518,7,6,2012,0,0,0,0,0,0,0,7,1,0,3.34,3.34,0.0,0.0,0.0,2.857142857142857,2.9642857142857144,2.284928767139023,3
66,3,4,2011,0,0,0,0,1,0,0,3,0,0,2.58,2.58,0.0,0.0,0.0,0.2857142857142857,0.5,0.8819171036881968,1
427,7,3,2012,0,0,0,0,0,0,0,7,1,0,,,,0.0,0.0,0.0,0.0,0.0,0
1183,7,4,2014,0,0,0,0,0,0,0,7,1,0,5.34,5.34,0.0,3.0,0.0,1.0,0.4642857142857143,0.7926581093427849,0
307,6,12,2011,0,0,0,0,1,1,0,6,0,0,,,,0.0,0.0,0.0,0.0,0.0,0
1841,7,2,2016,0,0,0,0,0,1,1,7,1,0,4.48,4.48,0.0,0.0,0.0,1.0,0.6785714285714286,1.4415416497771845,1
1264,4,7,2014,0,0,0,0,0,1,1,4,0,0,,,,0.0,0.0,0.0,0.0,0.0,0
81,4,4,2011,0,0,0,0,0,0,0,4,0,0,,,,0.0,0.0,0.0,0.0,0.0,0
406,7,3,2012,0,0,0,0,1,1,1,7,1,0,3.88,3.5,0.3799999999999999,0.0,2.0,0.2857142857142857,1.2857142857142858,1.3293591565847689,1
117,5,5,2011,0,0,0,0,0,0,0,5,0,0,3.97,3.97,0.0,0.0,0.0,0.2857142857142857,0.14285714285714285,0.35634832254989884,1
939,1,8,2013,0,0,0,0,0,0,0,1,1,0,6.97,6.97,0.0,0.0,0.0,0.0,0.0,0.0,0
670,5,11,2012,0,0,0,0,0,0,0,5,0,0,1.98,1.98,0.0,0.0,0.0,1.4285714285714286,1.5714285714285714,1.2889436222642412,0
1062,5,12,2013,25,3,0,0,0,0,0,5,0,1,2.94,2.94,0.0,1.0,0.0,1.8571428571428572,0.4642857142857143,1.0708993401928004,0
478,2,5,2012,0,0,0,0,0,0,0,2,0,0,1.97,1.97,0.0,0.0,0.0,0.0,0.21428571428571427,0.6299407883487127,2
1841,7,2,2016,0,0,0,0,0,1,1,7,1,0,0.93,0.93,0.0,4.0,5.0,4.142857142857143,4.142857142857143,3.285369202030548,0
1431,3,12,2014,0,0,0,0,0,0,0,3,0,0,3.48,3.48,0.0,0.0,0.0,0.0,0.0,0.0,0
1760,3,11,2015,0,0,0,0,0,0,0,3,0,0,4.88,4.88,0.0,0.0,0.0,0.0,0.0,0.0,0
1674,1,8,2015,0,0,0,0,0,0,0,1,1,0,7.47,7.47,0.0,0.0,0.0,0.0,0.0,0.0,0
963,4,9,2013,0,0,0,0,0,0,0,4,0,0,,,,0.0,0.0,0.0,0.0,0.0,0
1249,3,6,2014,0,0,0,0,0,0,0,3,0,0,3.0,3.0,0.0,0.0,0.0,0.0,0.0,0.0,0
1367,2,10,2014,0,0,0,0,0,0,0,2,0,0,6.87,6.87,0.0,3.0,0.0,1.1428571428571428,0.7142857142857143,0.8544932592822067,1
1369,4,10,2014,0,0,0,0,0,0,0,4,0,0,8.88,8.88,0.0,1.0,2.0,0.8571428571428571,2.2142857142857144,1.6183471874253725,0
1097,5,1,2014,0,0,0,0,0,0,0,5,0,0,3.98,3.98,0.0,0.0,0.0,0.14285714285714285,0.03571428571428571,0.18898223650450868,11
865,4,6,2013,0,0,0,0,0,1,1,4,0,0,3.98,3.98,0.0,2.0,2.0,3.2857142857142856,2.607142857142857,1.3148520748875017,2
450,2,4,2012,0,0,0,0,0,0,0,2,0,0,0.2,0.2,0.0,10.0,10.0,14.142857142857142,20.928571428571427,13.95741823581724,16
830,4,5,2013,0,0,0,0,1,1,0,4,0,0,1.0,1.0,0.0,0.0,0.0,0.0,0.03571428571428571,0.1889822365046695,0
1419,5,12,2014,0,0,0,0,0,0,0,5,0,0,1.0,1.0,0.0,2.0,0.0,2.857142857142857,2.892857142857143,2.4696571319125256,3
145,5,6,2011,0,0,0,0,0,0,0,5,0,0,9.88,9.88,0.0,6.0,0.0,2.857142857142857,2.392857142857143,2.0246496855521308,1
125,6,6,2011,0,0,0,0,1,0,1,6,0,0,2.98,2.98,0.0,1.0,0.0,2.7142857142857144,2.0714285714285716,2.1069298609952436,6
1,1,1,2011,0,0,0,0,0,0,0,1,1,0,2.38,,,,,,,,0
1692,5,9,2015,0,0,0,0,0,0,0,5,0,0,4.78,4.78,0.0,0.0,1.0,0.7142857142857143,0.6428571428571429,1.0261140545329512,0
651,7,11,2012,0,0,0,0,1,1,1,7,1,0,9.42,9.42,0.0,0.0,0.0,0.42857142857142855,0.2857142857142857,0.4600437062282361,0
221,4,9,2011,0,0,0,0,1,1,1,4,0,0,3.17,3.17,0.0,0.0,0.0,0.0,0.0,0.0,0
454,6,4,2012,0,0,0,0,0,0,0,6,0,0,6.97,6.97,0.0,0.0,0.0,0.5714285714285714,0.9285714285714286,1.051579814289009,1
1799,7,1,2016,27,3,0,0,1,1,0,7,1,1,5.98,5.98,0.0,0.0,0.0,0.14285714285714285,0.10714285714285714,0.31497039417435624,0
288,1,11,2011,0,0,0,0,0,1,1,1,1,0,3.94,3.94,0.0,0.0,2.0,0.14285714285714285,0.6428571428571429,2.28058286432618,2
877,2,6,2013,0,0,0,0,0,0,0,2,0,0,,,,0.0,0.0,0.0,0.0,0.0,0
537,5,7,2012,0,0,0,0,0,0,0,5,0,0,,,,0.0,0.0,0.0,0.0,0.0,0
1161,6,4,2014,0,0,0,0,1,1,1,6,0,0,2.98,2.98,0.0,0.0,0.0,0.0,0.07142857142857142,0.26226526415648105,0
104,6,5,2011,0,0,0,0,0,1,1,6,0,0,3.78,3.78,0.0,2.0,0.0,1.7142857142857142,1.3928571428571428,1.5236235005501102,1
496,6,6,2012,0,0,0,0,1,1,0,6,0,0,,,,0.0,0.0,0.0,0.0,0.0,0
1047,4,12,2013,0,0,0,0,1,0,0,4,0,0,1.74,1.74,0.0,0.0,0.0,0.0,0.0,0.0,0
423,3,3,2012,0,0,0,0,0,0,0,3,0,0,,,,0.0,0.0,0.0,0.0,0.0,0
273,7,10,2011,0,0,0,0,0,0,0,7,1,0,,,,0.0,0.0,0.0,0.0,0.0,0
1048,5,12,2013,0,0,0,0,0,1,1,5,0,0,3.87,3.87,0.0,0.0,0.0,0.7142857142857143,0.8571428571428571,0.9704632614370068,0
369,5,2,2012,0,0,0,0,1,1,0,5,0,0,11.48,11.48,0.0,0.0,0.0,0.42857142857142855,0.39285714285714285,0.4973474613934382,0
1785,7,12,2015,0,0,0,0,0,0,0,7,1,0,3.98,3.98,0.0,1.0,0.0,0.5714285714285714,0.8928571428571429,1.1001442906807484,0
472,3,5,2012,0,0,0,0,0,0,1,3,0,0,1.92,1.92,0.0,0.0,0.0,0.2857142857142857,0.17857142857142858,0.39002102778748016,0
566,6,8,2012,0,0,0,0,0,0,0,6,0,0,1.88,1.88,0.0,2.0,6.0,5.714285714285714,4.75,4.042597258272536,2
145,5,6,2011,0,0,0,0,0,0,0,5,0,0,5.47,5.47,0.0,0.0,0.0,0.2857142857142857,0.4642857142857143,0.6929348671835835,0
385,7,2,2012,0,0,0,0,0,0,0,7,1,0,0.97,0.97,0.0,1.0,0.0,0.5714285714285714,0.42857142857142855,0.8789122666607703,0
1008,7,11,2013,0,0,0,0,1,1,0,7,1,0,2.5,2.5,0.0,0.0,0.0,1.2857142857142858,0.9285714285714286,1.331347727863297,4
270,4,10,2011,0,0,0,0,0,0,0,4,0,0,4.97,4.97,0.0,0.0,0.0,0.5714285714285714,0.5,0.6382847385042255,1
1835,1,2,2016,0,0,0,0,1,1,1,1,1,0,2.82,2.82,0.0,3.0,0.0,0.42857142857142855,0.5357142857142857,0.8380817098475479,1
166,5,7,2011,0,0,0,0,0,1,0,5,0,0,,,,0.0,0.0,0.0,0.0,0.0,0
1639,1,7,2015,0,0,0,0,0,0,0,1,1,0,0.48,0.48,0.0,1.0,0.0,2.5714285714285716,1.1071428571428572,1.707050428083822,1
1215,4,5,2014,0,0,0,0,0,0,0,4,0,0,,,,0.0,0.0,0.0,0.0,0.0,0
645,1,11,2012,0,0,0,0,1,1,1,1,1,0,6.97,6.97,0.0,0.0,0.0,0.14285714285714285,0.07142857142857142,0.26226526415648105,0
1790,5,12,2015,0,0,0,0,0,0,0,5,0,0,2.68,2.68,0.0,0.0,0.0,0.0,0.0,0.0,0
967,1,9,2013,0,0,0,0,0,0,0,1,1,0,3.67,3.67,0.0,0.0,1.0,0.8571428571428571,0.7857142857142857,1.2868895275370953,1
902,6,7,2013,0,0,0,0,0,0,0,6,0,0,2.68,2.68,0.0,8.0,11.0,14.142857142857142,15.607142857142858,6.379012379812303,11
1506,1,3,2015,0,0,0,0,0,0,1,1,1,0,4.44,4.44,0.0,0.0,0.0,0.7142857142857143,0.5,0.8388704928078612,1
596,1,9,2012,0,0,0,0,0,1,1,1,1,0,3.98,3.98,0.0,2.0,0.0,1.7142857142857142,1.0357142857142858,0.9993384054849729,1
698,5,12,2012,0,0,0,0,0,0,0,5,0,0,8.47,8.47,0.0,1.0,0.0,0.14285714285714285,0.07142857142857142,0.26226526415648116,0
1264,4,7,2014,0,0,0,0,0,1,1,4,0,0,3.47,3.47,0.0,2.0,0.0,3.857142857142857,5.178571428571429,3.311635731316359,4
1622,5,7,2015,0,0,0,0,1,0,1,5,0,0,1.97,1.97,0.0,0.0,0.0,0.2857142857142857,0.2857142857142857,0.46004370622823637,0
637,7,10,2012,22,4,0,0,0,0,0,7,1,1,,,,0.0,0.0,0.0,0.0,0.0,0
1643,5,7,2015,0,0,0,0,0,0,0,5,0,0,3.0,3.0,0.0,0.0,3.0,0.0,1.0714285714285714,2.5952745009824545,0
1030,1,11,2013,0,0,0,0,0,0,0,1,1,0,3.94,3.94,0.0,0.0,4.0,0.8571428571428571,1.1428571428571428,1.2387055882620137,0
1765,1,11,2015,0,0,0,0,0,0,0,1,1,0,6.97,6.97,0.0,0.0,0.0,0.0,0.0,0.0,0
1039,3,12,2013,0,0,0,0,1,0,1,3,0,0,1.0,1.0,0.0,5.0,1.0,2.857142857142857,2.357142857142857,2.111946367765411,0
1840,6,2,2016,0,0,0,0,0,1,1,6,0,0,15.72,15.72,0.0,1.0,0.0,2.0,2.1785714285714284,1.7858201026848821,3
430,3,4,2012,0,0,0,0,1,0,1,3,0,0,2.48,2.48,0.0,1.0,2.0,1.7142857142857142,2.607142857142857,1.852711440710527,8
262,3,10,2011,0,0,0,0,0,0,0,3,0,0,3.28,3.28,0.0,1.0,3.0,0.7142857142857143,2.142857142857143,2.189440749061457,0
1283,2,8,2014,0,0,0,0,1,1,1,2,0,0,2.68,2.68,0.0,1.0,1.0,2.4285714285714284,2.0,1.3052600138300874,2
579,5,8,2012,0,0,0,0,0,0,0,5,0,0,1.47,1.47,0.0,2.0,1.0,0.5714285714285714,0.7142857142857143,0.8099905283919412,0
1006,5,10,2013,0,0,0,0,0,0,0,5,0,0,1.78,1.78,0.0,3.0,3.0,1.7142857142857142,3.0357142857142856,2.364586611073885,2
130,4,6,2011,0,0,0,0,1,1,0,4,0,0,,,,0.0,0.0,0.0,0.0,0.0,0
1711,3,10,2015,0,0,0,0,1,1,1,3,0,0,1.72,1.72,0.0,2.0,3.0,2.7142857142857144,2.4642857142857144,1.6883510003933246,6
1481,4,2,2015,0,0,0,0,0,0,0,4,0,0,2.0,2.0,0.0,4.0,6.0,3.7142857142857144,3.857142857142857,2.429971585175792,3
134,1,6,2011,0,0,0,0,0,1,1,1,1,0,1.88,1.88,0.0,1.0,0.0,1.2857142857142858,1.1428571428571428,1.7151673218082668,0
1217,6,5,2014,0,0,0,0,0,0,0,6,0,0,3.33,3.33,0.0,2.0,1.0,1.1428571428571428,0.6785714285714286,0.9048663264720781,0
1140,6,3,2014,0,0,0,0,0,1,0,6,0,0,2.88,2.88,0.0,0.0,1.0,0.0,1.6785714285714286,1.846990974903684,0
1708,7,10,2015,0,0,0,0,1,0,1,7,1,0,8.88,8.88,0.0,2.0,1.0,0.7142857142857143,1.5357142857142858,1.5270921982678645,0
268,2,10,2011,0,0,0,0,0,0,0,2,0,0,3.28,3.28,0.0,0.0,8.0,0.0,1.5357142857142858,2.0634768009203572,0
939,1,8,2013,0,0,0,0,0,0,0,1,1,0,0.2,0.2,0.0,19.0,5.0,7.571428571428571,9.821428571428571,9.96681000056195,4
249,4,10,2011,0,0,0,0,1,0,0,4,0,0,,,,0.0,0.0,0.0,0.0,0.0,0
2,2,1,2011,0,0,0,0,0,0,0,2,0,0,9.88,,,,,,,,1
599,4,9,2012,0,0,0,0,0,0,0,4,0,0,4.97,4.97,0.0,0.0,0.0,0.2857142857142857,0.10714285714285714,0.31497039417435635,0
85,1,4,2011,0,0,0,0,0,0,0,1,1,0,3.97,3.97,0.0,2.0,0.0,0.42857142857142855,0.21428571428571427,0.4986754943620635,3
1392,6,11,2014,0,0,0,0,0,0,0,6,0,0,,,,0.0,0.0,0.0,0.0,0.0,0
1822,2,1,2016,0,0,0,0,0,0,0,2,0,0,9.98,9.98,0.0,3.0,0.0,0.7142857142857143,0.8571428571428571,0.9704632614370016,1
1075,4,1,2014,28,4,0,0,1,1,0,4,0,1,1.72,1.72,0.0,3.0,3.0,1.4285714285714286,1.75,2.0838888148345625,2
923,6,8,2013,18,4,0,0,1,0,1,6,0,1,6.97,6.97,0.0,0.0,0.0,0.14285714285714285,0.21428571428571427,0.4178554470186731,0
226,2,9,2011,0,0,0,0,0,1,1,2,0,0,,,,0.0,0.0,0.0,0.0,0.0,0
960,1,9,2013,0,0,0,0,0,0,1,1,1,0,1.98,1.98,0.0,0.0,0.0,1.2857142857142858,1.1785714285714286,1.2488089563755582,0
513,2,6,2012,0,0,0,0,0,0,0,2,0,0,4.47,4.47,0.0,0.0,0.0,0.0,0.03571428571428571,0.18898223650461338,1
1834,7,2,2016,0,0,0,0,1,1,1,7,1,0,11.84,11.84,0.0,0.0,0.0,0.0,0.0,0.0,0
818,6,4,2013,0,0,0,0,0,0,0,6,0,0,10.97,10.97,0.0,0.0,0.0,0.0,0.0,0.0,0
152,5,6,2011,0,0,0,0,0,0,0,5,0,0,10.47,10.47,0.0,2.0,1.0,1.1428571428571428,1.1785714285714286,0.7723735149271025,1
1134,7,3,2014,0,0,0,0,1,1,0,7,1,0,5.27,5.27,0.0,0.0,0.0,0.2857142857142857,0.39285714285714285,0.6288900106557943,0
705,5,1,2013,0,0,0,0,1,0,1,5,0,0,1.74,1.74,0.0,0.0,0.0,0.0,0.0,0.0,0
1313,4,9,2014,0,0,0,0,1,0,1,4,0,0,2.22,2.22,0.0,0.0,0.0,0.0,0.35714285714285715,0.6214848238238692,1
1323,7,9,2014,0,0,0,0,0,1,1,7,1,0,2.24,2.24,0.0,2.0,2.0,1.7142857142857142,1.75,1.5782080790379827,0
1781,3,12,2015,26,4,0,0,0,0,1,3,0,1,2.22,2.22,0.0,0.0,1.0,0.0,0.2857142857142857,0.7628961803617724,0
149,2,6,2011,0,0,0,0,0,0,0,2,0,0,,,,0.0,0.0,0.0,0.0,0.0,0
1328,5,9,2014,0,0,0,0,0,0,0,5,0,0,2.98,2.98,0.0,0.0,0.0,0.2857142857142857,0.32142857142857145,0.6696362433535819,0
538,6,7,2012,0,0,0,0,0,0,0,6,0,0,7.94,7.94,0.0,0.0,0.0,0.2857142857142857,0.10714285714285714,0.314970394174356,1
1310,1,8,2014,0,0,0,0,0,0,0,1,1,0,4.97,4.97,0.0,0.0,0.0,0.2857142857142857,0.07142857142857142,0.2622652641564814,0
311,3,12,2011,0,0,0,0,1,1,1,3,0,0,,,,0.0,0.0,0.0,0.0,0.0,0
1564,3,5,2015,0,0,0,0,0,1,1,3,0,0,4.73,4.73,0.0,0.0,0.0,0.2857142857142857,0.17857142857142858,0.47559486560567116,0
83,6,4,2011,0,0,0,0,0,0,0,6,0,0,,,,0.0,0.0,0.0,0.0,0.0,0
1348,4,10,2014,0,0,0,0,1,1,0,4,0,0,1.58,1.58,0.0,0.0,0.0,0.0,0.25,0.5181877251715886,0
809,4,4,2013,0,0,0,0,0,0,0,4,0,0,2.5,2.5,0.0,1.0,0.0,0.42857142857142855,1.3214285714285714,1.5882338532114126,0
1206,2,5,2014,0,0,0,0,0,0,0,2,0,0,,,,0.0,0.0,0.0,0.0,0.0,0
1373,1,11,2014,0,0,0,0,1,1,0,1,1,0,0.97,0.97,0.0,1.0,3.0,1.0,0.7857142857142857,0.9567360740266438,0
437,3,4,2012,0,0,0,0,1,1,1,3,0,0,1.38,1.38,0.0,4.0,3.0,1.5714285714285714,2.107142857142857,1.8527114407105296,0
1091,6,1,2014,0,0,0,0,0,0,0,6,0,0,1.48,1.48,0.0,0.0,0.0,0.0,0.0,0.0,0
597,2,9,2012,0,0,0,0,0,0,0,2,0,0,,,,0.0,0.0,0.0,0.0,0.0,0
747,5,2,2013,4,4,0,0,0,1,0,5,0,1,6.97,6.97,0.0,0.0,0.0,0.42857142857142855,0.21428571428571427,0.41785544701867294,1
148,1,6,2011,0,0,0,0,0,0,0,1,1,0,,,,0.0,0.0,0.0,0.0,0.0,0
527,2,7,2012,0,0,0,0,1,0,1,2,0,0,,,,0.0,0.0,0.0,0.0,0.0,0
844,4,5,2013,0,0,0,0,0,0,0,4,0,0,,,,0.0,0.0,0.0,0.0,0.0,0
343,7,1,2012,0,0,0,0,1,1,1,7,1,0,3.94,3.94,0.0,0.0,0.0,0.5714285714285714,0.4642857142857143,0.7926581093427912,1
204,1,8,2011,0,0,0,0,0,0,0,1,1,0,9.88,9.88,0.0,0.0,0.0,0.2857142857142857,0.32142857142857145,0.47559486560567094,0
414,1,3,2012,6,2,0,0,0,0,0,1,1,1,4.48,4.48,0.0,0.0,0.0,0.14285714285714285,0.10714285714285714,0.314970394174356,0
587,6,9,2012,0,0,0,0,1,1,1,6,0,0,,,,0.0,0.0,0.0,0.0,0.0,0
43,1,3,2011,0,0,0,0,0,1,1,1,1,0,2.58,2.58,0.0,0.0,0.0,1.0,1.0,1.3333333333333333,0
246,1,10,2011,0,0,0,0,1,1,0,1,1,0,,,,0.0,0.0,0.0,0.0,0.0,0
1182,6,4,2014,0,0,0,0,0,0,0,6,0,0,2.77,2.77,0.0,1.0,0.0,0.42857142857142855,0.4642857142857143,0.637247719560184,0
853,6,5,2013,0,0,0,0,0,0,0,6,0,0,3.32,3.32,0.0,3.0,3.0,1.8571428571428572,1.6428571428571428,1.5205818991982352,0
1641,3,7,2015,0,0,0,0,0,0,0,3,0,0,6.97,6.97,0.0,0.0,1.0,0.5714285714285714,0.25,0.6454972243679024,0
27,6,2,2011,0,0,0,0,0,0,0,6,0,0,,,,0.0,,0.0,,,0
621,5,10,2012,0,0,0,0,1,0,0,5,0,0,2.68,2.68,0.0,0.0,0.0,1.2857142857142858,1.1071428571428572,1.4488638132020408,0
699,6,12,2012,0,0,0,0,0,0,0,6,0,0,6.97,6.97,0.0,0.0,0.0,0.0,0.0,0.0,0
157,3,7,2011,16,3,0,0,1,0,0,3,0,1,,,,0.0,0.0,0.0,0.0,0.0,0
472,3,5,2012,0,0,0,0,0,0,1,3,0,0,,,,0.0,0.0,0.0,0.0,0.0,0
1499,1,3,2015,0,0,0,0,1,1,0,1,1,0,5.97,5.97,0.0,0.0,0.0,0.0,0.39285714285714285,0.5669467095138396,0
194,5,8,2011,0,0,0,0,1,0,0,5,0,0,,,,0.0,0.0,0.0,0.0,0.0,0
1029,7,11,2013,0,0,0,0,0,0,0,7,1,0,0.97,0.97,0.0,7.0,7.0,5.714285714285714,6.107142857142857,4.340500787921492,7
663,5,11,2012,0,0,0,0,0,0,0,5,0,0,7.67,7.67,0.0,0.0,0.0,0.2857142857142857,0.4642857142857143,0.9222413461394476,0
1497,6,3,2015,7,4,0,0,1,1,1,6,0,1,0.2,0.2,0.0,2.0,3.0,3.4285714285714284,4.0,5.900408021045112,4
1311,2,8,2014,0,0,0,0,0,0,0,2,0,0,7.47,7.47,0.0,0.0,0.0,0.0,0.03571428571428571,0.1889822365046136,0
217,7,9,2011,0,0,0,0,1,0,1,7,1,0,2.58,2.58,0.0,0.0,0.0,0.0,0.07142857142857142,0.2622652641564815,0
184,2,7,2011,0,0,0,0,0,0,0,2,0,0,7.67,7.67,0.0,0.0,0.0,0.2857142857142857,0.4642857142857143,1.0708993401928106,1
527,2,7,2012,0,0,0,0,1,0,1,2,0,0,1.48,1.48,0.0,2.0,3.0,3.7142857142857144,3.5,2.7419917065006794,3
843,3,5,2013,0,0,0,0,0,0,0,3,0,0,1.98,1.98,0.0,0.0,1.0,0.14285714285714285,0.39285714285714285,0.8317445171439024,0
1693,6,9,2015,0,0,0,0,0,0,0,6,0,0,1.48,1.48,0.0,0.0,0.0,2.4285714285714284,0.6428571428571429,1.4456649300398625,2
763,7,3,2013,0,0,0,0,1,1,0,7,1,0,,,,0.0,0.0,0.0,0.0,0.0,0
1785,7,12,2015,0,0,0,0,0,0,0,7,1,0,2.98,2.98,0.0,0.0,1.0,0.2857142857142857,0.25,0.5181877251716007,0
1407,7,12,2014,0,0,0,0,1,1,1,7,1,0,2.5,2.5,0.0,0.0,0.0,0.2857142857142857,0.21428571428571427,0.5681120688308435,0
627,4,10,2012,0,0,0,0,0,0,0,4,0,0,,,,0.0,0.0,0.0,0.0,0.0,0
351,1,1,2012,0,0,0,0,0,0,1,1,1,0,,,,0.0,0.0,0.0,0.0,0.0,0
1748,5,11,2015,23,3,0,0,0,1,1,5,0,1,5.94,5.94,0.0,0.0,0.0,0.0,0.0,0.0,0
806,1,4,2013,0,0,0,0,0,1,0,1,1,0,5.98,5.98,0.0,0.0,0.0,0.42857142857142855,0.2857142857142857,0.534522483824849,0
887,5,7,2013,0,0,0,0,1,1,1,5,0,0,0.98,0.98,0.0,0.0,0.0,1.4285714285714286,0.8571428571428571,1.044005311263832,0
445,4,4,2012,0,0,0,0,0,0,0,4,0,0,2.38,2.38,0.0,1.0,0.0,0.5714285714285714,0.21428571428571427,0.417855447018673,0
386,1,2,2012,0,0,0,0,0,0,0,1,1,0,,,,0.0,0.0,0.0,0.0,0.0,0
521,3,7,2012,0,0,0,0,1,0,1,3,0,0,0.2,0.2,0.0,18.0,25.0,17.857142857142858,29.0,20.188005239635626,13
1608,5,6,2015,0,0,0,0,0,0,0,5,0,0,3.28,3.28,0.0,0.0,0.0,0.0,0.0,0.0,0
781,4,3,2013,0,0,0,0,0,0,0,4,0,0,2.68,2.68,0.0,0.0,1.0,0.42857142857142855,0.35714285714285715,0.8261595987094037,0
1220,2,6,2014,0,0,0,0,1,1,0,2,0,0,,,,0.0,0.0,0.0,0.0,0.0,0
168,7,7,2011,0,0,0,0,0,1,1,7,1,0,,,,0.0,0.0,0.0,0.0,0.0,0
1571,3,5,2015,0,0,0,0,0,0,0,3,0,0,8.97,8.97,0.0,0.0,0.0,0.42857142857142855,0.21428571428571427,0.4178554470186728,2
236,5,9,2011,0,0,0,0,0,0,0,5,0,0,3.0,,,0.0,0.0,0.0,0.0,0.0,0
711,4,1,2013,0,0,0,0,1,0,1,4,0,0,4.68,4.68,0.0,0.0,0.0,0.0,0.10714285714285714,0.4162696521251867,0
481,5,5,2012,0,0,0,0,0,0,0,5,0,0,,,,0.0,0.0,0.0,0.0,0.0,0
1744,1,11,2015,0,0,0,0,1,1,0,1,1,0,5.98,5.98,0.0,2.0,1.0,2.7142857142857144,2.392857142857143,2.0609110842912353,2
1772,1,12,2015,0,0,0,0,1,1,1,1,1,0,3.74,3.74,0.0,0.0,1.0,1.0,1.0714285714285714,1.5136067160941353,0
1583,1,5,2015,0,0,0,0,0,0,0,1,1,0,1.48,1.48,0.0,0.0,0.0,0.0,0.0,0.0,0
751,2,2,2013,0,0,0,0,0,0,0,2,0,0,1.58,1.58,0.0,78.0,81.0,72.28571428571429,66.78571428571429,13.549243911820678,85
1788,3,12,2015,0,0,0,0,0,0,0,3,0,0,9.47,9.47,0.0,2.0,1.0,0.7142857142857143,0.8214285714285714,0.983326607456147,0
555,2,8,2012,0,0,0,0,1,1,1,2,0,0,2.77,2.77,0.0,0.0,0.0,0.0,0.2857142857142857,0.7126966450997977,0
751,2,2,2013,0,0,0,0,0,0,0,2,0,0,,,,0.0,0.0,0.0,0.0,0.0,0
14,7,2,2011,0,0,0,0,0,1,1,7,1,0,4.88,4.88,0.0,4.0,,1.4285714285714286,,,2
1814,1,1,2016,0,0,0,0,0,0,0,1,1,0,4.87,4.87,0.0,0.0,0.0,0.14285714285714285,0.39285714285714285,0.7859547491585414,0
961,2,9,2013,0,0,0,0,0,1,1,2,0,0,1.97,1.97,0.0,0.0,0.0,0.0,0.25,0.5181877251716022,0
795,4,4,2013,9,4,0,0,1,0,1,4,0,1,,,,0.0,0.0,0.0,0.0,0.0,0
1301,6,8,2014,0,0,0,0,0,0,0,6,0,0,2.78,2.78,0.0,5.0,0.0,4.714285714285714,4.392857142857143,3.403040968117753,5
390,5,2,2012,4,4,0,0,0,0,0,5,0,1,3.28,3.28,0.0,0.0,0.0,0.0,0.0,0.0,0
405,6,3,2012,7,4,0,0,1,0,1,6,0,1,,,,0.0,0.0,0.0,0.0,0.0,0
1144,3,3,2014,6,2,0,0,0,0,0,3,0,1,5.34,5.34,0.0,1.0,1.0,1.0,0.6785714285714286,0.7723735149271019,0
403,4,3,2012,0,0,0,0,1,1,1,4,0,0,5.47,5.47,0.0,1.0,2.0,0.2857142857142857,0.6428571428571429,0.8261595987094033,1
545,6,7,2012,0,0,0,0,0,0,0,6,0,0,2.77,2.77,0.0,0.0,0.0,0.14285714285714285,0.39285714285714285,0.8317445171439015,0
1620,3,7,2015,0,0,0,0,1,1,1,3,0,0,2.42,2.42,0.0,0.0,0.0,0.0,0.10714285714285714,0.3149703941743725,0
271,5,10,2011,0,0,0,0,0,0,0,5,0,0,,,,0.0,0.0,0.0,0.0,0.0,0
1352,1,10,2014,0,0,0,0,0,1,1,1,1,0,0.97,0.97,0.0,0.0,2.0,0.8571428571428571,0.6785714285714286,1.1239339452243227,0
1616,6,7,2015,0,0,0,0,1,0,1,6,0,0,3.0,3.0,0.0,5.0,7.0,5.714285714285714,6.571428571428571,3.8434992874315155,9
1297,2,8,2014,0,0,0,0,0,0,0,2,0,0,3.0,3.0,0.0,0.0,1.0,1.4285714285714286,0.8571428571428571,1.7787695646207733,0
708,1,1,2013,0,0,0,0,1,1,1,1,1,0,1.74,1.74,0.0,0.0,0.0,0.0,0.0,0.0,0
1230,5,6,2014,0,0,0,0,0,1,1,5,0,0,11.97,11.97,0.0,0.0,0.0,0.0,0.0,0.0,0
1510,5,3,2015,0,0,0,0,0,0,0,5,0,0,,,,0.0,0.0,0.0,0.0,0.0,0
1122,2,2,2014,0,0,0,0,0,0,0,2,0,0,9.42,9.42,0.0,0.0,0.0,0.0,0.14285714285714285,0.35634832254989934,0
680,1,12,2012,0,0,0,0,1,0,1,1,1,0,1.97,1.97,0.0,1.0,0.0,0.2857142857142857,0.32142857142857145,0.47559486560567255,2
1756,6,11,2015,0,0,0,0,0,0,0,6,0,0,9.42,9.42,0.0,0.0,0.0,0.2857142857142857,0.2857142857142857,0.7126966450997981,0
303,2,11,2011,0,0,0,0,0,0,0,2,0,0,,,,0.0,0.0,0.0,0.0,0.0,0
611,2,9,2012,0,0,0,0,0,0,0,2,0,0,2.48,2.48,0.0,15.0,31.0,9.571428571428571,13.535714285714286,7.475798695628839,21
1659,7,8,2015,0,0,0,0,0,0,1,7,1,0,5.28,5.28,0.0,0.0,0.0,0.0,0.0,0.0,0
1707,6,10,2015,0,0,0,0,1,1,0,6,0,0,1.0,1.0,0.0,2.0,10.0,3.142857142857143,3.7857142857142856,2.558314590697073,2
342,6,1,2012,0,0,0,0,1,1,1,6,0,0,1.0,1.0,0.0,7.0,0.0,21.285714285714285,5.321428571428571,10.413856763870564,42
101,3,5,2011,0,0,0,0,1,1,1,3,0,0,,,,0.0,0.0,0.0,0.0,0.0,0
1618,1,7,2015,16,3,0,0,1,0,0,1,1,1,3.33,3.33,0.0,0.0,0.0,0.2857142857142857,0.4642857142857143,0.6372477195601852,0
1553,6,4,2015,0,0,0,0,0,0,0,6,0,0,1.0,1.0,0.0,8.0,4.0,5.428571428571429,5.75,4.750243658467935,11
623,7,10,2012,0,0,0,0,0,1,1,7,1,0,2.68,2.68,0.0,0.0,0.0,0.42857142857142855,0.10714285714285714,0.41626965212518635,0
942,4,8,2013,0,0,0,0,0,0,0,4,0,0,2.97,2.97,0.0,0.0,1.0,0.14285714285714285,0.14285714285714285,0.35634832254989934,0
884,2,6,2013,0,0,0,0,0,0,0,2,0,0,8.98,8.98,0.0,0.0,1.0,0.5714285714285714,0.75,1.1745763617703318,0
291,4,11,2011,0,0,0,0,0,1,1,4,0,0,,,,0.0,0.0,0.0,0.0,0.0,0
135,2,6,2011,14,1,0,0,0,1,1,2,0,1,2.88,2.88,0.0,0.0,0.0,0.0,0.0,0.0,0
683,4,12,2012,0,0,0,0,0,1,1,4,0,0,8.96,8.96,0.0,0.0,0.0,0.5714285714285714,0.6071428571428571,0.9164862737363229,0
758,2,2,2013,7,4,0,0,0,0,0,2,0,1,2.5,2.5,0.0,2.0,4.0,0.42857142857142855,1.3214285714285714,1.700840128541523,1
743,1,2,2013,0,0,0,0,1,1,1,1,1,0,0.2,0.2,0.0,0.0,0.0,0.0,0.0,0.0,0
1148,7,3,2014,0,0,0,0,0,0,0,7,1,0,9.42,9.42,0.0,1.0,0.0,0.2857142857142857,0.25,0.4409585518440985,0
191,2,8,2011,0,0,0,0,1,1,0,2,0,0,2.5,2.5,0.0,0.0,2.0,2.142857142857143,1.4642857142857142,1.231745008999738,1
44,2,3,2011,0,0,0,0,0,1,0,2,0,0,2.08,2.08,0.0,0.0,0.0,0.0,0.39285714285714285,0.7859547491585425,0
1749,6,11,2015,0,0,0,0,0,1,1,6,0,0,2.24,2.24,0.0,0.0,0.0,0.5714285714285714,0.35714285714285715,0.67846699279881,1
1794,2,12,2015,0,0,0,0,0,0,0,2,0,0,1.96,1.96,0.0,3.0,1.0,1.4285714285714286,1.6071428571428572,1.4991179064218294,3
1770,6,12,2015,0,0,0,0,1,1,1,6,0,0,6.97,6.97,0.0,0.0,5.0,3.142857142857143,2.4642857142857144,1.7529265023814693,7
127,1,6,2011,0,0,0,0,1,0,0,1,1,0,,,,0.0,0.0,0.0,0.0,0.0,0
1313,4,9,2014,0,0,0,0,1,0,1,4,0,0,1.97,1.97,0.0,0.0,0.0,0.0,0.39285714285714285,1.3700307029348382,0
1745,2,11,2015,0,0,0,0,1,0,1,2,0,0,4.78,4.78,0.0,0.0,0.0,0.2857142857142857,0.39285714285714285,0.685256681526506,1
424,4,3,2012,0,0,0,0,0,0,0,4,0,0,6.97,6.97,0.0,1.0,0.0,0.42857142857142855,0.2857142857142857,0.46004370622823587,0
1071,7,1,2014,0,0,0,0,1,1,1,7,1,0,1.0,1.0,0.0,5.0,5.0,2.857142857142857,2.9642857142857144,2.3488711687097297,4
1660,1,8,2015,0,0,0,0,0,1,1,1,1,0,3.0,3.0,0.0,9.0,0.0,7.142857142857143,2.4285714285714284,3.985423174971244,6
1083,5,1,2014,0,0,0,0,0,1,1,5,0,0,8.96,8.96,0.0,0.0,0.0,0.2857142857142857,0.39285714285714285,0.6288900106557956,0
1420,6,12,2014,0,0,0,0,0,0,0,6,0,0,5.97,5.97,0.0,0.0,0.0,0.2857142857142857,0.25,0.4409585518440982,1
1591,2,6,2015,0,0,0,0,1,1,0,2,0,0,1.96,1.96,0.0,5.0,10.0,6.285714285714286,6.535714285714286,3.8918922642880753,1
923,6,8,2013,18,4,0,0,1,0,1,6,0,1,1.0,1.0,0.0,6.0,7.0,3.857142857142857,4.428571428571429,2.5593484620630593,5
1749,6,11,2015,0,0,0,0,0,1,1,6,0,0,1.97,1.97,0.0,0.0,0.0,0.0,0.21428571428571427,0.6299407883487121,1
1103,4,2,2014,0,0,0,0,1,0,0,4,0,0,,,,0.0,0.0,0.0,0.0,0.0,0
1110,4,2,2014,0,0,0,0,0,1,1,4,0,0,2.48,2.48,0.0,1.0,1.0,1.1428571428571428,2.142857142857143,1.5566889295168866,2
1035,6,11,2013,24,3,0,0,0,0,0,6,0,1,4.98,4.98,0.0,1.0,0.0,0.5714285714285714,0.5714285714285714,0.6341264874742276,0
650,6,11,2012,0,0,0,0,1,0,1,6,0,0,9.42,9.42,0.0,0.0,0.0,0.42857142857142855,0.2857142857142857,0.4600437062282361,0
1531,5,4,2015,0,0,0,0,1,0,1,5,0,0,3.62,3.62,0.0,0.0,0.0,0.7142857142857143,0.75,0.8443713418650373,2
1113,7,2,2014,2,2,0,0,0,0,1,7,1,1,,,,0.0,0.0,0.0,0.0,0.0,0
911,1,7,2013,0,0,0,0,0,0,0,1,1,0,2.5,2.5,0.0,0.0,0.0,0.0,0.0,0.0,0
500,3,6,2012,0,0,0,0,0,1,1,3,0,0,5.67,5.67,0.0,1.0,0.0,0.5714285714285714,0.25,0.5181877251716009,0
1152,4,3,2014,0,0,0,0,0,0,0,4,0,0,3.97,3.97,0.0,0.0,0.0,1.0,0.75,1.109721353079899,0
1491,7,2,2015,0,0,0,0,0,0,0,7,1,0,,,,0.0,0.0,0.0,0.0,0.0,0
1842,1,2,2016,0,0,0,0,0,1,0,1,1,0,0.97,0.97,0.0,1.0,4.0,1.7142857142857142,2.8214285714285716,3.3116357313163522,0
1604,1,6,2015,0,0,0,0,0,0,0,1,1,0,7.97,7.97,0.0,1.0,0.0,0.8571428571428571,0.9642857142857143,1.201300001299298,1
1599,3,6,2015,0,0,0,0,0,1,1,3,0,0,3.97,3.97,0.0,2.0,0.0,1.1428571428571428,1.3928571428571428,0.8751417118804327,1
1751,1,11,2015,0,0,0,0,0,0,1,1,1,0,4.74,4.74,0.0,0.0,0.0,0.0,0.0,0.0,0
872,4,6,2013,0,0,0,0,0,0,0,4,0,0,10.98,10.98,0.0,1.0,0.0,0.5714285714285714,0.5,0.74535599249993,0
702,2,12,2012,0,0,0,0,0,0,0,2,0,0,4.67,4.67,0.0,2.0,0.0,2.142857142857143,1.9285714285714286,1.6981159806084751,2
213,3,8,2011,0,0,0,0,0,0,0,3,0,0,,,,0.0,0.0,0.0,0.0,0.0,0
1350,6,10,2014,0,0,0,0,1,1,1,6,0,0,,,,0.0,0.0,0.0,0.0,0.0,0
722,1,1,2013,0,0,0,0,0,0,0,1,1,0,,,,0.0,0.0,0.0,0.0,0.0,0
954,2,9,2013,0,0,0,0,1,0,1,2,0,0,3.97,3.97,0.0,0.0,0.0,0.5714285714285714,0.21428571428571427,0.629940788348712,0
1742,6,11,2015,0,0,0,0,1,1,1,6,0,0,7.97,7.97,0.0,2.0,0.0,3.0,3.0357142857142856,2.185510243960218,5
395,3,2,2012,0,0,0,0,0,0,0,3,0,0,6.97,6.97,0.0,1.0,0.0,1.1428571428571428,1.0357142857142858,1.0708993401928102,1
269,3,10,2011,0,0,0,0,0,0,0,3,0,0,,,,0.0,0.0,0.0,0.0,0.0,0
1856,1,2,2016,0,0,0,0,0,0,0,1,1,0,10.97,10.97,0.0,0.0,1.0,1.0,0.75,0.9670497325294033,1
545,6,7,2012,0,0,0,0,0,0,0,6,0,0,,,,0.0,0.0,0.0,0.0,0.0,0
1264,4,7,2014,0,0,0,0,0,1,1,4,0,0,3.98,3.98,0.0,0.0,1.0,2.2857142857142856,1.9285714285714286,1.4889362702719067,0
1636,5,7,2015,0,0,0,0,0,0,0,5,0,0,7.97,7.97,0.0,2.0,1.0,3.0,2.642857142857143,1.8898223650461472,2
1163,1,4,2014,0,0,0,0,1,1,1,1,1,0,5.5,5.5,0.0,0.0,0.0,0.0,0.0,0.0,0
222,5,9,2011,0,0,0,0,1,1,0,5,0,0,1.73,1.73,0.0,3.0,2.0,2.5714285714285716,1.6428571428571428,2.1467337069291146,1
680,1,12,2012,0,0,0,0,1,0,1,1,1,0,5.94,5.94,0.0,0.0,0.0,0.0,0.0,0.0,0
372,1,2,2012,0,0,0,0,1,0,0,1,1,0,0.2,0.2,0.0,13.0,0.0,28.714285714285715,18.785714285714285,15.870674430480474,29
355,5,1,2012,0,0,0,0,0,0,0,5,0,0,,,,0.0,0.0,0.0,0.0,0.0,0
143,3,6,2011,0,0,0,0,0,0,0,3,0,0,,,,0.0,0.0,0.0,0.0,0.0,0
565,5,8,2012,0,0,0,0,0,1,1,5,0,0,2.18,2.18,0.0,0.0,0.0,0.42857142857142855,0.39285714285714285,1.0306159867619527,1
688,2,12,2012,26,4,0,0,0,0,0,2,0,1,6.48,6.48,0.0,9.0,0.0,6.714285714285714,5.392857142857143,3.695235026999217,3
903,7,7,2013,0,0,0,0,0,0,0,7,1,0,,,,0.0,0.0,0.0,0.0,0.0,0
1564,3,5,2015,0,0,0,0,0,1,1,3,0,0,4.47,4.47,0.0,1.0,0.0,0.2857142857142857,1.0357142857142858,1.318869966834483,0
517,6,6,2012,0,0,0,0,0,0,0,6,0,0,1.0,1.0,0.0,0.0,2.0,3.0,2.2857142857142856,1.7817416127495036,3
378,7,2,2012,0,0,0,0,1,0,0,7,1,0,0.2,0.2,0.0,5.0,18.0,10.714285714285714,8.285714285714286,6.358762649593271,0
325,3,12,2011,0,0,0,0,0,0,0,3,0,0,7.97,7.97,0.0,2.0,2.0,3.4285714285714284,4.0,2.211083193570267,2
70,7,4,2011,0,0,0,0,1,0,1,7,1,0,3.12,3.12,0.0,2.0,1.0,2.142857142857143,1.5357142857142858,1.7946864547601264,4
1791,6,12,2015,0,0,0,0,0,0,0,6,0,0,2.28,2.28,0.0,0.0,0.0,0.5714285714285714,0.14285714285714285,0.44839513942297626,1
650,6,11,2012,0,0,0,0,1,0,1,6,0,0,4.97,4.97,0.0,0.0,1.0,0.2857142857142857,0.42857142857142855,0.9973509887241274,0
1478,1,2,2015,2,2,0,0,0,0,1,1,1,1,2.78,2.78,0.0,2.0,1.0,2.5714285714285716,1.8928571428571428,2.1488892171828837,2
1146,5,3,2014,0,0,0,0,0,0,0,5,0,0,,,,0.0,0.0,0.0,0.0,0.0,0
497,7,6,2012,0,0,0,0,1,0,1,7,1,0,7.97,7.97,0.0,2.0,0.0,0.7142857142857143,0.32142857142857145,0.5479640045336468,0
928,4,8,2013,0,0,0,0,0,1,0,4,0,0,2.98,2.98,0.0,0.0,1.0,1.0,1.2142857142857142,1.1660996354464594,1
180,5,7,2011,0,0,0,0,0,0,0,5,0,0,,,,0.0,0.0,0.0,0.0,0.0,0
312,4,12,2011,0,0,0,0,1,1,1,4,0,0,,,,0.0,0.0,0.0,0.0,0.0,0
1212,1,5,2014,0,0,0,0,0,0,0,1,1,0,1.98,1.98,0.0,1.0,2.0,2.0,1.8928571428571428,1.5714886953385063,1
742,7,2,2013,0,0,0,0,1,0,1,7,1,0,4.88,4.88,0.0,0.0,0.0,0.7142857142857143,0.5357142857142857,0.7926581093427851,0
1770,6,12,2015,0,0,0,0,1,1,1,6,0,0,1.38,1.38,0.0,0.0,0.0,0.0,0.0,0.0,0
351,1,1,2012,0,0,0,0,0,0,1,1,1,0,4.97,4.97,0.0,0.0,0.0,0.0,0.10714285714285714,0.31497039417435607,0
1677,4,9,2015,0,0,0,0,1,1,0,4,0,0,5.88,5.88,0.0,1.0,1.0,0.14285714285714285,0.07142857142857142,0.2622652641564811,0
666,1,11,2012,0,0,0,0,0,0,0,1,1,0,,,,0.0,0.0,0.0,0.0,0.0,0
1773,2,12,2015,0,0,0,0,1,1,1,2,0,0,7.94,7.94,0.0,0.0,0.0,0.0,0.0,0.0,0
1212,1,5,2014,0,0,0,0,0,0,0,1,1,0,1.97,1.97,0.0,0.0,0.0,0.0,0.0,0.0,0
710,3,1,2013,28,4,0,0,1,1,0,3,0,1,0.97,0.97,0.0,0.0,0.0,0.0,0.07142857142857142,0.3779644730092253,3
429,2,4,2012,0,0,0,0,1,1,0,2,0,0,1.58,1.58,0.0,62.0,83.0,54.714285714285715,59.25,12.595193086605988,77
1584,2,5,2015,0,0,0,0,0,0,0,2,0,0,1.0,1.0,0.0,4.0,13.0,5.428571428571429,9.892857142857142,7.9037697790090515,11
77,7,4,2011,0,0,0,0,0,1,1,7,1,0,1.98,1.98,0.0,4.0,2.0,4.857142857142857,3.9285714285714284,2.053516792463899,2
1205,1,5,2014,0,0,0,0,0,0,0,1,1,0,8.97,8.97,0.0,1.0,0.0,0.42857142857142855,0.2857142857142857,0.5345224838248489,0
129,3,6,2011,0,0,0,0,1,1,1,3,0,0,,,,0.0,0.0,0.0,0.0,0.0,0
484,1,5,2012,0,0,0,0,0,0,0,1,1,0,5.98,5.98,0.0,0.0,0.0,0.0,0.5,0.8819171036882002,0
534,2,7,2012,0,0,0,0,0,1,1,2,0,0,2.73,2.73,0.0,0.0,0.0,0.0,0.07142857142857142,0.2622652641564809,1
237,6,9,2011,0,0,0,0,0,0,0,6,0,0,2.0,2.0,0.0,0.0,1.0,0.8571428571428571,0.7857142857142857,0.8325393042503716,0
237,6,9,2011,0,0,0,0,0,0,0,6,0,0,,,,0.0,0.0,0.0,0.0,0.0,0
541,2,7,2012,0,0,0,0,0,0,0,2,0,0,,,,0.0,0.0,0.0,0.0,0.0,0
1626,2,7,2015,0,0,0,0,0,1,1,2,0,0,2.48,2.48,0.0,0.0,6.0,1.2857142857142858,2.5,2.0457725155024393,1
934,3,8,2013,0,0,0,0,0,0,0,3,0,0,2.72,2.72,0.0,0.0,2.0,0.8571428571428571,1.0,0.9813067629253164,1
874,6,6,2013,14,1,0,0,0,0,0,6,0,1,2.42,2.42,0.0,1.0,1.0,0.42857142857142855,0.6071428571428571,0.9560445408144717,1
1487,3,2,2015,0,0,0,0,0,0,0,3,0,0,5.47,5.47,0.0,0.0,0.0,0.0,0.03571428571428571,0.18898223650461432,0
1774,3,12,2015,0,0,0,0,1,1,0,3,0,0,3.28,3.28,0.0,0.0,0.0,0.0,0.0,0.0,0
1306,4,8,2014,0,0,0,0,0,0,0,4,0,0,4.97,4.97,0.0,2.0,0.0,0.5714285714285714,0.42857142857142855,0.6900655593423544,2
386,1,2,2012,0,0,0,0,0,0,0,1,1,0,2.48,2.48,0.0,1.0,1.0,1.5714285714285714,1.1785714285714286,1.0904831219021451,0
1330,7,9,2014,0,0,0,0,0,0,0,7,1,0,0.94,0.94,0.0,8.0,55.0,12.857142857142858,20.071428571428573,14.674060185512513,26
1613,3,6,2015,0,0,0,0,0,0,0,3,0,0,10.97,10.97,0.0,0.0,0.0,0.5714285714285714,0.5357142857142857,0.8380817098475281,0
500,3,6,2012,0,0,0,0,0,1,1,3,0,0,2.24,2.24,0.0,0.0,0.0,0.0,0.0,0.0,0
367,3,1,2012,0,0,0,0,0,0,0,3,0,0,,,,0.0,0.0,0.0,0.0,0.0,0
802,4,4,2013,0,0,0,0,1,1,1,4,0,0,2.5,2.5,0.0,0.0,0.0,1.0,0.8214285714285714,0.9048663264720711,1
1490,6,2,2015,0,0,0,0,0,0,0,6,0,0,1.0,1.0,0.0,1.0,1.0,2.2857142857142856,2.2142857142857144,2.6013834333284604,2
1456,7,1,2015,0,0,0,0,0,0,0,7,1,0,1.25,1.25,0.0,0.0,0.0,0.0,0.0,0.0,0
602,7,9,2012,0,0,0,0,0,0,0,7,1,0,,,,0.0,0.0,0.0,0.0,0.0,0
574,7,8,2012,0,0,0,0,0,0,0,7,1,0,5.97,5.97,0.0,0.0,2.0,0.2857142857142857,0.2857142857142857,0.5345224838248487,1
537,5,7,2012,0,0,0,0,0,0,0,5,0,0,,,,0.0,0.0,0.0,0.0,0.0,0
986,6,10,2013,0,0,0,0,1,0,0,6,0,0,2.38,2.38,0.0,0.0,0.0,0.0,0.0,0.0,0
38,3,3,2011,0,0,0,0,1,1,0,3,0,0,6.48,6.48,0.0,0.0,0.0,0.2857142857142857,0.39285714285714285,0.6852566815265062,0
1142,1,3,2014,0,0,0,0,0,1,1,1,1,0,2.99,3.97,-0.98,0.0,0.0,1.0,0.7142857142857143,1.1818736805705574,0
375,4,2,2012,0,0,0,0,1,1,0,4,0,0,,,,0.0,0.0,0.0,0.0,0.0,0
353,3,1,2012,29,3,0,0,0,0,0,3,0,1,,,,0.0,0.0,0.0,0.0,0.0,0
1292,4,8,2014,0,0,0,0,0,1,1,4,0,0,4.88,4.88,0.0,0.0,1.0,0.7142857142857143,0.75,0.7005289007176927,1
519,1,6,2012,0,0,0,0,0,0,0,1,1,0,1.0,1.0,0.0,11.0,11.0,7.285714285714286,10.821428571428571,5.070273361237194,12
1146,5,3,2014,0,0,0,0,0,0,0,5,0,0,3.97,3.97,0.0,0.0,0.0,0.0,0.07142857142857142,0.26226526415648105,0
1404,4,12,2014,0,0,0,0,1,0,1,4,0,0,1.72,1.72,0.0,4.0,4.0,2.4285714285714284,3.1785714285714284,1.9061998540546357,8
371,7,2,2012,0,0,0,0,1,1,1,7,1,0,2.68,2.68,0.0,3.0,1.0,1.7142857142857142,1.4285714285714286,1.5013221686128038,2
302,1,11,2011,0,0,0,0,0,0,0,1,1,0,,,,0.0,0.0,0.0,0.0,0.0,0
1095,3,1,2014,0,0,0,0,0,0,0,3,0,0,5.88,5.88,0.0,1.0,0.0,0.14285714285714285,0.03571428571428571,0.18898223650461365,0
296,2,11,2011,0,0,0,0,0,0,0,2,0,0,,,,0.0,0.0,0.0,0.0,0.0,0
671,6,11,2012,0,0,0,0,0,0,0,6,0,0,2.08,2.08,0.0,0.0,0.0,0.0,0.07142857142857142,0.26226526415648116,0
419,6,3,2012,0,0,0,0,0,0,0,6,0,0,1.97,1.97,0.0,11.0,5.0,7.285714285714286,9.178571428571429,3.8591264740686015,5
308,7,12,2011,0,0,0,0,1,0,1,7,1,0,2.24,2.24,0.0,0.0,1.0,0.7142857142857143,0.6785714285714286,0.772373514927102,0
1359,1,10,2014,0,0,0,0,0,0,0,1,1,0,6.18,6.18,0.0,0.0,0.0,0.0,0.03571428571428571,0.1889822365046133,0
1146,5,3,2014,0,0,0,0,0,0,0,5,0,0,2.98,2.98,0.0,4.0,2.0,9.0,7.428571428571429,4.211347733855489,0
641,4,10,2012,0,0,0,0,0,0,0,4,0,0,,,,0.0,0.0,0.0,0.0,0.0,0
1061,4,12,2013,0,0,0,0,0,0,0,4,0,0,1.48,1.48,0.0,0.0,0.0,0.0,0.0,0.0,0
957,5,9,2013,0,0,0,0,0,1,1,5,0,0,2.42,2.42,0.0,6.0,5.0,4.714285714285714,4.714285714285714,2.7736477233278323,4
748,6,2,2013,2,2,0,0,0,0,1,6,0,1,,,,0.0,0.0,0.0,0.0,0.0,0
1750,7,11,2015,0,0,0,0,0,1,0,7,1,0,4.74,4.74,0.0,0.0,0.0,0.14285714285714285,0.5714285714285714,0.6900655593423546,2
499,2,6,2012,0,0,0,0,1,0,0,2,0,0,2.47,2.47,0.0,1.0,0.0,0.14285714285714285,0.03571428571428571,0.18898223650461393,0
1779,1,12,2015,0,0,0,0,0,1,1,1,1,0,1.97,1.97,0.0,0.0,0.0,0.2857142857142857,0.25,0.5853140973807078,0
1090,5,1,2014,0,0,0,0,0,0,0,5,0,0,2.18,2.18,0.0,0.0,0.0,0.5714285714285714,0.21428571428571427,0.4986754943620643,1
1618,1,7,2015,16,3,0,0,1,0,0,1,1,1,11.84,11.84,0.0,0.0,1.0,0.14285714285714285,0.14285714285714285,0.35634832254990023,0
621,5,10,2012,0,0,0,0,1,0,0,5,0,0,,,,0.0,0.0,0.0,0.0,0.0,0
27,6,2,2011,0,0,0,0,0,0,0,6,0,0,2.5,2.5,0.0,3.0,,2.2857142857142856,,,1
412,6,3,2012,0,0,0,0,0,1,1,6,0,0,4.88,4.88,0.0,1.0,1.0,0.2857142857142857,0.8214285714285714,1.278122796760109,1
217,7,9,2011,0,0,0,0,1,0,1,7,1,0,,,,0.0,0.0,0.0,0.0,0.0,0
758,2,2,2013,7,4,0,0,0,0,0,2,0,1,2.5,2.5,0.0,3.0,3.0,1.7142857142857142,1.1785714285714286,1.3892063129334582,2
1197,7,5,2014,0,0,0,0,1,1,1,7,1,0,4.38,4.38,0.0,0.0,2.0,0.14285714285714285,0.5357142857142857,0.8380817098475271,1
949,4,9,2013,0,0,0,0,1,1,1,4,0,0,3.98,3.98,0.0,1.0,2.0,1.2857142857142858,1.8214285714285714,1.3622848842368138,2
1162,7,4,2014,0,0,0,0,1,0,0,7,1,0,6.97,6.97,0.0,0.0,0.0,0.0,0.07142857142857142,0.26226526415648105,0
1091,6,1,2014,0,0,0,0,0,0,0,6,0,0,6.36,6.36,0.0,0.0,0.0,0.0,0.0,0.0,0
562,2,8,2012,0,0,0,0,0,1,1,2,0,0,3.98,3.98,0.0,2.0,1.0,1.1428571428571428,0.6785714285714286,0.9048663264720744,2
1506,1,3,2015,0,0,0,0,0,0,1,1,1,0,2.98,2.98,0.0,0.0,0.0,0.14285714285714285,0.39285714285714285,0.6288900106557952,0
90,6,4,2011,0,0,0,0,0,0,0,6,0,0,1.98,1.98,0.0,2.0,3.0,2.5714285714285716,3.4285714285714284,2.3793645499115237,0
428,1,3,2012,0,0,0,0,0,0,0,1,1,0,1.98,1.98,0.0,0.0,0.0,0.0,0.0,0.0,0
1801,2,1,2016,0,0,0,0,1,1,1,2,0,0,8.86,8.86,0.0,0.0,0.0,0.0,0.0,0.0,0
283,3,11,2011,22,4,0,0,1,1,0,3,0,1,5.94,5.94,0.0,0.0,0.0,0.2857142857142857,0.39285714285714285,0.6288900106557946,0
64,1,4,2011,0,0,0,0,1,0,1,1,1,0,,,,0.0,0.0,0.0,0.0,0.0,0
1639,1,7,2015,0,0,0,0,0,0,0,1,1,0,2.97,2.97,0.0,0.0,0.0,0.0,0.0,0.0,0
1370,5,10,2014,0,0,0,0,0,0,0,5,0,0,3.28,3.28,0.0,0.0,0.0,0.0,0.14285714285714285,0.44839513942303305,0
1555,1,5,2015,0,0,0,0,1,0,1,1,1,0,9.47,9.47,0.0,1.0,0.0,0.2857142857142857,0.42857142857142855,0.6341264874742274,0
980,7,10,2013,0,0,0,0,1,0,0,7,1,0,1.0,1.0,0.0,40.0,57.0,43.57142857142857,41.0,16.47894279241098,5
1527,1,4,2015,0,0,0,0,1,0,0,1,1,0,2.18,2.18,0.0,0.0,0.0,0.0,0.0,0.0,0
851,4,5,2013,0,0,0,0,0,0,0,4,0,0,2.08,2.08,0.0,0.0,0.0,0.0,0.07142857142857142,0.3779644730092273,1
80,3,4,2011,0,0,0,0,0,0,0,3,0,0,3.28,3.28,0.0,0.0,0.0,3.857142857142857,3.642857142857143,2.818119752920186,1
1742,6,11,2015,0,0,0,0,1,1,1,6,0,0,5.88,5.88,0.0,0.0,0.0,0.0,0.0,0.0,0
707,7,1,2013,0,0,0,0,1,0,0,7,1,0,1.58,1.58,0.0,0.0,0.0,2.142857142857143,2.4285714285714284,1.9518001458970657,0
824,5,5,2013,0,0,0,0,1,1,0,5,0,0,,,,0.0,0.0,0.0,0.0,0.0,0
1794,2,12,2015,0,0,0,0,0,0,0,2,0,0,2.98,2.98,0.0,3.0,2.0,1.7142857142857142,2.142857142857143,1.7994708216848723,4
1311,2,8,2014,0,0,0,0,0,0,0,2,0,0,1.58,1.58,0.0,3.0,0.0,0.42857142857142855,0.25,0.7005289007176849,0
717,3,1,2013,0,0,0,0,0,0,1,3,0,0,1.98,1.98,0.0,2.0,8.0,7.285714285714286,4.5,4.467993169529578,5
907,4,7,2013,0,0,0,0,0,0,0,4,0,0,7.67,7.67,0.0,0.0,0.0,0.14285714285714285,0.5,0.793492047615872,1
923,6,8,2013,18,4,0,0,1,0,1,6,0,1,3.98,3.98,0.0,2.0,2.0,2.0,1.5714285714285714,1.6199810567838837,2
335,6,12,2011,0,0,0,0,0,0,0,6,0,0,1.98,1.98,0.0,5.0,0.0,1.5714285714285714,1.8928571428571428,2.0062732304280657,0
175,7,7,2011,0,0,0,0,0,0,0,7,1,0,1.25,1.25,0.0,0.0,0.0,0.0,0.0,0.0,0
353,3,1,2012,29,3,0,0,0,0,0,3,0,1,1.73,1.73,0.0,0.0,3.0,1.7142857142857142,2.0357142857142856,1.8152061990235593,2
23,2,2,2011,0,0,0,0,0,0,0,2,0,0,3.18,3.18,0.0,0.0,,0.0,,,0
1054,4,12,2013,0,0,0,0,0,0,0,4,0,0,1.97,1.97,0.0,0.0,0.0,0.14285714285714285,0.17857142857142858,0.6118321864193025,2
816,4,4,2013,0,0,0,0,0,0,0,4,0,0,3.32,3.32,0.0,0.0,2.0,0.0,1.2142857142857142,1.6634890342878015,0
82,5,4,2011,0,0,0,0,0,0,0,5,0,0,,,,0.0,0.0,0.0,0.0,0.0,0
141,1,6,2011,0,0,0,0,0,0,0,1,1,0,1.0,1.0,0.0,9.0,9.0,7.285714285714286,5.357142857142857,4.156336400621616,8
1157,2,3,2014,0,0,0,0,0,0,0,2,0,0,1.25,1.0,0.25,0.0,0.0,0.0,0.0,0.0,0
735,7,2,2013,0,0,0,0,1,1,0,7,1,0,0.46,0.46,0.0,0.0,0.0,1.5714285714285714,0.9642857142857143,2.7819809469904677,1
892,3,7,2013,0,0,0,0,1,0,1,3,0,0,2.38,2.38,0.0,0.0,0.0,0.0,0.2857142857142857,0.9759000729485333,0
1079,1,1,2014,0,0,0,0,0,1,1,1,1,0,,,,0.0,0.0,0.0,0.0,0.0,0
1319,3,9,2014,0,0,0,0,1,0,1,3,0,0,,,,0.0,0.0,0.0,0.0,0.0,0
1499,1,3,2015,0,0,0,0,1,1,0,1,1,0,4.5,4.5,0.0,0.0,0.0,0.2857142857142857,0.4642857142857143,0.7444681351359534,1
1069,5,1,2014,27,3,0,0,1,1,0,5,0,1,0.98,0.98,0.0,0.0,1.0,0.42857142857142855,1.4285714285714286,3.21372717075397,7
13,6,2,2011,0,0,0,0,1,0,0,6,0,0,,,,0.0,,0.0,,,0
1669,3,8,2015,0,0,0,0,0,0,0,3,0,0,1.98,1.98,0.0,0.0,0.0,0.14285714285714285,0.6071428571428571,1.5236235005501113,0
1102,3,2,2014,0,0,0,0,1,1,1,3,0,0,4.25,4.25,0.0,0.0,0.0,0.42857142857142855,0.5,0.9229582069908954,0
926,2,8,2013,0,0,0,0,0,1,1,2,0,0,3.97,3.97,0.0,0.0,0.0,0.0,0.0,0.0,0
18,4,2,2011,0,0,0,0,0,1,1,4,0,0,6.98,6.98,0.0,0.0,,0.0,,,0
1317,1,9,2014,0,0,0,0,1,1,1,1,1,0,2.68,2.68,0.0,2.0,0.0,1.1428571428571428,0.7857142857142857,1.3705133630530124,0
530,5,7,2012,0,0,0,0,0,1,1,5,0,0,7.97,7.97,0.0,0.0,1.0,0.7142857142857143,0.39285714285714285,0.6288900106557948,1
809,4,4,2013,0,0,0,0,0,0,0,4,0,0,6.97,6.97,0.0,0.0,0.0,0.14285714285714285,0.03571428571428571,0.18898223650461363,0
1402,2,11,2014,0,0,0,0,0,0,0,2,0,0,3.48,3.48,0.0,2.0,3.0,1.8571428571428572,1.75,1.350582864571464,4
1056,6,12,2013,0,0,0,0,0,0,0,6,0,0,,,,0.0,0.0,0.0,0.0,0.0,0
1545,5,4,2015,0,0,0,0,0,0,0,5,0,0,0.93,0.93,0.0,1.0,3.0,1.7142857142857142,2.8214285714285716,3.4432281518685524,1
1718,3,10,2015,20,3,0,0,0,1,1,3,0,1,1.0,1.0,0.0,7.0,15.0,9.714285714285714,13.214285714285714,5.173702326883118,11
297,3,11,2011,0,0,0,0,0,0,0,3,0,0,3.28,3.28,0.0,0.0,0.0,0.0,0.0,0.0,0
1227,2,6,2014,0,0,0,0,1,0,1,2,0,0,2.82,2.82,0.0,1.0,2.0,1.4285714285714286,1.0,1.0886621079036447,4
1433,5,12,2014,0,0,0,0,0,0,0,5,0,0,9.47,9.47,0.0,0.0,1.0,0.42857142857142855,0.4642857142857143,0.6372477195601846,0
1324,1,9,2014,0,0,0,0,0,1,0,1,1,0,1.74,1.74,0.0,0.0,0.0,0.0,0.0,0.0,0
920,3,8,2013,0,0,0,0,1,1,1,3,0,0,1.88,1.88,0.0,1.0,2.0,1.2857142857142858,0.8214285714285714,1.492042384180314,1
1080,2,1,2014,0,0,0,0,0,1,1,2,0,0,5.94,5.94,0.0,1.0,1.0,0.14285714285714285,0.21428571428571427,0.4178554470186723,1
663,5,11,2012,0,0,0,0,0,0,0,5,0,0,,,,0.0,0.0,0.0,0.0,0.0,0
213,3,8,2011,0,0,0,0,0,0,0,3,0,0,10.97,10.97,0.0,0.0,3.0,0.5714285714285714,0.7857142857142857,0.9946949227868765,4
652,1,11,2012,0,0,0,0,1,0,0,1,1,0,3.98,3.98,0.0,4.0,2.0,2.7142857142857144,3.0,3.162277660168378,2
1169,7,4,2014,0,0,0,0,0,1,1,7,1,0,0.94,0.94,0.0,12.0,21.0,18.142857142857142,12.892857142857142,7.2128449501657785,20
1815,2,1,2016,0,0,0,0,0,0,0,2,0,0,7.48,7.48,0.0,1.0,0.0,0.2857142857142857,0.42857142857142855,0.7901510136288071,0
504,7,6,2012,0,0,0,0,0,1,1,7,1,0,1.0,1.0,0.0,27.0,11.0,15.142857142857142,12.964285714285714,8.539590339975522,17
1045,2,12,2013,0,0,0,0,1,0,1,2,0,0,3.33,3.33,0.0,1.0,3.0,1.1428571428571428,2.2142857142857144,1.6856066686121587,2
893,4,7,2013,17,4,0,0,1,1,1,4,0,1,,,,0.0,0.0,0.0,0.0,0.0,0
1655,3,8,2015,0,0,0,0,1,0,0,3,0,0,10.97,10.97,0.0,3.0,1.0,2.5714285714285716,1.7857142857142858,1.6856066686121773,3
878,3,6,2013,0,0,0,0,0,0,0,3,0,0,6.97,6.97,0.0,0.0,0.0,0.0,0.07142857142857142,0.3779644730092272,0
633,3,10,2012,0,0,0,0,0,0,0,3,0,0,,,,0.0,0.0,0.0,0.0,0.0,0
60,4,3,2011,0,0,0,0,0,0,0,4,0,0,,,,0.0,0.0,0.0,0.0,0.0,0
838,5,5,2013,0,0,0,0,0,1,1,5,0,0,8.96,8.96,0.0,1.0,0.0,0.7142857142857143,0.7142857142857143,0.8544932592822077,0
1506,1,3,2015,0,0,0,0,0,0,1,1,1,0,1.68,1.68,0.0,69.0,74.0,63.57142857142857,59.964285714285715,13.17540397260238,77
634,4,10,2012,0,0,0,0,0,0,0,4,0,0,8.48,8.48,0.0,0.0,0.0,0.0,0.0,0.0,0
980,7,10,2013,0,0,0,0,1,0,0,7,1,0,8.98,8.98,0.0,1.0,0.0,1.0,0.7142857142857143,1.2429696476477392,0
1239,7,6,2014,0,0,0,0,0,0,0,7,1,0,4.74,4.74,0.0,1.0,0.0,0.42857142857142855,0.8214285714285714,1.1880133254200749,0
239,1,9,2011,0,0,0,0,0,0,0,1,1,0,,,,0.0,0.0,0.0,0.0,0.0,0
1388,2,11,2014,0,0,0,0,0,0,0,2,0,0,3.48,3.48,0.0,1.0,1.0,0.42857142857142855,0.6428571428571429,0.7310208850583696,0
575,1,8,2012,0,0,0,0,0,0,0,1,1,0,,,,0.0,0.0,0.0,0.0,0.0,0
1374,2,11,2014,0,0,0,0,1,0,1,2,0,0,,,,0.0,0.0,0.0,0.0,0.0,0
380,2,2,2012,0,0,0,0,0,1,1,2,0,0,,,,0.0,0.0,0.0,0.0,0.0,0
382,4,2,2012,2,2,0,0,0,0,1,4,0,1,3.87,3.87,0.0,0.0,0.0,1.4285714285714286,1.3214285714285714,1.4156158567804542,1
1738,2,11,2015,0,0,0,0,1,1,0,2,0,0,4.88,4.88,0.0,0.0,1.0,1.2857142857142858,1.25,0.8871510790372932,1
1459,3,1,2015,0,0,0,0,0,0,0,3,0,0,0.78,0.78,0.0,0.0,0.0,0.0,0.42857142857142855,0.8357108940373443,0
872,4,6,2013,0,0,0,0,0,0,0,4,0,0,,,,0.0,0.0,0.0,0.0,0.0,0
1658,6,8,2015,0,0,0,0,0,1,0,6,0,0,2.0,2.0,0.0,0.0,0.0,0.5714285714285714,0.8214285714285714,1.2187902754164617,0
1784,6,12,2015,0,0,0,0,0,0,0,6,0,0,2.18,2.18,0.0,2.0,3.0,2.142857142857143,1.5357142857142858,1.477789712327986,2
835,2,5,2013,11,2,0,0,0,1,1,2,0,1,3.87,3.87,0.0,0.0,2.0,1.1428571428571428,0.9642857142857143,1.1379690439434431,2
1465,2,2,2015,1,1,0,0,1,1,0,2,0,1,,,,0.0,0.0,0.0,0.0,0.0,0
1279,5,7,2014,0,0,0,0,0,0,0,5,0,0,,,,0.0,0.0,0.0,0.0,0.0,0
260,1,10,2011,0,0,0,0,0,1,1,1,1,0,,,,0.0,0.0,0.0,0.0,0.0,0
889,7,7,2013,0,0,0,0,1,1,1,7,1,0,8.96,8.96,0.0,0.0,2.0,1.2857142857142858,0.9285714285714286,0.9399988742535196,0
1414,7,12,2014,0,0,0,0,0,1,1,7,1,0,,,,0.0,0.0,0.0,0.0,0.0,0
1501,3,3,2015,0,0,0,0,1,1,1,3,0,0,2.88,2.88,0.0,0.0,0.0,0.0,0.25,0.5181877251715994,0
662,4,11,2012,0,0,0,0,0,0,0,4,0,0,2.98,2.98,0.0,11.0,3.0,7.714285714285714,7.535714285714286,3.3827683475404755,10
92,1,4,2011,0,0,0,0,0,0,0,1,1,0,5.97,5.97,0.0,3.0,3.0,1.8571428571428572,1.3571428571428572,1.3113263207824055,1
287,7,11,2011,23,3,0,0,0,1,1,7,1,1,6.88,6.98,-0.10000000000000053,0.0,0.0,0.8571428571428571,0.35714285714285715,0.6784669927988098,2
835,2,5,2013,11,2,0,0,0,1,1,2,0,1,5.97,5.97,0.0,0.0,1.0,0.2857142857142857,0.25,0.4409585518440984,1
229,5,9,2011,0,0,0,0,0,0,1,5,0,0,1.78,1.64,0.14000000000000012,0.0,0.0,0.42857142857142855,1.0714285714285714,1.0862293403762295,2
1049,6,12,2013,0,0,0,0,0,1,1,6,0,0,8.97,8.97,0.0,0.0,0.0,0.14285714285714285,0.03571428571428571,0.1889822365046137,0
515,4,6,2012,0,0,0,0,0,0,0,4,0,0,,,,0.0,0.0,0.0,0.0,0.0,0
97,6,5,2011,10,2,0,0,1,1,1,6,0,1,,,,0.0,0.0,0.0,0.0,0.0,0
1618,1,7,2015,16,3,0,0,1,0,0,1,1,1,1.48,1.48,0.0,6.0,2.0,3.5714285714285716,3.2857142857142856,2.4321480044076087,3
170,2,7,2011,0,0,0,0,0,0,0,2,0,0,3.0,3.0,0.0,0.0,0.0,0.0,0.0,0.0,0
280,7,11,2011,0,0,0,0,1,0,0,7,1,0,,,,0.0,0.0,0.0,0.0,0.0,0
753,4,2,2013,0,0,0,0,0,0,0,4,0,0,2.97,2.97,0.0,0.0,0.0,0.0,0.07142857142857142,0.26226526415648127,0
54,5,3,2011,0,0,0,0,0,0,0,5,0,0,,,,0.0,0.0,0.0,0.0,0.0,0
353,3,1,2012,29,3,0,0,0,0,0,3,0,1,,,,0.0,0.0,0.0,0.0,0.0,0
1227,2,6,2014,0,0,0,0,1,0,1,2,0,0,2.5,2.5,0.0,0.0,1.0,0.2857142857142857,0.5357142857142857,0.6929348671835827,0
1357,6,10,2014,0,0,0,0,0,0,0,6,0,0,1.88,1.88,0.0,4.0,0.0,1.2857142857142858,0.7857142857142857,1.1660996354464572,0
1544,4,4,2015,0,0,0,0,0,0,0,4,0,0,2.28,2.28,0.0,1.0,0.0,1.5714285714285714,1.0714285714285714,1.2450962012087716,1
375,4,2,2012,0,0,0,0,1,1,0,4,0,0,,,,0.0,0.0,0.0,0.0,0.0,0
1715,7,10,2015,0,0,0,0,1,1,1,7,1,0,5.97,5.97,0.0,0.0,0.0,0.2857142857142857,0.32142857142857145,0.6696362433535828,0
1032,3,11,2013,0,0,0,0,0,0,0,3,0,0,2.97,2.97,0.0,0.0,0.0,0.2857142857142857,0.07142857142857142,0.26226526415648127,1
1693,6,9,2015,0,0,0,0,0,0,0,6,0,0,2.98,2.98,0.0,1.0,1.0,2.142857142857143,2.25,1.4043582955293958,2
392,7,2,2012,0,0,0,0,0,0,0,7,1,0,1.25,1.25,0.0,0.0,0.0,0.0,0.0,0.0,0
748,6,2,2013,2,2,0,0,0,0,1,6,0,1,3.33,3.33,0.0,0.0,0.0,0.7142857142857143,0.35714285714285715,0.7800420555749596,2
972,6,9,2013,0,0,0,0,0,0,0,6,0,0,3.48,3.48,0.0,0.0,0.0,1.2857142857142858,1.0,1.2765694770084477,0
1768,4,12,2015,0,0,0,0,1,1,0,4,0,0,4.88,4.88,0.0,0.0,1.0,0.14285714285714285,1.1071428571428572,1.3148520748875043,1
136,3,6,2011,0,0,0,0,0,1,0,3,0,0,,,,0.0,0.0,0.0,0.0,0.0,0
493,3,6,2012,0,0,0,0,1,0,0,3,0,0,3.97,3.97,0.0,1.0,1.0,0.5714285714285714,0.7857142857142857,0.8325393042503725,0
1713,5,10,2015,0,0,0,0,1,1,0,5,0,0,0.78,0.78,0.0,0.0,1.0,0.14285714285714285,0.25,0.44095855184409727,0
142,2,6,2011,15,2,0,0,0,0,0,2,0,1,2.88,2.88,0.0,0.0,0.0,2.142857142857143,1.25,1.4561491580090167,3
1630,6,7,2015,0,0,0,0,0,0,0,6,0,0,14.97,14.97,0.0,1.0,4.0,2.857142857142857,2.107142857142857,1.4230714230607955,2
1455,6,1,2015,0,0,0,0,0,0,0,6,0,0,2.67,2.67,0.0,3.0,0.0,1.4285714285714286,1.2857142857142858,1.4364860122855596,0
723,2,1,2013,0,0,0,0,0,0,0,2,0,0,8.96,8.96,0.0,1.0,0.0,0.2857142857142857,0.6071428571428571,0.9560445408144768,2
96,5,5,2011,0,0,0,0,1,0,0,5,0,0,0.5,0.5,0.0,0.0,3.0,0.42857142857142855,2.25,2.22152766923691,0
1851,3,2,2016,0,0,0,0,0,0,0,3,0,0,3.5,3.5,0.0,2.0,1.0,0.5714285714285714,0.8571428571428571,1.1454995906456353,0
211,1,8,2011,0,0,0,0,0,0,0,1,1,0,,,,0.0,0.0,0.0,0.0,0.0,0
1352,1,10,2014,0,0,0,0,0,1,1,1,1,0,2.78,2.78,0.0,3.0,4.0,6.285714285714286,4.285714285714286,3.3539047763282164,7
86,2,4,2011,8,4,1,1,0,0,0,2,0,1,,,,0.0,0.0,0.0,0.0,0.0,0
1821,1,1,2016,0,0,0,0,0,0,0,1,1,0,4.97,4.97,0.0,0.0,0.0,0.42857142857142855,0.25,0.5181877251716012,1
304,3,11,2011,0,0,0,0,0,0,0,3,0,0,,,,0.0,0.0,0.0,0.0,0.0,0
1857,2,2,2016,0,0,0,0,0,0,0,2,0,0,5.98,5.98,0.0,4.0,5.0,1.8571428571428572,3.2142857142857144,2.484874881076139,5
1346,2,10,2014,0,0,0,0,1,1,1,2,0,0,1.98,1.98,0.0,14.0,2.0,2.142857142857143,1.0,2.6666666666666665,0
348,5,1,2012,0,0,0,0,0,1,1,5,0,0,,,,0.0,0.0,0.0,0.0,0.0,0
1402,2,11,2014,0,0,0,0,0,0,0,2,0,0,7.47,7.47,0.0,0.0,0.0,0.0,0.03571428571428571,0.18898223650461363,0
842,2,5,2013,0,0,0,0,0,0,0,2,0,0,3.97,3.97,0.0,0.0,2.0,0.42857142857142855,0.6071428571428571,0.7859547491585428,0
685,6,12,2012,0,0,0,0,0,1,0,6,0,0,1.92,1.92,0.0,0.0,0.0,0.14285714285714285,0.03571428571428571,0.18898223650461435,0
1140,6,3,2014,0,0,0,0,0,1,0,6,0,0,17.88,17.88,0.0,0.0,0.0,0.5714285714285714,0.2857142857142857,0.712696645099784,2
511,7,6,2012,0,0,0,0,0,0,0,7,1,0,2.42,2.42,0.0,1.0,0.0,0.2857142857142857,0.5357142857142857,0.8380817098475204,0
1803,4,1,2016,0,0,0,0,1,1,1,4,0,0,6.98,6.98,0.0,0.0,1.0,0.8571428571428571,0.9285714285714286,0.9399988742535209,1
789,5,3,2013,0,0,0,0,0,0,0,5,0,0,3.97,3.97,0.0,0.0,0.0,0.0,0.0,0.0,0
450,2,4,2012,0,0,0,0,0,0,0,2,0,0,,,,0.0,0.0,0.0,0.0,0.0,0
1787,2,12,2015,0,0,0,0,0,0,0,2,0,0,1.96,1.96,0.0,1.0,5.0,2.4285714285714284,1.4642857142857142,1.6438920136009445,1
625,2,10,2012,0,0,0,0,0,0,1,2,0,0,,,,0.0,0.0,0.0,0.0,0.0,0
1542,2,4,2015,0,0,0,0,0,0,0,2,0,0,5.47,5.47,0.0,2.0,0.0,0.5714285714285714,0.2857142857142857,0.5998236072282916,0
1822,2,1,2016,0,0,0,0,0,0,0,2,0,0,1.96,1.96,0.0,0.0,3.0,0.42857142857142855,1.4285714285714286,1.59695477401978,0
1292,4,8,2014,0,0,0,0,0,1,1,4,0,0,2.98,2.98,0.0,0.0,0.0,0.2857142857142857,0.6428571428571429,1.095928009067293,0
862,1,6,2013,0,0,0,0,1,0,1,1,1,0,8.47,8.47,0.0,0.0,1.0,0.0,0.14285714285714285,0.35634832254989923,1
506,2,6,2012,15,2,0,0,0,0,0,2,0,1,4.22,4.22,0.0,5.0,3.0,1.7142857142857142,2.7142857142857144,3.99867702989601,1
1265,5,7,2014,0,0,0,0,0,0,0,5,0,0,5.47,5.47,0.0,1.0,0.0,0.2857142857142857,0.10714285714285714,0.3149703941743562,2
323,1,12,2011,0,0,0,0,0,0,0,1,1,0,,,,0.0,0.0,0.0,0.0,0.0,0
1365,7,10,2014,0,0,0,0,0,0,0,7,1,0,4.63,4.63,0.0,2.0,0.0,1.8571428571428572,1.0,1.0183501544346303,0
1675,2,8,2015,0,0,0,0,0,0,0,2,0,0,4.27,4.27,0.0,0.0,1.0,0.2857142857142857,0.4642857142857143,0.7444681351359584,1
823,4,4,2013,0,0,0,0,0,0,0,4,0,0,3.28,3.28,0.0,2.0,1.0,1.7142857142857142,2.0,1.9813949444585532,4
978,5,10,2013,0,0,0,0,1,0,1,5,0,0,,,,0.0,0.0,0.0,0.0,0.0,0
859,5,6,2013,0,0,0,0,1,1,1,5,0,0,,,,0.0,0.0,0.0,0.0,0.0,0
400,1,3,2012,0,0,0,0,1,1,1,1,1,0,2.98,2.98,0.0,0.0,0.0,0.14285714285714285,0.10714285714285714,0.4162696521251861,0
1150,2,3,2014,0,0,0,0,0,0,0,2,0,0,7.88,7.88,0.0,0.0,1.0,0.7142857142857143,0.6071428571428571,0.7373267889143821,0
1507,2,3,2015,0,0,0,0,0,1,1,2,0,0,2.98,2.98,0.0,0.0,0.0,0.42857142857142855,0.10714285714285714,0.41626965212518585,0
468,6,5,2012,0,0,0,0,1,0,0,6,0,0,,,,0.0,0.0,0.0,0.0,0.0,0
1054,4,12,2013,0,0,0,0,0,0,0,4,0,0,3.97,3.97,0.0,2.0,1.0,0.5714285714285714,0.6071428571428571,0.785954749158543,2
1625,1,7,2015,0,0,0,0,0,1,1,1,1,0,0.48,0.48,0.0,1.0,0.0,0.42857142857142855,1.9642857142857142,4.01370008343777,0
128,2,6,2011,0,0,0,0,1,1,1,2,0,0,5.67,5.67,0.0,1.0,0.0,0.5714285714285714,0.5,0.6382847385042255,0
137,4,6,2011,0,0,0,0,0,0,1,4,0,0,,,,0.0,0.0,0.0,0.0,0.0,0
1449,7,1,2015,0,0,0,0,0,0,0,7,1,0,4.97,4.97,0.0,0.0,0.0,0.0,0.03571428571428571,0.1889822365046136,0
579,5,8,2012,0,0,0,0,0,0,0,5,0,0,,,,0.0,0.0,0.0,0.0,0.0,0
1752,2,11,2015,0,0,0,0,0,1,1,2,0,0,2.18,2.18,0.0,0.0,0.0,0.0,0.0,0.0,2
660,2,11,2012,0,0,0,0,0,0,0,2,0,0,3.97,3.97,0.0,0.0,1.0,0.0,0.39285714285714285,0.6852566815265067,0
966,7,9,2013,0,0,0,0,0,0,0,7,1,0,2.68,2.68,0.0,0.0,0.0,0.0,0.0,0.0,0
1560,6,5,2015,0,0,0,0,1,1,0,6,0,0,9.98,9.98,0.0,0.0,0.0,0.0,0.0,0.0,0
1262,2,7,2014,0,0,0,0,0,1,0,2,0,0,4.44,4.44,0.0,0.0,1.0,0.0,0.21428571428571427,0.6299407883487121,0
812,7,4,2013,0,0,0,0,0,0,0,7,1,0,,,,0.0,0.0,0.0,0.0,0.0,0
1653,1,8,2015,0,0,0,0,1,0,1,1,1,0,1.78,1.78,0.0,1.0,1.0,2.142857142857143,1.8928571428571428,1.6179384622799675,3
709,2,1,2013,0,0,0,0,1,1,1,2,0,0,8.47,8.47,0.0,0.0,0.0,0.2857142857142857,0.10714285714285714,0.4162696521251859,0
919,2,8,2013,0,0,0,0,1,0,0,2,0,0,0.98,0.98,0.0,0.0,2.0,0.5714285714285714,0.5714285714285714,1.525792360723545,8
1010,2,11,2013,0,0,0,0,1,1,1,2,0,0,1.78,1.78,0.0,1.0,2.0,2.142857142857143,3.0,2.3882428066894166,4
901,5,7,2013,0,0,0,0,0,0,0,5,0,0,9.42,9.42,0.0,0.0,0.0,0.42857142857142855,0.2857142857142857,0.5345224838248488,0
614,5,10,2012,0,0,0,0,1,1,1,5,0,0,8.48,8.48,0.0,0.0,0.0,0.0,0.0,0.0,0
1399,6,11,2014,24,3,0,0,0,0,0,6,0,1,4.88,4.88,0.0,2.0,0.0,1.0,0.6785714285714286,0.8629652337776962,0
448,7,4,2012,0,0,0,0,0,0,0,7,1,0,3.98,3.98,0.0,0.0,0.0,0.8571428571428571,0.6071428571428571,1.1001442906807544,1
1298,3,8,2014,0,0,0,0,0,0,0,3,0,0,5.22,5.22,0.0,0.0,0.0,0.42857142857142855,0.4642857142857143,0.5762035942360839,0
307,6,12,2011,0,0,0,0,1,1,0,6,0,0,,,,0.0,0.0,0.0,0.0,0.0,0
1518,6,3,2015,0,0,0,0,0,0,0,6,0,0,2.98,2.98,0.0,0.0,1.0,0.42857142857142855,0.32142857142857145,0.6118321864193028,0
1672,6,8,2015,0,0,0,0,0,0,0,6,0,0,4.98,4.98,0.0,0.0,0.0,0.5714285714285714,1.1071428571428572,1.2863754913561989,1
1681,1,9,2015,0,0,0,0,1,1,1,1,1,0,9.97,9.97,0.0,0.0,0.0,0.42857142857142855,0.35714285714285715,0.5587211398983509,0
411,5,3,2012,0,0,0,0,0,0,1,5,0,0,0.97,0.97,0.0,1.0,0.0,0.2857142857142857,0.35714285714285715,0.558721139898351,0
364,7,1,2012,0,0,0,0,0,0,0,7,1,0,1.28,1.28,0.0,6.0,26.0,9.571428571428571,20.428571428571427,11.480832888319723,0
805,7,4,2013,0,0,0,0,0,1,1,7,1,0,2.94,2.94,0.0,5.0,1.0,4.571428571428571,3.2857142857142856,2.492316234276905,0
124,5,6,2011,0,0,0,0,1,1,0,5,0,0,,,,0.0,0.0,0.0,0.0,0.0,0
1153,5,3,2014,0,0,0,0,0,0,0,5,0,0,3.98,3.98,0.0,5.0,0.0,1.1428571428571428,1.0714285714285714,1.3858697343671695,0
406,7,3,2012,0,0,0,0,1,1,1,7,1,0,,,,0.0,0.0,0.0,0.0,0.0,0
1103,4,2,2014,0,0,0,0,1,0,0,4,0,0,3.98,3.98,0.0,1.0,1.0,3.7142857142857144,1.8214285714285714,2.1782352936973997,0
1297,2,8,2014,0,0,0,0,0,0,0,2,0,0,9.97,9.97,0.0,0.0,0.0,0.0,0.0,0.0,0
1178,2,4,2014,30,2,3,2,0,0,0,2,0,1,3.97,3.97,0.0,2.0,1.0,1.0,1.1071428571428572,1.2274419565151569,3
1647,2,8,2015,0,0,0,0,1,0,1,2,0,0,5.27,5.27,0.0,0.0,0.0,0.0,0.10714285714285714,0.3149703941743556,0
1049,6,12,2013,0,0,0,0,0,1,1,6,0,0,5.22,5.22,0.0,0.0,0.0,0.0,0.5,0.6938886664887106,1
1314,5,9,2014,0,0,0,0,1,1,1,5,0,0,6.87,6.87,0.0,1.0,0.0,0.7142857142857143,0.6071428571428571,0.7859547491585416,0
1236,4,6,2014,0,0,0,0,0,0,0,4,0,0,2.78,2.78,0.0,0.0,4.0,0.0,0.6785714285714286,1.1239339452243238,1
547,1,7,2012,0,0,0,0,0,0,0,1,1,0,3.98,3.98,0.0,0.0,1.0,0.7142857142857143,0.5357142857142857,0.7926581093427854,0
1784,6,12,2015,0,0,0,0,0,0,0,6,0,0,4.48,4.48,0.0,5.0,2.0,4.142857142857143,2.9285714285714284,1.9986768109699407,4
1131,4,3,2014,0,0,0,0,1,0,0,4,0,0,9.97,9.97,0.0,0.0,0.0,0.0,0.14285714285714285,0.3563483225499008,0
498,1,6,2012,0,0,0,0,1,1,1,1,1,0,6.97,6.97,0.0,0.0,0.0,0.7142857142857143,0.75,0.8443713418650366,2
1554,7,5,2015,0,0,0,0,1,1,0,7,1,0,,,,0.0,0.0,0.0,0.0,0.0,0
1829,2,1,2016,0,0,0,0,0,0,0,2,0,0,0.48,0.48,0.0,0.0,0.0,0.0,1.0714285714285714,2.1417986803856226,0
1234,2,6,2014,14,1,4,1,0,1,1,2,0,1,1.38,1.38,0.0,0.0,1.0,0.14285714285714285,0.5,1.551582227085437,1
1133,6,3,2014,0,0,0,0,1,1,1,6,0,0,3.97,3.97,0.0,0.0,0.0,2.2857142857142856,1.0,1.9051586888313639,0
144,4,6,2011,0,0,0,0,0,0,0,4,0,0,3.33,3.33,0.0,2.0,1.0,2.0,1.9642857142857142,1.8555650603311362,3
968,2,9,2013,0,0,0,0,0,0,0,2,0,0,,,,0.0,0.0,0.0,0.0,0.0,0
116,4,5,2011,0,0,0,0,0,0,0,4,0,0,,,,0.0,0.0,0.0,0.0,0.0,0
1685,5,9,2015,0,0,0,0,1,1,1,5,0,0,5.64,5.64,0.0,0.0,2.0,0.2857142857142857,0.5,0.8388704928078605,0
288,1,11,2011,0,0,0,0,0,1,1,1,1,0,,,,0.0,0.0,0.0,0.0,0.0,0
980,7,10,2013,0,0,0,0,1,0,0,7,1,0,2.88,2.88,0.0,0.0,0.0,0.0,0.0,0.0,0
866,5,6,2013,0,0,0,0,0,1,1,5,0,0,1.0,,,0.0,0.0,0.14285714285714285,0.03571428571428571,0.1889822365046136,4
1048,5,12,2013,0,0,0,0,0,1,1,5,0,0,7.67,7.67,0.0,0.0,0.0,1.0,0.6428571428571429,0.9114207758701959,0
1790,5,12,2015,0,0,0,0,0,0,0,5,0,0,4.5,4.5,0.0,0.0,0.0,0.0,0.10714285714285714,0.3149703941743561,0
151,4,6,2011,0,0,0,0,0,0,0,4,0,0,1.25,1.25,0.0,3.0,1.0,2.0,4.0,3.3110365390558534,0
238,7,9,2011,0,0,0,0,0,0,0,7,1,0,3.28,3.28,0.0,3.0,4.0,7.0,7.25,5.5016832441097945,5
1348,4,10,2014,0,0,0,0,1,1,0,4,0,0,6.97,6.97,0.0,0.0,0.0,0.42857142857142855,0.10714285714285714,0.41626965212518485,2
567,7,8,2012,0,0,0,0,0,0,0,7,1,0,,,,0.0,0.0,0.0,0.0,0.0,0
1681,1,9,2015,0,0,0,0,1,1,1,1,1,0,0.97,0.97,0.0,0.0,0.0,0.14285714285714285,0.07142857142857142,0.26226526415649015,0
624,1,10,2012,0,0,0,0,0,1,0,1,1,0,4.48,4.48,0.0,3.0,3.0,2.0,2.2857142857142856,1.5361602650076374,4
936,5,8,2013,0,0,0,0,0,0,0,5,0,0,2.98,2.98,0.0,3.0,5.0,1.7142857142857142,2.392857142857143,1.6852142563920731,1
1728,6,10,2015,0,0,0,0,0,0,0,6,0,0,1.18,1.18,0.0,0.0,0.0,0.0,0.0,0.0,0
997,3,10,2013,0,0,0,0,0,0,0,3,0,0,2.5,2.5,0.0,1.0,0.0,1.0,0.9642857142857143,0.7444681351359528,1
83,6,4,2011,0,0,0,0,0,0,0,6,0,0,,,,0.0,0.0,0.0,0.0,0.0,0
1327,4,9,2014,0,0,0,0,0,0,0,4,0,0,,,,0.0,0.0,0.0,0.0,0.0,0
758,2,2,2013,7,4,0,0,0,0,0,2,0,1,2.68,2.68,0.0,1.0,0.0,0.42857142857142855,0.5,0.9229582069908969,1
873,5,6,2013,0,0,0,0,0,0,0,5,0,0,2.47,2.47,0.0,2.0,0.0,1.7142857142857142,1.5714285714285714,1.425393290199598,6
823,4,4,2013,0,0,0,0,0,0,0,4,0,0,10.98,10.98,0.0,0.0,0.0,0.5714285714285714,0.39285714285714285,0.628890010655795,1
1494,3,3,2015,0,0,0,0,1,0,1,3,0,0,1.98,1.98,0.0,1.0,1.0,1.4285714285714286,1.0714285714285714,1.3032316365146681,0
1411,4,12,2014,0,0,0,0,1,1,1,4,0,0,2.5,2.5,0.0,0.0,2.0,0.0,0.21428571428571427,0.4986754943620651,0
197,1,8,2011,0,0,0,0,0,1,0,1,1,0,,,,0.0,0.0,0.0,0.0,0.0,0
1185,2,4,2014,0,0,0,0,0,0,0,2,0,0,,,,0.0,0.0,0.0,0.0,0.0,0
435,1,4,2012,0,0,0,0,1,1,0,1,1,0,,,,0.0,0.0,0.0,0.0,0.0,0
116,4,5,2011,0,0,0,0,0,0,0,4,0,0,,,,0.0,0.0,0.0,0.0,0.0,0
1354,3,10,2014,20,3,0,0,0,1,0,3,0,1,0.97,0.97,0.0,0.0,1.0,0.42857142857142855,0.5357142857142857,1.1049431980420854,1
1111,5,2,2014,0,0,0,0,0,1,1,5,0,0,3.98,3.98,0.0,1.0,1.0,1.4285714285714286,1.8571428571428572,2.172458680752461,3
192,3,8,2011,0,0,0,0,1,0,1,3,0,0,,,,0.0,0.0,0.0,0.0,0.0,0
361,4,1,2012,0,0,0,0,0,0,0,4,0,0,1.48,1.48,0.0,61.0,75.0,56.0,62.285714285714285,14.078765578403488,48
1691,4,9,2015,0,0,0,0,0,1,1,4,0,0,1.58,1.58,0.0,1.0,0.0,0.8571428571428571,0.8214285714285714,0.9833266074561436,1
181,6,7,2011,0,0,0,0,0,0,0,6,0,0,,,,0.0,0.0,0.0,0.0,0.0,0
691,5,12,2012,0,0,0,0,0,0,0,5,0,0,,,,0.0,0.0,0.0,0.0,0.0,0
1394,1,11,2014,0,0,0,0,0,0,0,1,1,0,1.68,1.68,0.0,84.0,73.0,60.57142857142857,68.07142857142857,16.60193779726745,58
1693,6,9,2015,0,0,0,0,0,0,0,6,0,0,4.68,4.68,0.0,0.0,0.0,0.0,0.35714285714285715,1.026114054532952,0
1743,7,11,2015,0,0,0,0,1,1,1,7,1,0,7.67,7.67,0.0,0.0,0.0,0.5714285714285714,0.5,0.8388704928078604,1
590,2,9,2012,0,0,0,0,1,1,1,2,0,0,1.67,1.67,0.0,0.0,0.0,0.0,0.21428571428571427,0.5681120688308975,1
1604,1,6,2015,0,0,0,0,0,0,0,1,1,0,1.98,1.98,0.0,7.0,3.0,3.7142857142857144,4.142857142857143,2.785069793849654,6
479,3,5,2012,0,0,0,0,0,0,0,3,0,0,4.67,4.67,0.0,2.0,3.0,1.7142857142857142,1.5714285714285714,1.4511444124621458,2
102,4,5,2011,0,0,0,0,1,0,0,4,0,0,,,,0.0,0.0,0.0,0.0,0.0,0
1348,4,10,2014,0,0,0,0,1,1,0,4,0,0,2.88,2.88,0.0,0.0,2.0,0.42857142857142855,0.32142857142857145,0.5479640045336454,0
321,6,12,2011,0,0,0,0,0,1,1,6,0,0,6.98,5.98,1.0,0.0,0.0,0.14285714285714285,0.03571428571428571,0.18898223650461363,0
768,5,3,2013,0,0,0,0,1,1,1,5,0,0,6.97,6.97,0.0,0.0,0.0,0.0,0.0,0.0,0
763,7,3,2013,0,0,0,0,1,1,0,7,1,0,,,,0.0,0.0,0.0,0.0,0.0,0
1355,4,10,2014,0,0,0,0,0,0,1,4,0,0,14.26,14.26,0.0,0.0,0.0,0.0,0.07142857142857142,0.26226526415648094,2
517,6,6,2012,0,0,0,0,0,0,0,6,0,0,2.08,2.08,0.0,0.0,0.0,0.0,0.14285714285714285,0.35634832254989923,0
200,4,8,2011,0,0,0,0,0,0,0,4,0,0,1.0,1.0,0.0,0.0,2.0,2.142857142857143,2.0,3.231786571610885,0
131,5,6,2011,0,0,0,0,1,0,1,5,0,0,,,,0.0,0.0,0.0,0.0,0.0,0
1319,3,9,2014,0,0,0,0,1,0,1,3,0,0,7.98,7.98,0.0,0.0,0.0,0.14285714285714285,0.03571428571428571,0.1889822365046137,0
1749,6,11,2015,0,0,0,0,0,1,1,6,0,0,2.96,2.96,0.0,0.0,0.0,0.0,0.25,0.518187725171596,0
759,3,2,2013,0,0,0,0,0,0,0,3,0,0,,,,0.0,0.0,0.0,0.0,0.0,0
1651,6,8,2015,0,0,0,0,1,1,1,6,0,0,2.98,2.98,0.0,7.0,2.0,4.0,3.9285714285714284,2.3082552562579224,2
693,7,12,2012,0,0,0,0,0,0,0,7,1,0,7.97,7.97,0.0,0.0,0.0,2.2857142857142856,0.6785714285714286,1.2781227967601392,1
781,4,3,2013,0,0,0,0,0,0,0,4,0,0,,,,0.0,0.0,0.0,0.0,0.0,0
1174,5,4,2014,0,0,0,0,0,0,0,5,0,0,6.98,6.98,0.0,3.0,1.0,2.857142857142857,2.7857142857142856,1.792104966691461,1
326,4,12,2011,0,0,0,0,0,0,0,4,0,0,,,,0.0,0.0,0.0,0.0,0.0,0
1797,5,12,2015,0,0,0,0,0,0,0,5,0,0,3.42,3.42,0.0,3.0,0.0,2.0,3.107142857142857,2.2499265126153194,2
293,6,11,2011,0,0,0,0,0,0,0,6,0,0,,,,0.0,0.0,0.0,0.0,0.0,0
688,2,12,2012,26,4,0,0,0,0,0,2,0,1,,,,0.0,0.0,0.0,0.0,0.0,0
575,1,8,2012,0,0,0,0,0,0,0,1,1,0,5.64,5.64,0.0,1.0,3.0,0.2857142857142857,1.0357142857142858,1.0357370915204889,0
645,1,11,2012,0,0,0,0,1,1,1,1,1,0,,,,0.0,0.0,0.0,0.0,0.0,0
475,6,5,2012,0,0,0,0,0,0,0,6,0,0,6.97,6.97,0.0,0.0,0.0,0.0,0.07142857142857142,0.26226526415648116,0
205,2,8,2011,0,0,0,0,0,0,0,2,0,0,,,,0.0,0.0,0.0,0.0,0.0,0
1175,6,4,2014,0,0,0,0,0,0,0,6,0,0,3.97,3.97,0.0,1.0,2.0,1.4285714285714286,1.8571428571428572,1.8601928556785365,2
447,6,4,2012,0,0,0,0,0,0,0,6,0,0,6.48,6.48,0.0,0.0,0.0,0.0,0.0,0.0,0
1778,7,12,2015,0,0,0,0,0,1,1,7,1,0,4.97,4.97,0.0,1.0,1.0,0.14285714285714285,0.17857142857142858,0.39002102778748027,0
746,4,2,2013,0,0,0,0,0,1,1,4,0,0,2.77,2.77,0.0,1.0,1.0,0.2857142857142857,0.42857142857142855,0.7417981870189158,0
644,7,11,2012,0,0,0,0,1,0,1,7,1,0,2.08,2.08,0.0,0.0,0.0,0.0,0.07142857142857142,0.26226526415648116,0
576,2,8,2012,0,0,0,0,0,0,0,2,0,0,6.97,6.97,0.0,1.0,0.0,0.7142857142857143,0.5714285714285714,0.6341264874742273,0
1402,2,11,2014,0,0,0,0,0,0,0,2,0,0,9.97,9.97,0.0,0.0,0.0,0.0,0.0,0.0,0
1000,6,10,2013,0,0,0,0,0,0,0,6,0,0,,,,0.0,0.0,0.0,0.0,0.0,0
1386,7,11,2014,0,0,0,0,0,0,1,7,1,0,3.33,3.33,0.0,0.0,0.0,0.0,0.0,0.0,0
929,5,8,2013,0,0,0,0,0,0,1,5,0,0,3.98,3.98,0.0,0.0,0.0,0.0,0.0,0.0,0
1602,6,6,2015,17,4,0,0,0,0,0,6,0,1,2.5,2.5,0.0,0.0,0.0,0.0,0.0,0.0,0
121,2,5,2011,0,0,0,0,0,0,0,2,0,0,5.97,5.97,0.0,0.0,2.0,2.0,1.2857142857142858,1.410467294699877,0
35,7,3,2011,0,0,0,0,1,0,0,7,1,0,1.54,1.54,0.0,3.0,0.0,1.1428571428571428,0.8928571428571429,1.0659471779799345,0
505,1,6,2012,0,0,0,0,0,0,0,1,1,0,,,,0.0,0.0,0.0,0.0,0.0,0
1004,3,10,2013,0,0,0,0,0,0,0,3,0,0,3.33,3.33,0.0,1.0,1.0,0.42857142857142855,0.4642857142857143,0.5762035942360841,2
467,5,5,2012,0,0,0,0,1,1,1,5,0,0,,,,0.0,0.0,0.0,0.0,0.0,0
585,4,9,2012,0,0,0,0,1,0,0,4,0,0,7.67,7.67,0.0,1.0,0.0,0.5714285714285714,0.4642857142857143,0.6372477195601849,0
269,3,10,2011,0,0,0,0,0,0,0,3,0,0,4.48,4.48,0.0,6.0,1.0,3.857142857142857,2.75,1.7559422921421168,5
1668,2,8,2015,0,0,0,0,0,0,0,2,0,0,2.68,2.68,0.0,1.0,0.0,0.7142857142857143,0.75,0.7993052538854654,0
1174,5,4,2014,0,0,0,0,0,0,0,5,0,0,,,,0.0,0.0,0.0,0.0,0.0,0
38,3,3,2011,0,0,0,0,1,1,0,3,0,0,3.98,3.98,0.0,0.0,0.0,0.5714285714285714,1.1071428571428572,1.8922705490198355,0
1549,2,4,2015,0,0,0,0,0,0,0,2,0,0,2.88,2.88,0.0,1.0,0.0,0.14285714285714285,0.14285714285714285,0.35634832254989923,0
1542,2,4,2015,0,0,0,0,0,0,0,2,0,0,1.98,1.98,0.0,0.0,2.0,0.0,0.2857142857142857,0.6586823467062559,0
1305,3,8,2014,0,0,0,0,0,0,0,3,0,0,3.33,3.33,0.0,0.0,1.0,0.8571428571428571,1.3214285714285714,1.362284884236812,1
163,2,7,2011,0,0,0,0,1,0,0,2,0,0,5.98,5.98,0.0,0.0,0.0,1.1428571428571428,0.7142857142857143,0.8967902788460654,0
627,4,10,2012,0,0,0,0,0,0,0,4,0,0,,,,0.0,0.0,0.0,0.0,0.0,0
514,3,6,2012,0,0,0,0,0,0,0,3,0,0,2.88,2.88,0.0,2.0,3.0,0.7142857142857143,1.2142857142857142,1.5952973218098068,0
92,1,4,2011,0,0,0,0,0,0,0,1,1,0,,,,0.0,0.0,0.0,0.0,0.0,0
1285,4,8,2014,0,0,0,0,1,1,1,4,0,0,3.48,3.48,0.0,0.0,0.0,1.7142857142857142,0.8928571428571429,0.8751417118804253,0
1505,7,3,2015,0,0,0,0,0,1,0,7,1,0,14.26,14.26,0.0,1.0,2.0,0.5714285714285714,0.5,0.6938886664887106,1
640,3,10,2012,0,0,0,0,0,0,0,3,0,0,,,,0.0,0.0,0.0,0.0,0.0,0
63,7,4,2011,0,0,0,0,1,1,0,7,1,0,,,,0.0,0.0,0.0,0.0,0.0,0
472,3,5,2012,0,0,0,0,0,0,1,3,0,0,2.24,2.24,0.0,0.0,0.0,0.0,0.0,0.0,0
402,3,3,2012,0,0,0,0,1,1,1,3,0,0,1.97,1.97,0.0,0.0,2.0,0.42857142857142855,0.5357142857142857,0.9222413461394477,2
1249,3,6,2014,0,0,0,0,0,0,0,3,0,0,1.78,1.78,0.0,4.0,3.0,0.7142857142857143,2.8214285714285716,2.524745259296208,0
1660,1,8,2015,0,0,0,0,0,1,1,1,1,0,7.94,7.94,0.0,0.0,0.0,0.0,0.07142857142857142,0.26226526415648127,0
193,4,8,2011,0,0,0,0,1,1,1,4,0,0,2.47,2.47,0.0,0.0,0.0,0.0,0.0,0.0,0
1079,1,1,2014,0,0,0,0,0,1,1,1,1,0,2.42,2.42,0.0,3.0,9.0,3.142857142857143,3.75,2.770546142175925,0
1369,4,10,2014,0,0,0,0,0,0,0,4,0,0,,,,0.0,0.0,0.0,0.0,0.0,0
117,5,5,2011,0,0,0,0,0,0,0,5,0,0,,,,0.0,0.0,0.0,0.0,0.0,0
1239,7,6,2014,0,0,0,0,0,0,0,7,1,0,4.97,4.97,0.0,0.0,0.0,0.2857142857142857,0.14285714285714285,0.3563483225498993,0
1195,5,5,2014,0,0,0,0,1,1,0,5,0,0,0.46,0.46,0.0,2.0,4.0,1.5714285714285714,3.4285714285714284,8.917018981320355,4
717,3,1,2013,0,0,0,0,0,0,1,3,0,0,1.0,1.0,0.0,0.0,0.0,2.5714285714285716,2.9642857142857144,4.630671840362012,11
773,3,3,2013,0,0,0,0,0,1,1,3,0,0,0.94,0.94,0.0,19.0,1.0,13.571428571428571,16.5,9.701088140570143,6
857,3,6,2013,0,0,0,0,1,1,1,3,0,0,3.38,3.38,0.0,0.0,0.0,0.5714285714285714,0.39285714285714285,0.566946709513839,0
1414,7,12,2014,0,0,0,0,0,1,1,7,1,0,4.97,4.97,0.0,0.0,0.0,0.0,0.0,0.0,0
1740,4,11,2015,0,0,0,0,1,1,1,4,0,0,2.88,2.88,0.0,1.0,1.0,1.0,1.0,0.860662965823874,0
260,1,10,2011,0,0,0,0,0,1,1,1,1,0,,,,0.0,0.0,0.0,0.0,0.0,0
1125,5,2,2014,0,0,0,0,0,0,0,5,0,0,1.98,1.98,0.0,0.0,0.0,0.0,0.0,0.0,0
620,4,10,2012,0,0,0,0,1,1,1,4,0,0,2.5,2.5,0.0,1.0,3.0,0.8571428571428571,1.4285714285714286,1.6650786085007434,0
1529,3,4,2015,0,0,0,0,1,1,1,3,0,0,2.98,2.98,0.0,2.0,1.0,1.5714285714285714,1.8571428571428572,1.3530291315000689,1
1046,3,12,2013,0,0,0,0,1,1,1,3,0,0,1.88,1.88,0.0,1.0,0.0,0.42857142857142855,0.42857142857142855,0.5727497953228158,0
1175,6,4,2014,0,0,0,0,0,0,0,6,0,0,1.74,1.74,0.0,0.0,0.0,0.0,0.0,0.0,0
964,5,9,2013,0,0,0,0,0,0,0,5,0,0,8.47,8.47,0.0,1.0,0.0,0.5714285714285714,0.2857142857142857,0.4600437062282362,0
365,1,1,2012,0,0,0,0,0,0,0,1,1,0,2.73,2.73,0.0,0.0,0.0,0.0,0.17857142857142858,0.6118321864193026,0
1341,4,9,2014,0,0,0,0,0,0,0,4,0,0,23.98,23.98,0.0,1.0,0.0,0.5714285714285714,0.4642857142857143,0.6929348671835832,0
67,4,4,2011,0,0,0,0,1,1,1,4,0,0,2.98,2.98,0.0,1.0,1.0,0.8571428571428571,0.7142857142857143,0.8544932592822075,1
701,1,12,2012,0,0,0,0,0,0,0,1,1,0,1.98,1.98,0.0,9.0,5.0,2.5714285714285716,4.035714285714286,3.382768347540473,4
522,4,7,2012,0,0,0,0,1,1,1,4,0,0,2.98,2.98,0.0,5.0,4.0,4.0,3.6785714285714284,2.1782352936973997,2
1263,3,7,2014,0,0,0,0,0,0,1,3,0,0,0.46,0.46,0.0,0.0,6.0,2.2857142857142856,4.357142857142857,5.6647989452360195,0
259,7,10,2011,0,0,0,0,0,0,1,7,1,0,,,,0.0,0.0,0.0,0.0,0.0,0
482,6,5,2012,0,0,0,0,0,0,0,6,0,0,,,,0.0,0.0,0.0,0.0,0.0,0
1113,7,2,2014,2,2,0,0,0,0,1,7,1,1,2.5,2.5,0.0,0.0,0.0,0.8571428571428571,1.0714285714285714,1.7197883467659503,2
527,2,7,2012,0,0,0,0,1,0,1,2,0,0,3.98,3.98,0.0,0.0,0.0,0.14285714285714285,0.5714285714285714,0.7417981870189163,1
1282,1,8,2014,0,0,0,0,1,0,1,1,1,0,,,,0.0,0.0,0.0,0.0,0.0,0
1535,2,4,2015,8,4,0,0,0,1,1,2,0,1,3.98,3.98,0.0,1.0,4.0,1.1428571428571428,1.6071428571428572,1.7070504280838206,1
1644,6,7,2015,0,0,0,0,0,0,0,6,0,0,0.98,0.98,0.0,2.0,4.0,1.5714285714285714,1.8571428571428572,1.5083541610418538,0
543,4,7,2012,0,0,0,0,0,0,0,4,0,0,,,,0.0,0.0,0.0,0.0,0.0,0
1676,3,8,2015,0,0,0,0,0,0,0,3,0,0,1.98,1.98,0.0,1.0,5.0,0.7142857142857143,0.7857142857142857,1.2279806626883458,0
382,4,2,2012,2,2,0,0,0,0,1,4,0,1,,,,0.0,0.0,0.0,0.0,0.0,0
525,7,7,2012,0,0,0,0,1,1,1,7,1,0,2.48,2.48,0.0,2.0,6.0,2.2857142857142856,2.6785714285714284,2.597057757291699,3
1294,6,8,2014,0,0,0,0,0,0,1,6,0,0,2.98,2.98,0.0,0.0,0.0,0.5714285714285714,0.6071428571428571,0.8317445171439017,1
733,5,1,2013,0,0,0,0,0,0,0,5,0,0,6.97,6.97,0.0,0.0,0.0,0.0,0.0,0.0,1
936,5,8,2013,0,0,0,0,0,0,0,5,0,0,5.47,5.47,0.0,0.0,1.0,0.2857142857142857,0.39285714285714285,0.566946709513841,0
638,1,10,2012,0,0,0,0,0,0,0,1,1,0,,,,0.0,0.0,0.0,0.0,0.0,0
1403,3,12,2014,0,0,0,0,1,1,0,3,0,0,4.5,4.5,0.0,0.0,0.0,0.0,0.14285714285714285,0.4483951394230329,0
641,4,10,2012,0,0,0,0,0,0,0,4,0,0,1.74,1.74,0.0,0.0,0.0,0.0,0.0,0.0,0
16,2,2,2011,0,0,0,0,0,1,0,2,0,0,2.97,2.97,0.0,4.0,,4.142857142857143,,,8
258,6,10,2011,0,0,0,0,0,1,0,6,0,0,,,,0.0,0.0,0.0,0.0,0.0,0
1340,3,9,2014,0,0,0,0,0,0,0,3,0,0,3.48,3.48,0.0,2.0,0.0,1.2857142857142858,0.9642857142857143,1.3188699668344754,0
1452,3,1,2015,29,3,0,0,0,0,0,3,0,1,6.97,6.97,0.0,0.0,1.0,0.0,0.25,0.5853140973807073,1
955,3,9,2013,0,0,0,0,1,1,1,3,0,0,5.97,5.97,0.0,2.0,0.0,1.0,1.3571428571428572,1.0615950861718089,0
1602,6,6,2015,17,4,0,0,0,0,0,6,0,1,5.28,5.28,0.0,2.0,0.0,0.7142857142857143,0.42857142857142855,0.6900655593423541,1
268,2,10,2011,0,0,0,0,0,0,0,2,0,0,4.88,4.88,0.0,0.0,1.0,0.7142857142857143,0.6785714285714286,0.8189230248533255,1
1664,5,8,2015,0,0,0,0,0,0,0,5,0,0,2.98,2.98,0.0,0.0,0.0,0.2857142857142857,0.14285714285714285,0.5245305283129621,0
1783,5,12,2015,0,0,0,0,0,0,0,5,0,0,4.48,4.48,0.0,0.0,0.0,0.8571428571428571,0.9285714285714286,1.1198072396480798,1
1726,4,10,2015,0,0,0,0,0,0,0,4,0,0,4.97,4.97,0.0,0.0,0.0,0.0,0.14285714285714285,0.35634832254989923,0
1603,7,6,2015,0,0,0,0,0,0,0,7,1,0,11.97,11.97,0.0,0.0,0.0,0.0,0.10714285714285714,0.31497039417435607,0
1519,7,3,2015,0,0,0,0,0,0,0,7,1,0,,,,0.0,0.0,0.0,0.0,0.0,0
375,4,2,2012,0,0,0,0,1,1,0,4,0,0,,,,0.0,0.0,0.0,0.0,0.0,0
1276,2,7,2014,0,0,0,0,0,0,0,2,0,0,5.98,5.98,0.0,1.0,4.0,1.5714285714285714,1.0357142857142858,1.3466595945123134,1
1145,4,3,2014,0,0,0,0,0,0,0,4,0,0,3.88,3.88,0.0,5.0,3.0,1.8571428571428572,1.5,1.5515822270854391,2
285,5,11,2011,0,0,0,0,1,1,1,5,0,0,1.38,1.38,0.0,0.0,0.0,0.14285714285714285,0.2857142857142857,0.46004370622824065,1
516,5,6,2012,0,0,0,0,0,0,0,5,0,0,3.98,3.98,0.0,1.0,0.0,1.8571428571428572,1.5357142857142858,1.4005856673692665,0
1760,3,11,2015,0,0,0,0,0,0,0,3,0,0,2.24,2.24,0.0,1.0,0.0,0.2857142857142857,0.32142857142857145,0.5479640045336464,0
1652,7,8,2015,0,0,0,0,1,1,0,7,1,0,1.88,1.88,0.0,1.0,1.0,1.4285714285714286,1.5357142857142858,1.5511559096637133,4
1728,6,10,2015,0,0,0,0,0,0,0,6,0,0,4.98,4.98,0.0,0.0,0.0,0.0,0.03571428571428571,0.18898223650461354,0
1009,1,11,2013,0,0,0,0,1,0,1,1,1,0,2.94,2.94,0.0,0.0,0.0,1.0,0.8571428571428571,1.2387055882620104,1
1448,6,1,2015,0,0,0,0,0,1,1,6,0,0,0.97,0.97,0.0,0.0,1.0,0.42857142857142855,0.8571428571428571,1.2682529749484568,2
1035,6,11,2013,24,3,0,0,0,0,0,6,0,1,7.94,7.94,0.0,0.0,0.0,0.14285714285714285,0.03571428571428571,0.188982236504614,0
1737,1,10,2015,21,2,0,0,0,0,0,1,1,1,7.97,7.97,0.0,7.0,5.0,4.142857142857143,3.1785714285714284,2.1266139218219164,0
520,2,7,2012,0,0,0,0,1,1,0,2,0,0,2.5,2.5,0.0,6.0,0.0,1.2857142857142858,1.0714285714285714,1.7623337101185188,4
11,4,2,2011,0,0,0,0,1,0,1,4,0,0,,,,0.0,,0.0,,,0
851,4,5,2013,0,0,0,0,0,0,0,4,0,0,0.46,0.46,0.0,0.0,0.0,3.857142857142857,6.75,9.539877318878853,4
564,4,8,2012,0,0,0,0,0,0,1,4,0,0,,,,0.0,0.0,0.0,0.0,0.0,0
1039,3,12,2013,0,0,0,0,1,0,1,3,0,0,10.97,10.97,0.0,0.0,0.0,0.0,0.0,0.0,0
131,5,6,2011,0,0,0,0,1,0,1,5,0,0,3.24,3.24,0.0,0.0,0.0,0.0,0.21428571428571427,0.49867549436206376,1
791,7,3,2013,0,0,0,0,0,0,0,7,1,0,6.97,6.97,0.0,0.0,0.0,0.0,0.0,0.0,0
1583,1,5,2015,0,0,0,0,0,0,0,1,1,0,2.88,2.88,0.0,1.0,0.0,1.5714285714285714,0.6428571428571429,1.4456649300398376,0
165,4,7,2011,0,0,0,0,0,1,1,4,0,0,11.97,11.97,0.0,0.0,1.0,0.14285714285714285,0.07142857142857142,0.26226526415648094,0
1591,2,6,2015,0,0,0,0,1,1,0,2,0,0,7.97,7.97,0.0,0.0,0.0,1.0,0.8928571428571429,1.1333099904225385,2
1144,3,3,2014,6,2,0,0,0,0,0,3,0,1,6.97,6.97,0.0,1.0,1.0,1.1428571428571428,0.75,0.9279607271383377,0
1207,3,5,2014,0,0,0,0,0,0,0,3,0,0,3.98,3.98,0.0,0.0,1.0,1.1428571428571428,1.0714285714285714,1.1198072396480827,2
807,2,4,2013,0,0,0,0,0,0,1,2,0,0,1.0,1.0,0.0,0.0,0.0,0.0,0.0,0.0,0
1154,6,3,2014,0,0,0,0,0,0,0,6,0,0,,,,0.0,0.0,0.0,0.0,0.0,0
1140,6,3,2014,0,0,0,0,0,1,0,6,0,0,1.48,1.48,0.0,0.0,0.0,0.0,0.0,0.0,0
1197,7,5,2014,0,0,0,0,1,1,1,7,1,0,3.48,3.48,0.0,0.0,0.0,1.0,0.25,0.7005289007176853,4
67,4,4,2011,0,0,0,0,1,1,1,4,0,0,9.88,9.88,0.0,0.0,1.0,0.7142857142857143,0.6785714285714286,0.722832465019919,0
1498,7,3,2015,0,0,0,0,1,1,1,7,1,0,4.78,4.78,0.0,0.0,0.0,0.8571428571428571,0.21428571428571427,0.6299407883487119,0
402,3,3,2012,0,0,0,0,1,1,1,3,0,0,,,,0.0,0.0,0.0,0.0,0.0,0
1479,2,2,2015,0,0,0,0,0,1,1,2,0,0,7.97,7.97,0.0,1.0,0.0,0.42857142857142855,0.32142857142857145,0.5479640045336462,1
1587,5,6,2015,0,0,0,0,1,1,1,5,0,0,2.98,2.98,0.0,2.0,3.0,3.4285714285714284,3.6785714285714284,2.126613921821912,5
1055,5,12,2013,0,0,0,0,0,0,0,5,0,0,0.88,0.88,0.0,0.0,0.0,0.0,0.0,0.0,0
631,1,10,2012,0,0,0,0,0,0,0,1,1,0,2.96,2.96,0.0,0.0,0.0,0.0,0.0,0.0,0
287,7,11,2011,23,3,0,0,0,1,1,7,1,1,,,,0.0,0.0,0.0,0.0,0.0,0
1247,1,6,2014,0,0,0,0,0,0,0,1,1,0,2.87,2.87,0.0,2.0,1.0,1.8571428571428572,1.75,1.4813657362192645,3
585,4,9,2012,0,0,0,0,1,0,0,4,0,0,4.88,4.88,0.0,1.0,0.0,0.8571428571428571,0.35714285714285715,1.0261140545329506,0
40,5,3,2011,4,4,0,0,1,1,1,5,0,1,2.98,2.98,0.0,12.0,8.0,9.142857142857142,7.964285714285714,3.4692526984516827,10
492,2,6,2012,0,0,0,0,1,1,1,2,0,0,,,,0.0,0.0,0.0,0.0,0.0,0
984,4,10,2013,0,0,0,0,1,0,1,4,0,0,2.68,2.68,0.0,1.0,1.0,1.5714285714285714,1.6785714285714286,1.5882338532114124,0
1193,3,5,2014,10,2,0,0,1,1,1,3,0,1,,,,0.0,0.0,0.0,0.0,0.0,0
57,1,3,2011,0,0,0,0,0,0,0,1,1,0,,,,0.0,0.0,0.0,0.0,0.0,0
1318,2,9,2014,0,0,0,0,1,1,0,2,0,0,1.68,1.68,0.0,10.0,2.0,6.428571428571429,5.678571428571429,2.8028235952018274,2
53,4,3,2011,0,0,0,0,0,0,0,4,0,0,,,,0.0,0.0,0.0,0.0,0.0,0
397,5,2,2012,5,4,0,0,0,0,0,5,0,1,,,,0.0,0.0,0.0,0.0,0.0,0
732,4,1,2013,0,0,0,0,0,0,0,4,0,0,6.97,6.97,0.0,1.0,0.0,0.5714285714285714,0.17857142857142858,0.47559486560566955,0
152,5,6,2011,0,0,0,0,0,0,0,5,0,0,,,,0.0,0.0,0.0,0.0,0.0,0
1527,1,4,2015,0,0,0,0,1,0,0,1,1,0,8.97,8.97,0.0,0.0,0.0,0.42857142857142855,0.5,0.74535599249993,0
1304,2,8,2014,0,0,0,0,0,0,0,2,0,0,,,,0.0,0.0,0.0,0.0,0.0,0
1626,2,7,2015,0,0,0,0,0,1,1,2,0,0,2.0,2.0,0.0,2.0,1.0,2.0,2.0357142857142856,2.1513500129702026,2
1375,3,11,2014,0,0,0,0,1,1,1,3,0,0,5.24,5.24,0.0,0.0,2.0,0.5714285714285714,0.6785714285714286,0.8189230248533264,2
1509,4,3,2015,6,2,0,0,0,0,0,4,0,1,2.98,2.98,0.0,0.0,0.0,0.14285714285714285,0.42857142857142855,0.6341264874742285,0
612,3,10,2012,0,0,0,0,1,1,0,3,0,0,2.47,2.47,0.0,3.0,2.0,1.1428571428571428,1.7142857142857142,1.5836465855538948,1
1774,3,12,2015,0,0,0,0,1,1,0,3,0,0,2.88,2.88,0.0,2.0,0.0,0.42857142857142855,0.2857142857142857,0.5345224838248477,0
1199,2,5,2014,11,2,0,0,0,1,1,2,0,1,2.82,2.82,0.0,2.0,2.0,0.42857142857142855,1.6428571428571428,1.8300837000548245,2
309,1,12,2011,0,0,0,0,1,1,1,1,1,0,3.12,3.12,0.0,1.0,0.0,1.8571428571428572,2.5,2.516611478423584,2
1800,1,1,2016,0,0,0,0,1,0,1,1,1,0,1.0,1.0,0.0,2.0,3.0,1.7142857142857142,1.0357142857142858,1.2614554456142517,1
862,1,6,2013,0,0,0,0,1,0,1,1,1,0,5.97,5.97,0.0,1.0,2.0,0.8571428571428571,0.7857142857142857,1.0665674557036444,1
1546,6,4,2015,0,0,0,0,0,0,0,6,0,0,4.68,4.68,0.0,0.0,0.0,0.14285714285714285,0.25,0.44095855184409966,0
739,4,2,2013,0,0,0,0,1,1,1,4,0,0,3.94,3.94,0.0,1.0,1.0,1.1428571428571428,1.4285714285714286,1.4511444124621475,2
855,1,6,2013,0,0,0,0,1,1,0,1,1,0,5.27,5.27,0.0,1.0,0.0,0.7142857142857143,0.4642857142857143,0.576203594236084,0
474,5,5,2012,0,0,0,0,0,0,0,5,0,0,2.24,2.24,0.0,0.0,1.0,0.7142857142857143,1.0,1.122167215373567,1
310,2,12,2011,0,0,0,0,1,0,0,2,0,0,,,,0.0,0.0,0.0,0.0,0.0,0
393,1,2,2012,0,0,0,0,0,0,0,1,1,0,2.18,2.18,0.0,0.0,1.0,0.42857142857142855,0.17857142857142858,0.6118321864193041,0
220,3,9,2011,19,3,0,0,1,1,1,3,0,1,,,,0.0,0.0,0.0,0.0,0.0,0
1851,3,2,2016,0,0,0,0,0,0,0,3,0,0,9.97,9.97,0.0,2.0,1.0,1.5714285714285714,1.5,0.8388704928078601,0
1564,3,5,2015,0,0,0,0,0,1,1,3,0,0,2.82,2.82,0.0,0.0,2.0,0.0,0.5714285714285714,0.9594972228385849,0
568,1,8,2012,0,0,0,0,0,0,0,1,1,0,2.97,2.97,0.0,0.0,0.0,0.0,0.03571428571428571,0.1889822365046136,0
525,7,7,2012,0,0,0,0,1,1,1,7,1,0,2.48,2.48,0.0,10.0,20.0,17.0,15.178571428571429,5.04096971438784,9
1798,6,12,2015,0,0,0,0,0,0,0,6,0,0,0.94,0.94,0.0,0.0,0.0,0.0,0.0,0.0,0
1160,5,4,2014,0,0,0,0,1,0,1,5,0,0,3.98,3.98,0.0,0.0,0.0,0.0,0.0,0.0,0
1106,7,2,2014,0,0,0,0,1,1,0,7,1,0,8.98,8.98,0.0,2.0,1.0,1.0,0.6428571428571429,1.1292175499576134,0
538,6,7,2012,0,0,0,0,0,0,0,6,0,0,,,,0.0,0.0,0.0,0.0,0.0,0
1405,5,12,2014,0,0,0,0,1,1,1,5,0,0,1.48,1.48,0.0,0.0,0.0,0.0,0.0,0.0,0
1568,7,5,2015,0,0,0,0,0,1,1,7,1,0,4.88,4.88,0.0,1.0,0.0,0.5714285714285714,0.75,1.0408329997330639,0
1694,7,9,2015,0,0,0,0,0,0,0,7,1,0,5.98,5.98,0.0,0.0,0.0,0.0,0.0,0.0,0
1037,1,11,2013,0,0,0,0,0,0,0,1,1,0,1.97,1.97,0.0,0.0,1.0,0.14285714285714285,0.21428571428571427,0.6299407883487119,0
153,6,6,2011,0,0,0,0,0,0,0,6,0,0,,,,0.0,0.0,0.0,0.0,0.0,0
1565,4,5,2015,0,0,0,0,0,1,1,4,0,0,2.24,2.24,0.0,0.0,1.0,1.0,0.75,0.9670497325294006,1
250,5,10,2011,0,0,0,0,1,1,1,5,0,0,,,,0.0,0.0,0.0,0.0,0.0,0
371,7,2,2012,0,0,0,0,1,1,1,7,1,0,9.47,9.47,0.0,0.0,0.0,0.42857142857142855,0.7857142857142857,0.6862211530545167,0
1141,7,3,2014,0,0,0,0,0,0,1,7,1,0,3.87,3.87,0.0,1.0,2.0,0.8571428571428571,0.8928571428571429,0.8317445171439012,0
1600,4,6,2015,14,1,0,0,0,0,0,4,0,1,4.97,4.97,0.0,0.0,0.0,0.0,0.07142857142857142,0.26226526415648105,0
162,1,7,2011,0,0,0,0,1,1,1,1,1,0,,,,0.0,0.0,0.0,0.0,0.0,0
1322,6,9,2014,0,0,0,0,0,1,1,6,0,0,3.97,3.97,0.0,2.0,0.0,0.42857142857142855,0.32142857142857145,0.6696362433535828,0
787,3,3,2013,0,0,0,0,0,0,0,3,0,0,4.68,4.68,0.0,0.0,0.0,0.0,0.03571428571428571,0.18898223650461535,0
1058,1,12,2013,0,0,0,0,0,0,0,1,1,0,,,,0.0,0.0,0.0,0.0,0.0,0
109,4,5,2011,0,0,0,0,0,0,0,4,0,0,,,,0.0,0.0,0.0,0.0,0.0,0
552,6,8,2012,0,0,0,0,1,0,1,6,0,0,,,,0.0,0.0,0.0,0.0,0.0,0
1411,4,12,2014,0,0,0,0,1,1,1,4,0,0,4.5,4.5,0.0,0.0,0.0,0.42857142857142855,0.25,0.5181877251716008,0
1759,2,11,2015,0,0,0,0,0,0,0,2,0,0,1.88,1.88,0.0,2.0,0.0,0.42857142857142855,0.25,0.5853140973807073,1
87,3,4,2011,0,0,0,0,0,0,0,3,0,0,,,,0.0,0.0,0.0,0.0,0.0,0
895,6,7,2013,0,0,0,0,0,1,1,6,0,0,1.48,1.48,0.0,0.0,0.0,0.0,0.8571428571428571,1.5327120894696253,0
730,2,1,2013,0,0,0,0,0,0,0,2,0,0,3.68,3.68,0.0,2.0,0.0,1.7142857142857142,1.3214285714285714,1.4920423841803123,0
1807,1,1,2016,0,0,0,0,1,1,1,1,1,0,1.68,1.68,0.0,54.0,100.0,56.142857142857146,67.46428571428571,22.807539596235685,69
256,4,10,2011,0,0,0,0,0,1,1,4,0,0,2.97,2.97,0.0,0.0,0.0,0.0,0.10714285714285714,0.3149703941743558,0
413,7,3,2012,0,0,0,0,0,0,0,7,1,0,,,,0.0,0.0,0.0,0.0,0.0,0
1284,3,8,2014,0,0,0,0,1,0,0,3,0,0,0.94,0.94,0.0,24.0,17.0,46.57142857142857,31.428571428571427,19.336069866536945,42
1623,6,7,2015,0,0,0,0,1,1,1,6,0,0,2.5,2.5,0.0,0.0,0.0,0.5714285714285714,0.42857142857142855,0.5727497953227104,0
1492,1,2,2015,0,0,0,0,0,0,0,1,1,0,2.97,2.97,0.0,0.0,0.0,0.0,0.0,0.0,0
1248,2,6,2014,17,4,0,0,0,0,0,2,0,1,1.98,1.98,0.0,1.0,5.0,1.4285714285714286,1.2142857142857142,1.3153549825650528,2
1849,1,2,2016,0,0,0,0,0,0,0,1,1,0,7.98,7.98,0.0,3.0,0.0,0.8571428571428571,1.1785714285714286,1.1239339452243244,2
671,6,11,2012,0,0,0,0,0,0,0,6,0,0,,,,0.0,0.0,0.0,0.0,0.0,0
1095,3,1,2014,0,0,0,0,0,0,0,3,0,0,1.74,1.74,0.0,1.0,0.0,0.7142857142857143,0.8571428571428571,1.556688929516888,0
1450,1,1,2015,0,0,0,0,0,0,0,1,1,0,2.5,2.5,0.0,0.0,1.0,0.2857142857142857,0.5,0.9622504486493756,0
784,7,3,2013,0,0,0,0,0,0,0,7,1,0,,,,0.0,0.0,0.0,0.0,0.0,0
820,1,4,2013,0,0,0,0,0,0,0,1,1,0,,,,0.0,0.0,0.0,0.0,0.0,0
1491,7,2,2015,0,0,0,0,0,0,0,7,1,0,9.98,9.98,0.0,0.0,0.0,0.0,0.0,0.0,0
929,5,8,2013,0,0,0,0,0,0,1,5,0,0,5.98,5.98,0.0,1.0,0.0,0.8571428571428571,1.0,1.21716123890037,3
1063,6,12,2013,0,0,0,0,0,0,0,6,0,0,7.47,7.47,0.0,0.0,0.0,0.0,0.0,0.0,0
760,4,2,2013,0,0,0,0,0,0,0,4,0,0,,,,0.0,0.0,0.0,0.0,0.0,0
1217,6,5,2014,0,0,0,0,0,0,0,6,0,0,6.87,6.87,0.0,0.0,0.0,0.5714285714285714,0.6428571428571429,0.7800420555749586,1
264,5,10,2011,0,0,0,0,0,0,0,5,0,0,,,,0.0,0.0,0.0,0.0,0.0,0
452,4,4,2012,0,0,0,0,0,0,0,4,0,0,,,,0.0,0.0,0.0,0.0,0.0,0
1569,1,5,2015,0,0,0,0,0,0,0,1,1,0,2.0,2.0,0.0,4.0,3.0,1.7142857142857142,1.7857142857142858,1.5719094983170816,2
730,2,1,2013,0,0,0,0,0,0,0,2,0,0,9.88,9.88,0.0,2.0,1.0,1.2857142857142858,1.3214285714285714,1.3892063129334606,1
1441,6,1,2015,0,0,0,0,1,0,1,6,0,0,17.88,17.88,0.0,6.0,1.0,3.142857142857143,3.142857142857143,2.239614479296166,7
664,6,11,2012,24,3,0,0,0,0,0,6,0,1,,,,0.0,0.0,0.0,0.0,0.0,0
1200,3,5,2014,0,0,0,0,0,1,1,3,0,0,,,,0.0,0.0,0.0,0.0,0.0,0
16,2,2,2011,0,0,0,0,0,1,0,2,0,0,7.67,7.67,0.0,1.0,,1.1428571428571428,,,2
1369,4,10,2014,0,0,0,0,0,0,0,4,0,0,,,,0.0,0.0,0.0,0.0,0.0,0
1388,2,11,2014,0,0,0,0,0,0,0,2,0,0,4.66,4.66,0.0,0.0,3.0,0.0,0.5,0.8388704928078591,2
1213,2,5,2014,0,0,0,0,0,0,0,2,0,0,,,,0.0,0.0,0.0,0.0,0.0,0
1165,3,4,2014,0,0,0,0,1,1,0,3,0,0,2.08,2.08,0.0,0.0,1.0,0.42857142857142855,0.5714285714285714,0.8789122666607698,0
1590,1,6,2015,0,0,0,0,1,1,1,1,1,0,2.18,2.18,0.0,0.0,0.0,0.5714285714285714,0.7142857142857143,1.4364860122855574,0
57,1,3,2011,0,0,0,0,0,0,0,1,1,0,2.5,2.5,0.0,1.0,4.0,1.0,1.0714285714285714,1.0862293403762302,1
330,1,12,2011,0,0,0,0,0,0,0,1,1,0,2.97,2.97,0.0,3.0,1.0,1.5714285714285714,2.857142857142857,1.9760470401187071,0
436,2,4,2012,30,2,0,0,1,0,1,2,0,1,4.67,4.67,0.0,7.0,0.0,1.8571428571428572,1.5714285714285714,1.4764464703788556,1
708,1,1,2013,0,0,0,0,1,1,1,1,1,0,1.0,1.0,0.0,8.0,10.0,11.571428571428571,9.178571428571429,7.463757227943116,4
312,4,12,2011,0,0,0,0,1,1,1,4,0,0,,,,0.0,0.0,0.0,0.0,0.0,0
550,4,7,2012,0,0,0,0,0,0,0,4,0,0,2.97,2.97,0.0,0.0,0.0,0.0,0.03571428571428571,0.18898223650461393,0
315,7,12,2011,0,0,0,0,1,1,1,7,1,0,,,,0.0,0.0,0.0,0.0,0.0,0
1065,1,12,2013,0,0,0,0,0,0,0,1,1,0,2.38,2.38,0.0,0.0,0.0,0.0,0.0,0.0,0
359,2,1,2012,0,0,0,0,0,0,0,2,0,0,4.97,4.97,0.0,0.0,0.0,0.0,0.0,0.0,0
123,4,5,2011,13,1,0,0,0,0,0,4,0,1,1.0,1.0,0.0,22.0,7.0,10.571428571428571,10.892857142857142,8.999338600035854,17
180,5,7,2011,0,0,0,0,0,0,0,5,0,0,,,,0.0,0.0,0.0,0.0,0.0,0
1073,2,1,2014,0,0,0,0,1,1,1,2,0,0,3.38,3.38,0.0,0.0,0.0,1.1428571428571428,0.35714285714285715,0.8698354767504983,5
1713,5,10,2015,0,0,0,0,1,1,0,5,0,0,4.97,4.97,0.0,0.0,0.0,0.14285714285714285,0.14285714285714285,0.35634832254989923,0
867,6,6,2013,0,0,0,0,0,1,0,6,0,0,2.68,2.68,0.0,0.0,0.0,0.0,0.0,0.0,0
1207,3,5,2014,0,0,0,0,0,0,0,3,0,0,3.94,3.94,0.0,0.0,1.0,1.0,1.6785714285714286,2.5100327787231294,1
161,7,7,2011,0,0,0,0,1,0,1,7,1,0,,,,0.0,0.0,0.0,0.0,0.0,0
1126,6,2,2014,0,0,0,0,0,0,0,6,0,0,0.98,0.98,0.0,1.0,0.0,1.1428571428571428,1.3571428571428572,1.8300837000548233,0
1322,6,9,2014,0,0,0,0,0,1,1,6,0,0,2.73,2.73,0.0,0.0,0.0,0.2857142857142857,0.17857142857142858,0.47559486560567077,2
312,4,12,2011,0,0,0,0,1,1,1,4,0,0,2.18,2.18,0.0,1.0,1.0,0.2857142857142857,0.39285714285714285,0.5669467095138416,1
440,6,4,2012,0,0,0,0,0,1,1,6,0,0,,,,0.0,0.0,0.0,0.0,0.0,0
910,7,7,2013,0,0,0,0,0,0,0,7,1,0,5.22,5.22,0.0,0.0,0.0,0.2857142857142857,0.39285714285714285,0.6852566815265059,0
463,1,5,2012,10,2,0,0,1,1,1,1,1,1,2.88,2.88,0.0,3.0,4.0,3.4285714285714284,2.4285714285714284,2.0444789507094923,2
183,1,7,2011,0,0,0,0,0,0,0,1,1,0,,,,0.0,0.0,0.0,0.0,0.0,0
1240,1,6,2014,0,0,0,0,0,0,0,1,1,0,2.88,2.88,0.0,1.0,0.0,0.42857142857142855,0.17857142857142858,0.3900210277874798,2
927,3,8,2013,0,0,0,0,0,1,1,3,0,0,4.98,4.98,0.0,0.0,1.0,0.0,0.14285714285714285,0.3563483225498991,0
623,7,10,2012,0,0,0,0,0,1,1,7,1,0,2.0,2.0,0.0,12.0,5.0,8.0,7.071428571428571,3.484660262185845,7
981,1,10,2013,0,0,0,0,1,1,1,1,1,0,,,,0.0,0.0,0.0,0.0,0.0,0
1055,5,12,2013,0,0,0,0,0,0,0,5,0,0,,,,0.0,0.0,0.0,0.0,0.0,0
212,2,8,2011,0,0,0,0,0,0,0,2,0,0,,,,0.0,0.0,0.0,0.0,0.0,0
861,7,6,2013,0,0,0,0,1,1,0,7,1,0,,,,0.0,0.0,0.0,0.0,0.0,0
1438,3,1,2015,0,0,0,0,1,1,1,3,0,0,8.96,8.96,0.0,0.0,1.0,0.2857142857142857,0.35714285714285715,0.7800420555749604,1
839,6,5,2013,0,0,0,0,0,0,0,6,0,0,3.28,3.28,0.0,0.0,6.0,0.0,3.0357142857142856,3.8052803747107418,0
1576,1,5,2015,0,0,0,0,0,0,0,1,1,0,2.88,2.88,0.0,0.0,4.0,1.5714285714285714,1.7142857142857142,1.7817416127494865,5
616,7,10,2012,0,0,0,0,1,1,1,7,1,0,2.0,2.0,0.0,3.0,0.0,1.1428571428571428,0.8928571428571429,1.1001442906807553,2
1285,4,8,2014,0,0,0,0,1,1,1,4,0,0,,,,0.0,0.0,0.0,0.0,0.0,0
1147,6,3,2014,0,0,0,0,0,0,0,6,0,0,2.5,2.5,0.0,1.0,0.0,0.8571428571428571,0.6071428571428571,1.100144290680755,0
445,4,4,2012,0,0,0,0,0,0,0,4,0,0,,,,0.0,0.0,0.0,0.0,0.0,0
851,4,5,2013,0,0,0,0,0,0,0,4,0,0,4.48,4.48,0.0,0.0,0.0,0.2857142857142857,0.14285714285714285,0.3563483225498991,0
1820,7,1,2016,0,0,0,0,0,0,0,7,1,0,1.96,1.96,0.0,3.0,0.0,3.7142857142857144,3.5357142857142856,2.6455013227509987,0
1202,5,5,2014,0,0,0,0,0,0,1,5,0,0,6.06,6.06,0.0,0.0,0.0,0.0,0.0,0.0,2
1799,7,1,2016,27,3,0,0,1,1,0,7,1,1,4.98,4.98,0.0,0.0,0.0,0.5714285714285714,0.42857142857142855,0.6341264874742283,0
1537,4,4,2015,0,0,0,0,0,0,1,4,0,0,2.5,2.5,0.0,0.0,1.0,0.2857142857142857,0.17857142857142858,0.39002102778747993,0
449,1,4,2012,0,0,0,0,0,0,0,1,1,0,,,,0.0,0.0,0.0,0.0,0.0,0
70,7,4,2011,0,0,0,0,1,0,1,7,1,0,,,,0.0,0.0,0.0,0.0,0.0,0
898,2,7,2013,0,0,0,0,0,0,1,2,0,0,,,,0.0,0.0,0.0,0.0,0.0,0
1525,6,4,2015,0,0,0,0,1,0,1,6,0,0,1.0,1.0,0.0,0.0,0.0,1.2857142857142858,1.0,1.3052600138300359,4
114,2,5,2011,0,0,0,0,0,0,0,2,0,0,7.67,7.67,0.0,0.0,0.0,0.0,0.32142857142857145,0.7228324650199192,0
1049,6,12,2013,0,0,0,0,0,1,1,6,0,0,2.88,2.88,0.0,3.0,1.0,2.142857142857143,2.107142857142857,1.7070504280838175,5
1192,2,5,2014,0,0,0,0,1,0,0,2,0,0,5.5,5.5,0.0,0.0,0.0,0.0,0.0,0.0,0
1836,2,2,2016,1,1,0,0,1,1,0,2,0,1,3.98,3.33,0.6499999999999999,1.0,2.0,2.0,2.3214285714285716,2.037674263005824,4
13,6,2,2011,0,0,0,0,1,0,0,6,0,0,,,,0.0,,0.0,,,0
1700,6,9,2015,22,4,0,0,0,0,0,6,0,1,2.5,2.5,0.0,0.0,0.0,0.5714285714285714,0.5357142857142857,1.1049431980420854,0
1191,1,5,2014,0,0,0,0,1,1,1,1,1,0,5.98,5.98,0.0,0.0,0.0,0.0,0.0,0.0,0
1786,1,12,2015,0,0,0,0,0,0,0,1,1,0,2.24,2.24,0.0,1.0,1.0,1.0,0.5357142857142857,0.7444681351359534,0
942,4,8,2013,0,0,0,0,0,0,0,4,0,0,2.42,2.42,0.0,4.0,0.0,3.2857142857142856,5.142857142857143,3.668830530334896,5
409,3,3,2012,0,0,0,0,0,1,1,3,0,0,6.87,6.87,0.0,2.0,0.0,0.42857142857142855,0.35714285714285715,0.5587211398983507,0
1534,1,4,2015,9,4,0,0,0,1,1,1,1,1,9.46,9.46,0.0,1.0,0.0,0.14285714285714285,0.9642857142857143,0.9993384054849729,0
1274,7,7,2014,0,0,0,0,0,0,0,7,1,0,4.97,4.97,0.0,2.0,0.0,0.42857142857142855,0.17857142857142858,0.4755948656056712,0
664,6,11,2012,24,3,0,0,0,0,0,6,0,1,1.78,1.78,0.0,3.0,9.0,4.142857142857143,4.285714285714286,2.6367367999823115,4
840,7,5,2013,0,0,0,0,0,0,0,7,1,0,1.38,1.38,0.0,2.0,2.0,1.1428571428571428,1.0,1.4907119849998596,0
1744,1,11,2015,0,0,0,0,1,1,0,1,1,0,4.87,4.87,0.0,0.0,0.0,0.5714285714285714,0.42857142857142855,0.7417981870189143,4
1749,6,11,2015,0,0,0,0,0,1,1,6,0,0,18.73,18.73,0.0,0.0,3.0,3.7142857142857144,3.0357142857142856,2.531024428188054,0
625,2,10,2012,0,0,0,0,0,0,1,2,0,0,1.98,1.98,0.0,8.0,3.0,2.7142857142857144,2.25,1.8383769008638051,5
944,6,8,2013,0,0,0,0,0,0,0,6,0,0,2.5,2.5,0.0,0.0,0.0,0.0,0.0,0.0,0
949,4,9,2013,0,0,0,0,1,1,1,4,0,0,2.5,2.88,-0.3799999999999999,0.0,0.0,0.0,0.17857142857142858,0.6696362433535793,0
222,5,9,2011,0,0,0,0,1,1,0,5,0,0,3.88,3.88,0.0,1.0,0.0,1.1428571428571428,0.75,0.8871510790372954,1
398,6,3,2012,0,0,0,0,1,1,0,6,0,0,,,,0.0,0.0,0.0,0.0,0.0,0
1766,2,11,2015,0,0,0,0,0,0,0,2,0,0,2.68,2.68,0.0,0.0,0.0,0.0,0.0,0.0,0
1711,3,10,2015,0,0,0,0,1,1,1,3,0,0,4.97,4.97,0.0,0.0,0.0,0.0,0.07142857142857142,0.2622652641564815,0
36,1,3,2011,0,0,0,0,1,1,1,1,1,0,1.0,1.0,0.0,2.0,9.0,3.857142857142857,4.642857142857143,3.401680257083045,3
985,5,10,2013,0,0,0,0,1,1,1,5,0,0,2.38,2.38,0.0,0.0,0.0,0.0,0.0,0.0,0
1079,1,1,2014,0,0,0,0,0,1,1,1,1,0,2.22,2.22,0.0,1.0,1.0,0.42857142857142855,0.35714285714285715,0.5587211398983505,0
113,1,5,2011,0,0,0,0,0,0,0,1,1,0,,,,0.0,0.0,0.0,0.0,0.0,0
362,5,1,2012,0,0,0,0,0,0,0,5,0,0,,,,0.0,0.0,0.0,0.0,0.0,0
4,4,2,2011,0,0,0,0,1,1,0,4,0,0,2.98,,,,,,,,6
1068,4,12,2013,0,0,0,0,0,0,0,4,0,0,3.98,3.98,0.0,0.0,0.0,0.2857142857142857,0.42857142857142855,0.6341264874742277,1
307,6,12,2011,0,0,0,0,1,1,0,6,0,0,,,,0.0,0.0,0.0,0.0,0.0,0
740,5,2,2013,0,0,0,0,1,1,1,5,0,0,3.87,3.87,0.0,0.0,4.0,0.8571428571428571,1.0357142857142858,1.2013000012993018,1
532,7,7,2012,0,0,0,0,0,1,0,7,1,0,2.88,2.88,0.0,0.0,1.0,0.0,0.35714285714285715,0.7800420555749559,0
632,2,10,2012,0,0,0,0,0,0,0,2,0,0,6.97,6.97,0.0,0.0,1.0,0.42857142857142855,0.4642857142857143,1.0357370915204898,0
1540,7,4,2015,0,0,0,0,0,0,0,7,1,0,3.97,3.97,0.0,0.0,0.0,0.0,0.0,0.0,0
1812,6,1,2016,0,0,0,0,0,0,1,6,0,0,3.67,3.67,0.0,1.0,2.0,1.1428571428571428,0.8571428571428571,0.8034317926884875,0
553,7,8,2012,0,0,0,0,1,1,1,7,1,0,2.97,,,0.0,0.0,0.0,0.0,0.0,1
197,1,8,2011,0,0,0,0,0,1,0,1,1,0,14.27,14.27,0.0,0.0,0.0,0.14285714285714285,0.14285714285714285,0.356348322549899,0
1173,4,4,2014,0,0,0,0,0,1,1,4,0,0,7.97,7.97,0.0,1.0,2.0,3.0,3.5,1.4529663145135605,2
1051,1,12,2013,0,0,0,0,0,0,1,1,1,0,5.5,5.5,0.0,0.0,0.0,0.0,0.0,0.0,0
1674,1,8,2015,0,0,0,0,0,0,0,1,1,0,4.88,4.88,0.0,0.0,2.0,0.8571428571428571,1.1071428571428572,0.9940297973880037,0
1232,7,6,2014,0,0,0,0,0,1,0,7,1,0,3.98,3.98,0.0,4.0,0.0,0.8571428571428571,0.6428571428571429,0.9893613995077734,2
676,4,12,2012,0,0,0,0,1,0,0,4,0,0,6.97,6.97,0.0,0.0,0.0,0.14285714285714285,0.10714285714285714,0.314970394174356,1
652,1,11,2012,0,0,0,0,1,0,0,1,1,0,4.66,4.66,0.0,0.0,0.0,0.8571428571428571,0.7857142857142857,1.0665674557036406,0
1076,5,1,2014,0,0,0,0,1,0,1,5,0,0,1.5,1.5,0.0,0.0,1.0,2.4285714285714284,1.6071428571428572,1.749905515211997,3
229,5,9,2011,0,0,0,0,0,0,1,5,0,0,1.48,1.48,0.0,62.0,67.0,74.57142857142857,73.32142857142857,15.3792875898881,57
1635,4,7,2015,0,0,0,0,0,0,0,4,0,0,2.82,2.82,0.0,0.0,0.0,0.0,0.2857142857142857,0.6586823467062358,0
813,1,4,2013,0,0,0,0,0,0,0,1,1,0,3.32,3.32,0.0,0.0,1.0,0.0,1.25,1.6471074533748422,0
1462,6,1,2015,0,0,0,0,0,0,0,6,0,0,7.94,7.94,0.0,0.0,0.0,0.0,0.0,0.0,0
1653,1,8,2015,0,0,0,0,1,0,1,1,1,0,0.78,0.78,0.0,0.0,0.0,0.2857142857142857,0.17857142857142858,0.5479640045336457,0
1199,2,5,2014,11,2,0,0,0,1,1,2,0,1,0.93,0.93,0.0,5.0,3.0,1.0,1.6071428571428572,2.5289331041968386,0
1311,2,8,2014,0,0,0,0,0,0,0,2,0,0,2.97,2.97,0.0,0.0,0.0,0.7142857142857143,0.6785714285714286,0.8189230248533284,0
1513,1,3,2015,0,0,0,0,0,0,0,1,1,0,4.97,4.97,0.0,0.0,0.0,0.0,0.0,0.0,0
1083,5,1,2014,0,0,0,0,0,1,1,5,0,0,,,,0.0,0.0,0.0,0.0,0.0,0
1482,5,2,2015,4,4,0,0,0,0,0,5,0,1,2.98,2.98,0.0,0.0,0.0,0.14285714285714285,0.5714285714285714,1.0690449676496976,0
1444,2,1,2015,0,0,0,0,0,1,1,2,0,0,2.78,2.78,0.0,3.0,7.0,2.7142857142857144,2.9642857142857144,2.8347335475692,4
1260,7,7,2014,0,0,0,0,0,1,1,7,1,0,1.98,1.98,0.0,4.0,2.0,2.7142857142857144,2.607142857142857,1.9690058727652715,2
212,2,8,2011,0,0,0,0,0,0,0,2,0,0,,,,0.0,0.0,0.0,0.0,0.0,0
360,3,1,2012,0,0,0,0,0,0,0,3,0,0,5.64,5.47,0.16999999999999993,0.0,0.0,0.0,0.0,0.0,0
1733,4,10,2015,0,0,0,0,0,0,0,4,0,0,1.38,1.38,0.0,1.0,1.0,1.8571428571428572,2.0714285714285716,1.998676810969944,4
1769,5,12,2015,0,0,0,0,1,0,1,5,0,0,2.0,2.0,0.0,0.0,1.0,0.42857142857142855,0.5,0.6938886664887141,0
473,4,5,2012,0,0,0,0,0,1,1,4,0,0,7.47,7.47,0.0,0.0,0.0,0.0,0.03571428571428571,0.1889822365046136,0
1643,5,7,2015,0,0,0,0,0,0,0,5,0,0,2.88,2.88,0.0,0.0,2.0,0.0,0.32142857142857145,0.8629652337776961,0
1465,2,2,2015,1,1,0,0,1,1,0,2,0,1,1.98,1.98,0.0,0.0,3.0,0.42857142857142855,0.42857142857142855,1.0338196500275436,0
1546,6,4,2015,0,0,0,0,0,0,0,6,0,0,,,,0.0,0.0,0.0,0.0,0.0,0
963,4,9,2013,0,0,0,0,0,0,0,4,0,0,14.97,14.97,0.0,1.0,3.0,1.2857142857142858,1.1428571428571428,1.112697280528374,0
354,4,1,2012,0,0,0,0,0,0,0,4,0,0,0.93,0.93,0.0,6.0,2.0,3.857142857142857,3.857142857142857,2.3992944289131675,6
788,4,3,2013,0,0,0,0,0,0,0,4,0,0,,,,0.0,0.0,0.0,0.0,0.0,0
633,3,10,2012,0,0,0,0,0,0,0,3,0,0,6.97,6.97,0.0,1.0,2.0,0.5714285714285714,1.0,0.9813067629253168,0
1192,2,5,2014,0,0,0,0,1,0,0,2,0,0,1.0,1.0,0.0,5.0,4.0,1.8571428571428572,1.9285714285714286,1.8038758976072227,2
498,1,6,2012,0,0,0,0,1,1,1,1,1,0,2.0,2.0,0.0,5.0,8.0,10.285714285714286,7.071428571428571,3.1379230147600543,12
1514,2,3,2015,0,0,0,0,0,0,0,2,0,0,5.64,5.64,0.0,1.0,0.0,0.2857142857142857,0.35714285714285715,0.6784669927988095,0
1183,7,4,2014,0,0,0,0,0,0,0,7,1,0,1.88,1.88,0.0,1.0,0.0,0.5714285714285714,0.6785714285714286,1.2187902754164626,0
1717,2,10,2015,0,0,0,0,0,1,1,2,0,0,2.78,2.78,0.0,0.0,0.0,0.42857142857142855,0.5,0.962250448649376,2
1203,6,5,2014,0,0,0,0,0,1,1,6,0,0,5.96,5.96,0.0,0.0,2.0,1.1428571428571428,1.75,1.07582870727984,0
717,3,1,2013,0,0,0,0,0,0,1,3,0,0,5.34,5.34,0.0,0.0,0.0,0.8571428571428571,0.39285714285714285,0.8751417118804335,0
658,7,11,2012,0,0,0,0,0,0,0,7,1,0,2.82,2.82,0.0,0.0,3.0,1.1428571428571428,2.107142857142857,1.7499055152119842,2
643,6,11,2012,0,0,0,0,1,1,0,6,0,0,1.74,1.74,0.0,0.0,0.0,0.0,0.0,0.0,0
1725,3,10,2015,0,0,0,0,0,0,0,3,0,0,5.97,5.97,0.0,0.0,1.0,1.0,0.9642857142857143,0.8811668550592631,1
1618,1,7,2015,16,3,0,0,1,0,0,1,1,1,3.48,3.48,0.0,1.0,2.0,0.5714285714285714,1.0,1.0540925533894523,0
1684,4,9,2015,0,0,0,0,1,0,1,4,0,0,2.96,2.96,0.0,1.0,4.0,3.2857142857142856,2.9642857142857144,2.134064854739144,1
1503,5,3,2015,0,0,0,0,0,1,1,5,0,0,1.0,1.0,0.0,5.0,21.0,10.0,8.142857142857142,6.2994078834871265,11
1556,2,5,2015,0,0,0,0,1,1,1,2,0,0,,,,0.0,0.0,0.0,0.0,0.0,0
1310,1,8,2014,0,0,0,0,0,0,0,1,1,0,2.97,2.97,0.0,0.0,0.0,0.0,0.0,0.0,0
836,3,5,2013,0,0,0,0,0,1,0,3,0,0,4.97,4.97,0.0,0.0,0.0,0.0,0.03571428571428571,0.1889822365046138,0
275,2,10,2011,0,0,0,0,0,0,0,2,0,0,,,,0.0,0.0,0.0,0.0,0.0,0
1129,2,3,2014,0,0,0,0,1,0,1,2,0,0,7.5,7.5,0.0,0.0,0.0,0.0,0.0,0.0,0
260,1,10,2011,0,0,0,0,0,1,1,1,1,0,9.88,9.88,0.0,0.0,0.0,0.0,0.17857142857142858,0.4755948656056673,0
235,4,9,2011,0,0,0,0,0,0,0,4,0,0,,,,0.0,0.0,0.0,0.0,0.0,0
604,2,9,2012,0,0,0,0,0,0,0,2,0,0,6.97,6.97,0.0,0.0,0.0,0.14285714285714285,0.4642857142857143,1.070899340192811,1
846,6,5,2013,0,0,0,0,0,0,0,6,0,0,1.74,1.74,0.0,2.0,1.0,0.8571428571428571,1.2142857142857142,0.8325393042503734,2
534,2,7,2012,0,0,0,0,0,1,1,2,0,0,1.98,1.98,0.0,1.0,0.0,0.5714285714285714,0.6785714285714286,1.090483121902141,4
1310,1,8,2014,0,0,0,0,0,0,0,1,1,0,4.97,4.97,0.0,3.0,0.0,1.1428571428571428,1.2857142857142858,1.410467294699876,2
916,6,8,2013,0,0,0,0,1,1,0,6,0,0,6.97,6.97,0.0,0.0,0.0,0.7142857142857143,0.7142857142857143,0.896790278846066,1
1425,4,12,2014,0,0,0,0,0,0,0,4,0,0,2.98,2.98,0.0,1.0,0.0,0.5714285714285714,0.8571428571428571,0.9704632614370026,1
585,4,9,2012,0,0,0,0,1,0,0,4,0,0,5.98,5.98,0.0,0.0,0.0,0.14285714285714285,0.25,0.5181877251716009,1
960,1,9,2013,0,0,0,0,0,0,1,1,1,0,5.5,5.5,0.0,0.0,0.0,0.0,0.0,0.0,0
1385,6,11,2014,0,0,0,0,0,1,0,6,0,0,3.32,3.32,0.0,1.0,0.0,0.7142857142857143,0.8214285714285714,1.055973183882698,0
254,2,10,2011,0,0,0,0,1,1,1,2,0,0,,,,0.0,0.0,0.0,0.0,0.0,0
650,6,11,2012,0,0,0,0,1,0,1,6,0,0,3.98,3.98,0.0,1.0,0.0,1.2857142857142858,1.0357142857142858,1.03573709152049,1
1154,6,3,2014,0,0,0,0,0,0,0,6,0,0,,,,0.0,0.0,0.0,0.0,0.0,0
1644,6,7,2015,0,0,0,0,0,0,0,6,0,0,3.24,3.24,0.0,0.0,0.0,0.2857142857142857,0.14285714285714285,0.3563483225498983,1
1563,2,5,2015,11,2,0,0,1,0,0,2,0,1,4.66,4.66,0.0,6.0,0.0,1.5714285714285714,1.2142857142857142,1.8126539343499306,6
1698,4,9,2015,0,0,0,0,0,0,0,4,0,0,2.98,2.98,0.0,1.0,2.0,1.2857142857142858,1.1071428571428572,1.1333099904225385,0
1422,1,12,2014,0,0,0,0,0,0,0,1,1,0,7.98,7.98,0.0,1.0,0.0,0.2857142857142857,0.14285714285714285,0.4483951394230329,0
1810,4,1,2016,0,0,0,0,0,1,1,4,0,0,2.5,2.5,0.0,1.0,0.0,0.5714285714285714,0.5357142857142857,0.6929348671835832,0
667,2,11,2012,0,0,0,0,0,0,0,2,0,0,2.5,2.5,0.0,0.0,0.0,0.0,0.0,0.0,0
58,2,3,2011,0,0,0,0,0,0,0,2,0,0,,,,0.0,0.0,0.0,0.0,0.0,0
172,4,7,2011,0,0,0,0,0,0,0,4,0,0,1.98,1.98,0.0,0.0,0.0,0.0,0.0,0.0,0
732,4,1,2013,0,0,0,0,0,0,0,4,0,0,,,,0.0,0.0,0.0,0.0,0.0,0
311,3,12,2011,0,0,0,0,1,1,1,3,0,0,2.98,2.98,0.0,0.0,0.0,0.5714285714285714,0.32142857142857145,0.722832465019919,0
1320,4,9,2014,0,0,0,0,1,1,1,4,0,0,2.5,2.5,0.0,0.0,0.0,0.2857142857142857,0.5357142857142857,1.1049431980420863,1
312,4,12,2011,0,0,0,0,1,1,1,4,0,0,2.5,2.5,0.0,1.0,0.0,0.7142857142857143,0.8214285714285714,1.0904831219021403,0
1219,1,5,2014,0,0,0,0,0,0,0,1,1,0,1.0,1.0,0.0,1.0,6.0,2.0,2.2857142857142856,1.9023794624226633,1
836,3,5,2013,0,0,0,0,0,1,0,3,0,0,2.5,2.5,0.0,0.0,2.0,0.0,0.6428571428571429,1.2827714704898323,0
961,2,9,2013,0,0,0,0,0,1,1,2,0,0,2.78,2.78,0.0,4.0,4.0,4.142857142857143,5.071428571428571,3.3546934664687673,4
719,5,1,2013,0,0,0,0,0,0,0,5,0,0,2.97,2.97,0.0,0.0,0.0,0.0,0.0,0.0,0
355,5,1,2012,0,0,0,0,0,0,0,5,0,0,4.88,4.88,0.0,1.0,0.0,1.0,0.9285714285714286,0.7663560447348132,0
1836,2,2,2016,1,1,0,0,1,1,0,2,0,1,7.48,7.48,0.0,0.0,1.0,0.14285714285714285,0.17857142857142858,0.3900210277874891,0
1537,4,4,2015,0,0,0,0,0,0,1,4,0,0,2.0,2.0,0.0,10.0,2.0,4.857142857142857,3.892857142857143,2.615329250772632,2
1831,4,2,2016,0,0,0,0,1,0,1,4,0,0,4.47,4.47,0.0,0.0,2.0,0.7142857142857143,0.9285714285714286,1.0515798142890096,0
1418,4,12,2014,0,0,0,0,0,0,0,4,0,0,1.98,1.98,0.0,3.0,3.0,4.0,3.3214285714285716,2.261654121451678,5
213,3,8,2011,0,0,0,0,0,0,0,3,0,0,1.98,1.98,0.0,7.0,1.0,2.5714285714285716,3.2857142857142856,2.719710535484501,3
679,7,12,2012,0,0,0,0,1,1,0,7,1,0,5.67,5.67,0.0,0.0,0.0,0.0,0.0,0.0,0
1146,5,3,2014,0,0,0,0,0,0,0,5,0,0,5.88,5.88,0.0,0.0,0.0,0.14285714285714285,0.03571428571428571,0.18898223650461363,0
114,2,5,2011,0,0,0,0,0,0,0,2,0,0,7.97,7.97,0.0,1.0,0.0,0.7142857142857143,0.39285714285714285,0.6288900106557948,0
868,7,6,2013,0,0,0,0,0,0,1,7,1,0,1.47,1.47,0.0,0.0,0.0,0.0,0.0,0.0,0
396,4,2,2012,0,0,0,0,0,0,0,4,0,0,6.48,5.98,0.5,0.0,1.0,0.7142857142857143,1.6428571428571428,1.5205818991982356,0
293,6,11,2011,0,0,0,0,0,0,0,6,0,0,8.48,8.48,0.0,0.0,0.0,0.0,0.25,0.7993052538854534,0
835,2,5,2013,11,2,0,0,0,1,1,2,0,1,2.98,2.98,0.0,2.0,11.0,5.571428571428571,4.142857142857143,4.160789505871369,1
1788,3,12,2015,0,0,0,0,0,0,0,3,0,0,4.47,4.47,0.0,0.0,1.0,0.42857142857142855,0.6071428571428571,0.6288900106557966,0
1739,3,11,2015,0,0,0,0,1,0,1,3,0,0,6.98,6.98,0.0,0.0,0.0,0.42857142857142855,0.9285714285714286,1.1524071884721696,1
1050,7,12,2013,0,0,0,0,0,1,0,7,1,0,,,,0.0,0.0,0.0,0.0,0.0,0
628,5,10,2012,0,0,0,0,0,0,0,5,0,0,2.68,2.68,0.0,0.0,0.0,0.7142857142857143,0.21428571428571427,0.568112068830898,0
779,2,3,2013,6,2,0,0,0,0,0,2,0,1,,,,0.0,0.0,0.0,0.0,0.0,0
1363,5,10,2014,0,0,0,0,0,0,0,5,0,0,2.98,2.98,0.0,0.0,0.0,0.2857142857142857,0.17857142857142858,0.39002102778747977,0
719,5,1,2013,0,0,0,0,0,0,0,5,0,0,,,,0.0,0.0,0.0,0.0,0.0,0
11,4,2,2011,0,0,0,0,1,0,1,4,0,0,,,,0.0,,0.0,,,0
398,6,3,2012,0,0,0,0,1,1,0,6,0,0,,,,0.0,0.0,0.0,0.0,0.0,0
626,3,10,2012,0,0,0,0,0,1,1,3,0,0,2.5,2.5,0.0,1.0,1.0,1.4285714285714286,1.3928571428571428,1.617938462279968,1
1062,5,12,2013,25,3,0,0,0,0,0,5,0,1,9.24,9.24,0.0,1.0,1.0,1.7142857142857142,1.4642857142857142,1.3466595945123114,0
1657,5,8,2015,0,0,0,0,0,1,1,5,0,0,3.48,3.48,0.0,1.0,2.0,1.4285714285714286,1.4285714285714286,1.2301331282538075,2
10,3,2,2011,0,0,0,0,1,1,0,3,0,0,1.0,1.0,0.0,3.0,,6.571428571428571,,,6
1493,2,3,2015,0,0,0,0,1,1,0,2,0,0,2.5,2.5,0.0,0.0,1.0,0.5714285714285714,0.6428571428571429,0.8698354767504922,2
602,7,9,2012,0,0,0,0,0,0,0,7,1,0,,,,0.0,0.0,0.0,0.0,0.0,0
1813,7,1,2016,0,0,0,0,0,1,1,7,1,0,1.97,1.97,0.0,0.0,0.0,0.0,0.03571428571428571,0.18898223650461424,0
276,3,10,2011,21,2,0,0,0,0,0,3,0,1,,,,0.0,0.0,0.0,0.0,0.0,0
1455,6,1,2015,0,0,0,0,0,0,0,6,0,0,5.96,5.96,0.0,1.0,0.0,1.5714285714285714,1.5357142857142858,1.1049431980420878,0
1009,1,11,2013,0,0,0,0,1,0,1,1,1,0,,,,0.0,0.0,0.0,0.0,0.0,0
441,7,4,2012,0,0,0,0,0,1,0,7,1,0,,,,0.0,0.0,0.0,0.0,0.0,0
1545,5,4,2015,0,0,0,0,0,0,0,5,0,0,2.96,2.96,0.0,0.0,1.0,2.142857142857143,1.8571428571428572,1.4584183648679585,1
913,3,7,2013,0,0,0,0,0,0,0,3,0,0,2.78,2.78,0.0,1.0,0.0,0.8571428571428571,0.6428571428571429,0.7310208850583778,1
1190,7,5,2014,0,0,0,0,1,0,1,7,1,0,2.98,2.98,0.0,3.0,1.0,1.1428571428571428,0.8214285714285714,1.1564175661505611,0
1425,4,12,2014,0,0,0,0,0,0,0,4,0,0,5.98,5.98,0.0,2.0,0.0,0.2857142857142857,0.6785714285714286,0.9833266074561506,0
1446,4,1,2015,0,0,0,0,0,1,0,4,0,0,5.22,5.22,0.0,1.0,0.0,1.0,0.42857142857142855,0.7901510136288024,2
1773,2,12,2015,0,0,0,0,1,1,1,2,0,0,2.88,2.88,0.0,0.0,1.0,1.1428571428571428,0.5714285714285714,1.0690449676496978,2
1054,4,12,2013,0,0,0,0,0,0,0,4,0,0,3.33,3.33,0.0,4.0,1.0,1.8571428571428572,1.7142857142857142,1.3293591565847411,0
638,1,10,2012,0,0,0,0,0,0,0,1,1,0,2.77,2.77,0.0,3.0,0.0,1.4285714285714286,0.9642857142857143,1.261455445614248,1
278,5,11,2011,0,0,0,0,1,0,1,5,0,0,2.82,2.82,0.0,0.0,0.0,0.14285714285714285,0.03571428571428571,0.18898223650466375,0
1346,2,10,2014,0,0,0,0,1,1,1,2,0,0,2.98,2.98,0.0,1.0,0.0,0.7142857142857143,0.42857142857142855,0.6341264874742283,0
1457,1,1,2015,0,0,0,0,0,0,0,1,1,0,2.0,2.0,0.0,0.0,0.0,0.5714285714285714,0.6428571428571429,1.1292175499576147,0
1012,4,11,2013,0,0,0,0,1,1,1,4,0,0,9.24,9.24,0.0,0.0,2.0,1.1428571428571428,1.25,1.1097213530798984,1
1459,3,1,2015,0,0,0,0,0,0,0,3,0,0,1.74,1.74,0.0,0.0,0.0,0.5714285714285714,0.6428571428571429,0.6784669927988072,0
1177,1,4,2014,0,0,0,0,0,0,0,1,1,0,2.94,2.94,0.0,2.0,0.0,0.42857142857142855,0.5357142857142857,0.6929348671835827,1
772,2,3,2013,0,0,0,0,1,0,0,2,0,0,1.48,1.48,0.0,0.0,1.0,0.2857142857142857,0.42857142857142855,0.6900655593423404,0
457,2,4,2012,0,0,0,0,0,0,0,2,0,0,,,,0.0,0.0,0.0,0.0,0.0,0
310,2,12,2011,0,0,0,0,1,0,0,2,0,0,,,,0.0,0.0,0.0,0.0,0.0,0
1264,4,7,2014,0,0,0,0,0,1,1,4,0,0,2.5,3.28,-0.7799999999999998,0.0,0.0,0.0,0.0,0.0,0
727,6,1,2013,0,0,0,0,0,0,0,6,0,0,2.22,,,0.0,0.0,0.0,0.0,0.0,0
1044,1,12,2013,0,0,0,0,1,1,0,1,1,0,2.98,2.98,0.0,0.0,0.0,0.2857142857142857,0.21428571428571427,0.5681120688308973,0
354,4,1,2012,0,0,0,0,0,0,0,4,0,0,0.5,0.5,0.0,1.0,1.0,5.857142857142857,4.464285714285714,4.131918600692821,6
532,7,7,2012,0,0,0,0,0,1,0,7,1,0,4.97,4.97,0.0,0.0,0.0,0.2857142857142857,0.25,0.5181877251716009,0
1536,3,4,2015,0,0,0,0,0,1,0,3,0,0,7.88,7.88,0.0,0.0,0.0,0.7142857142857143,0.5357142857142857,0.6929348671835827,0
679,7,12,2012,0,0,0,0,1,1,0,7,1,0,3.38,3.38,0.0,0.0,1.0,0.5714285714285714,0.5,0.7453559924999287,1
660,2,11,2012,0,0,0,0,0,0,0,2,0,0,,,,0.0,0.0,0.0,0.0,0.0,0
581,7,8,2012,0,0,0,0,0,0,0,7,1,0,5.47,5.47,0.0,0.0,1.0,0.5714285714285714,0.5,0.6382847385042257,0
598,3,9,2012,0,0,0,0,0,0,0,3,0,0,,,,0.0,0.0,0.0,0.0,0.0,0
695,2,12,2012,0,0,0,0,0,0,0,2,0,0,,,,0.0,0.0,0.0,0.0,0.0,0
1701,7,9,2015,0,0,0,0,0,0,0,7,1,0,6.97,6.97,0.0,0.0,0.0,0.14285714285714285,0.6071428571428571,1.707050428083823,0
825,6,5,2013,0,0,0,0,1,0,1,6,0,0,4.44,4.94,-0.5,0.0,0.0,0.2857142857142857,0.17857142857142858,0.3900210277874798,0
1654,2,8,2015,0,0,0,0,1,1,1,2,0,0,1.98,1.98,0.0,0.0,0.0,1.1428571428571428,0.2857142857142857,1.3293591565847702,0
1143,2,3,2014,7,4,0,0,0,0,0,2,0,1,2.94,2.94,0.0,1.0,4.0,1.0,1.1071428571428572,1.2274419565151582,2
283,3,11,2011,22,4,0,0,1,1,0,3,0,1,3.97,3.97,0.0,0.0,0.0,0.5714285714285714,0.21428571428571427,0.4986754943620636,2
599,4,9,2012,0,0,0,0,0,0,0,4,0,0,0.93,0.93,0.0,2.0,3.0,4.0,3.5714285714285716,2.6587183131695378,2
935,4,8,2013,0,0,0,0,0,0,0,4,0,0,2.98,2.98,0.0,1.0,1.0,1.7142857142857142,1.2857142857142858,1.2724180205607025,1
1288,7,8,2014,0,0,0,0,1,0,1,7,1,0,1.97,1.97,0.0,0.0,0.0,0.0,0.0,0.0,0
313,5,12,2011,0,0,0,0,1,1,0,5,0,0,1.98,1.98,0.0,0.0,0.0,0.2857142857142857,1.0714285714285714,1.3032316365146661,1
1408,1,12,2014,0,0,0,0,1,1,1,1,1,0,2.5,2.5,0.0,0.0,0.0,1.2857142857142858,0.7142857142857143,0.896790278846065,0
1581,6,5,2015,0,0,0,0,0,0,0,6,0,0,0.48,0.48,0.0,2.0,3.0,3.0,3.0,3.7317456941659386,2
1507,2,3,2015,0,0,0,0,0,1,1,2,0,0,14.26,14.26,0.0,0.0,0.0,0.42857142857142855,0.4642857142857143,0.6372477195601847,0
188,6,8,2011,0,0,0,0,1,0,0,6,0,0,,,,0.0,0.0,0.0,0.0,0.0,0
1326,3,9,2014,0,0,0,0,0,1,1,3,0,0,2.0,2.0,0.0,1.0,4.0,3.0,1.9285714285714286,2.0892772350933644,8
999,5,10,2013,0,0,0,0,0,0,0,5,0,0,9.97,9.97,0.0,0.0,1.0,0.14285714285714285,0.21428571428571427,0.6299407883487114,0
825,6,5,2013,0,0,0,0,1,0,1,6,0,0,1.97,1.97,0.0,0.0,1.0,0.2857142857142857,0.17857142857142858,0.47559486560567044,1
406,7,3,2012,0,0,0,0,1,1,1,7,1,0,2.97,2.97,0.0,2.0,1.0,0.8571428571428571,1.1071428571428572,1.0659471779799354,0
43,1,3,2011,0,0,0,0,0,1,1,1,1,0,,,,0.0,0.0,0.0,0.0,0.0,0
200,4,8,2011,0,0,0,0,0,0,0,4,0,0,2.76,2.76,0.0,0.0,2.0,0.7142857142857143,0.9642857142857143,1.0708993401928149,2
1100,1,2,2014,0,0,0,0,1,1,0,1,1,0,,,,0.0,0.0,0.0,0.0,0.0,0
398,6,3,2012,0,0,0,0,1,1,0,6,0,0,1.98,1.98,0.0,3.0,3.0,7.714285714285714,8.964285714285714,5.210261547832834,2
185,3,8,2011,17,4,0,0,1,1,0,3,0,1,1.73,1.73,0.0,0.0,5.0,1.8571428571428572,2.7857142857142856,2.558314590697077,5
447,6,4,2012,0,0,0,0,0,0,0,6,0,0,6.98,6.98,0.0,5.0,0.0,1.7142857142857142,0.6428571428571429,1.2236643728386027,0
1723,1,10,2015,0,0,0,0,0,0,0,1,1,0,2.98,2.98,0.0,0.0,5.0,0.0,0.4642857142857143,1.0708993401928093,0
1444,2,1,2015,0,0,0,0,0,1,1,2,0,0,2.5,2.5,0.0,0.0,1.0,0.7142857142857143,0.42857142857142855,0.5727497953228182,1
921,4,8,2013,0,0,0,0,1,1,1,4,0,0,,,,0.0,0.0,0.0,0.0,0.0,0
787,3,3,2013,0,0,0,0,0,0,0,3,0,0,10.98,10.98,0.0,0.0,0.0,0.0,0.0,0.0,0
794,3,4,2013,0,0,0,0,1,1,0,3,0,0,9.42,9.42,0.0,1.0,0.0,0.5714285714285714,0.39285714285714285,0.5669467095138409,0
121,2,5,2011,0,0,0,0,0,0,0,2,0,0,8.47,8.97,-0.5,0.0,0.0,0.0,0.0,0.0,0
317,2,12,2011,0,0,0,0,0,1,1,2,0,0,,,,0.0,0.0,0.0,0.0,0.0,0
1755,5,11,2015,0,0,0,0,0,0,0,5,0,0,3.48,3.48,0.0,0.0,0.0,0.0,0.0,0.0,0
822,3,4,2013,0,0,0,0,0,0,0,3,0,0,3.28,3.28,0.0,1.0,4.0,5.142857142857143,6.571428571428571,3.6150771871127576,3
840,7,5,2013,0,0,0,0,0,0,0,7,1,0,4.97,4.97,0.0,1.0,1.0,0.14285714285714285,0.17857142857142858,0.39002102778747993,1
167,6,7,2011,0,0,0,0,0,0,1,6,0,0,6.97,6.97,0.0,0.0,1.0,0.2857142857142857,0.6071428571428571,0.9940297973880048,0
159,5,7,2011,0,0,0,0,1,1,1,5,0,0,4.97,4.97,0.0,0.0,0.0,0.14285714285714285,0.21428571428571427,0.41785544701867244,0
1387,1,11,2014,0,0,0,0,0,1,1,1,1,0,9.47,9.47,0.0,0.0,0.0,0.2857142857142857,0.75,1.1097213530798984,2
935,4,8,2013,0,0,0,0,0,0,0,4,0,0,2.25,2.18,0.06999999999999984,0.0,0.0,0.0,0.0,0.0,0
239,1,9,2011,0,0,0,0,0,0,0,1,1,0,2.28,2.28,0.0,2.0,6.0,2.7142857142857144,3.6785714285714284,3.496596985097152,2
734,6,1,2013,0,0,0,0,0,0,0,6,0,0,,,,0.0,0.0,0.0,0.0,0.0,0
902,6,7,2013,0,0,0,0,0,0,0,6,0,0,7.88,7.88,0.0,0.0,1.0,1.4285714285714286,1.3928571428571428,1.1333099904225392,0
466,4,5,2012,0,0,0,0,1,0,1,4,0,0,,,,0.0,0.0,0.0,0.0,0.0,0
1336,6,9,2014,0,0,0,0,0,0,0,6,0,0,3.97,3.97,0.0,0.0,0.0,0.0,0.0,0.0,0
470,1,5,2012,0,0,0,0,0,1,1,1,1,0,2.5,2.5,0.0,0.0,1.0,0.5714285714285714,0.6785714285714286,1.0559731838826993,0
685,6,12,2012,0,0,0,0,0,1,0,6,0,0,6.87,6.87,0.0,1.0,0.0,0.8571428571428571,0.6071428571428571,0.7373267889143816,1
77,7,4,2011,0,0,0,0,0,1,1,7,1,0,3.98,3.98,0.0,1.0,1.0,1.8571428571428572,1.2142857142857142,1.3153549825650603,3
1487,3,2,2015,0,0,0,0,0,0,0,3,0,0,2.98,2.98,0.0,2.0,1.0,0.42857142857142855,0.2857142857142857,0.5345224838248489,0
224,7,9,2011,0,0,0,0,1,1,1,7,1,0,2.5,2.5,0.0,0.0,0.0,0.0,0.17857142857142858,0.47559486560566827,0
293,6,11,2011,0,0,0,0,0,0,0,6,0,0,1.97,1.97,0.0,12.0,3.0,8.285714285714286,8.321428571428571,3.5906624935876557,6
888,6,7,2013,16,3,0,0,1,0,0,6,0,1,6.87,6.87,0.0,0.0,1.0,0.42857142857142855,0.5714285714285714,0.8357108940373447,0
170,2,7,2011,0,0,0,0,0,0,0,2,0,0,3.12,3.12,0.0,1.0,2.0,1.7142857142857142,1.6428571428571428,2.058663459163551,0
446,5,4,2012,0,0,0,0,0,0,0,5,0,0,4.66,4.66,0.0,2.0,1.0,1.2857142857142858,1.5357142857142858,1.290482047664328,4
13,6,2,2011,0,0,0,0,1,0,0,6,0,0,,,,0.0,,0.0,,,0
948,3,9,2013,19,3,0,0,1,0,1,3,0,1,10.98,10.98,0.0,0.0,0.0,0.0,0.0,0.0,0
200,4,8,2011,0,0,0,0,0,0,0,4,0,0,1.98,1.98,0.0,2.0,1.0,3.0,2.892857142857143,2.4242491883022534,6
1134,7,3,2014,0,0,0,0,1,1,0,7,1,0,3.33,3.33,0.0,1.0,1.0,0.8571428571428571,0.5714285714285714,0.8357108940373448,2
480,4,5,2012,0,0,0,0,0,0,0,4,0,0,,,,0.0,0.0,0.0,0.0,0.0,0
1321,5,9,2014,0,0,0,0,1,0,0,5,0,0,2.88,2.88,0.0,4.0,1.0,1.4285714285714286,1.3928571428571428,1.7709442075467519,0
775,5,3,2013,0,0,0,0,0,1,0,5,0,0,4.98,4.98,0.0,1.0,0.0,0.2857142857142857,0.4642857142857143,0.6929348671835829,0
752,3,2,2013,3,3,0,0,0,0,0,3,0,1,9.24,9.24,0.0,4.0,2.0,3.5714285714285716,1.7857142857142858,1.8329725474726446,0
1479,2,2,2015,0,0,0,0,0,1,1,2,0,0,4.98,4.98,0.0,0.0,0.0,0.14285714285714285,0.10714285714285714,0.31497039417435596,0
53,4,3,2011,0,0,0,0,0,0,0,4,0,0,2.48,2.48,0.0,16.0,10.0,19.571428571428573,15.0,7.1128470103463295,11
1494,3,3,2015,0,0,0,0,1,0,1,3,0,0,7.97,7.97,0.0,0.0,2.0,3.2857142857142856,3.3214285714285716,2.245218317002894,4
720,6,1,2013,0,0,0,0,0,0,0,6,0,0,4.48,4.48,0.0,0.0,0.0,0.42857142857142855,0.17857142857142858,0.3900210277874798,0
718,4,1,2013,0,0,0,0,0,1,1,4,0,0,,,,0.0,0.0,0.0,0.0,0.0,0
877,2,6,2013,0,0,0,0,0,0,0,2,0,0,3.94,3.94,0.0,0.0,0.0,0.0,0.0,0.0,0
1243,4,6,2014,0,0,0,0,0,0,0,4,0,0,,,,0.0,0.0,0.0,0.0,0.0,0
129,3,6,2011,0,0,0,0,1,1,1,3,0,0,,,,0.0,0.0,0.0,0.0,0.0,0
724,3,1,2013,29,3,0,0,0,0,0,3,0,1,,,,0.0,0.0,0.0,0.0,0.0,0
1592,3,6,2015,0,0,0,0,1,0,1,3,0,0,1.97,1.97,0.0,0.0,0.0,0.14285714285714285,0.07142857142857142,0.2622652641564817,2
189,7,8,2011,0,0,0,0,1,1,1,7,1,0,,,,0.0,0.0,0.0,0.0,0.0,0
1780,2,12,2015,0,0,0,0,0,1,0,2,0,0,2.48,2.48,0.0,1.0,4.0,2.0,2.7857142857142856,2.183390887403304,4
143,3,6,2011,0,0,0,0,0,0,0,3,0,0,3.47,3.47,0.0,0.0,0.0,0.0,0.0,0.0,0
752,3,2,2013,3,3,0,0,0,0,0,3,0,1,,,,0.0,0.0,0.0,0.0,0.0,0
268,2,10,2011,0,0,0,0,0,0,0,2,0,0,3.98,3.98,0.0,3.0,1.0,0.7142857142857143,0.7857142857142857,1.066567455703641,0
1495,4,3,2015,0,0,0,0,1,1,1,4,0,0,2.5,2.5,0.0,1.0,1.0,0.8571428571428571,0.5714285714285714,0.7901510136288025,0
1234,2,6,2014,14,1,4,1,0,1,1,2,0,1,3.98,3.98,0.0,0.0,0.0,0.8571428571428571,1.6071428571428572,1.594882689620399,0
1224,6,6,2014,13,1,0,0,1,1,1,6,0,1,1.98,1.98,0.0,2.0,0.0,1.4285714285714286,1.6428571428571428,1.68246480815731,0
597,2,9,2012,0,0,0,0,0,0,0,2,0,0,2.18,2.18,0.0,2.0,3.0,2.7142857142857144,1.8928571428571428,1.7070504280838235,2
950,5,9,2013,0,0,0,0,1,0,0,5,0,0,0.2,0.2,0.0,5.0,5.0,3.2857142857142856,7.5,8.884026447840307,14
187,5,8,2011,0,0,0,0,1,1,1,5,0,0,,,,0.0,0.0,0.0,0.0,0.0,0
654,3,11,2012,0,0,0,0,0,1,1,3,0,0,,,,0.0,0.0,0.0,0.0,0.0,0
1282,1,8,2014,0,0,0,0,1,0,1,1,1,0,2.97,2.97,0.0,0.0,0.0,0.0,0.0,0.0,0
185,3,8,2011,17,4,0,0,1,1,0,3,0,1,,,,0.0,0.0,0.0,0.0,0.0,0
1150,2,3,2014,0,0,0,0,0,0,0,2,0,0,3.47,3.47,0.0,3.0,5.0,2.5714285714285716,3.107142857142857,2.16605608002169,4
668,3,11,2012,0,0,0,0,0,0,0,3,0,0,1.58,1.58,0.0,59.0,59.0,76.0,68.60714285714286,14.369049262897512,46
595,7,9,2012,0,0,0,0,0,0,1,7,1,0,4.66,4.66,0.0,1.0,0.0,1.1428571428571428,1.0,1.276569477008451,0
607,5,9,2012,0,0,0,0,0,0,0,5,0,0,2.47,2.47,0.0,2.0,0.0,1.7142857142857142,1.75,1.6015039228221755,0
1702,1,9,2015,0,0,0,0,0,0,0,1,1,0,1.74,1.74,0.0,0.0,0.0,0.0,0.8214285714285714,1.6113847605587124,0
760,4,2,2013,0,0,0,0,0,0,0,4,0,0,2.18,2.18,0.0,1.0,0.0,0.5714285714285714,0.2857142857142857,0.5998236072282919,0
94,3,5,2011,0,0,0,0,1,0,1,3,0,0,5.97,5.97,0.0,1.0,0.0,1.5714285714285714,1.25,1.2360330811826108,2
87,3,4,2011,0,0,0,0,0,0,0,3,0,0,,,,0.0,0.0,0.0,0.0,0.0,0
1684,4,9,2015,0,0,0,0,1,0,1,4,0,0,2.5,2.5,0.0,1.0,1.0,0.7142857142857143,1.0357142857142858,0.9615628812527971,2
884,2,6,2013,0,0,0,0,0,0,0,2,0,0,2.88,2.88,0.0,2.0,0.0,1.1428571428571428,0.42857142857142855,0.9973509887241275,0
1483,6,2,2015,0,0,0,0,0,0,0,6,0,0,7.88,7.88,0.0,0.0,0.0,0.5714285714285714,0.5,0.7934920476158718,1
496,6,6,2012,0,0,0,0,1,1,0,6,0,0,,,,0.0,0.0,0.0,0.0,0.0,0
1116,3,2,2014,3,3,0,0,0,0,0,3,0,1,3.97,3.97,0.0,0.0,0.0,0.14285714285714285,0.14285714285714285,0.35634832254989923,0
1733,4,10,2015,0,0,0,0,0,0,0,4,0,0,5.94,5.94,0.0,0.0,0.0,0.0,0.0,0.0,0
1310,1,8,2014,0,0,0,0,0,0,0,1,1,0,3.67,3.67,0.0,0.0,0.0,0.14285714285714285,0.21428571428571427,0.49867549436206227,0
1762,5,11,2015,0,0,0,0,0,0,0,5,0,0,4.97,4.97,0.0,2.0,2.0,1.1428571428571428,1.6428571428571428,1.544747029854204,2
1772,1,12,2015,0,0,0,0,1,1,1,1,1,0,4.87,4.87,0.0,1.0,4.0,0.2857142857142857,0.6428571428571429,0.9893613995077719,2
452,4,4,2012,0,0,0,0,0,0,0,4,0,0,,,,0.0,0.0,0.0,0.0,0.0,0
222,5,9,2011,0,0,0,0,1,1,0,5,0,0,2.98,2.98,0.0,0.0,0.0,0.7142857142857143,0.8928571428571429,1.3700307029348382,0
77,7,4,2011,0,0,0,0,0,1,1,7,1,0,,,,0.0,0.0,0.0,0.0,0.0,0
91,7,4,2011,0,0,0,0,0,0,0,7,1,0,,,,0.0,0.0,0.0,0.0,0.0,0
1584,2,5,2015,0,0,0,0,0,0,0,2,0,0,1.88,1.88,0.0,0.0,0.0,0.0,0.0,0.0,1
1659,7,8,2015,0,0,0,0,0,0,1,7,1,0,4.87,4.87,0.0,0.0,0.0,0.14285714285714285,0.2857142857142857,0.5345224838248465,0
849,2,5,2013,0,0,0,0,0,0,0,2,0,0,2.94,2.94,0.0,0.0,1.0,0.42857142857142855,0.35714285714285715,0.678466992798809,0
1008,7,11,2013,0,0,0,0,1,1,0,7,1,0,2.25,2.25,0.0,3.0,6.0,1.5714285714285714,2.357142857142857,1.966653214912293,0
556,3,8,2012,0,0,0,0,1,1,1,3,0,0,2.47,2.47,0.0,0.0,1.0,0.8571428571428571,0.8214285714285714,1.2187902754164646,0
1036,7,11,2013,0,0,0,0,0,0,0,7,1,0,1.48,1.48,0.0,0.0,0.0,0.0,0.5,0.9622504486493703,0
790,6,3,2013,0,0,0,0,0,0,0,6,0,0,9.88,9.88,0.0,1.0,0.0,1.7142857142857142,1.1428571428571428,1.0440053112638312,0
1235,3,6,2014,0,0,0,0,0,0,0,3,0,0,4.25,4.25,0.0,0.0,0.0,0.0,0.0,0.0,0
1267,7,7,2014,0,0,0,0,0,0,0,7,1,0,1.28,1.28,0.0,0.0,1.0,0.42857142857142855,0.5357142857142857,0.7444681351359534,0
638,1,10,2012,0,0,0,0,0,0,0,1,1,0,,,,0.0,0.0,0.0,0.0,0.0,0
765,2,3,2013,0,0,0,0,1,1,1,2,0,0,10.97,10.97,0.0,0.0,0.0,0.0,0.0,0.0,0
1501,3,3,2015,0,0,0,0,1,1,1,3,0,0,0.46,0.46,0.0,0.0,0.0,5.142857142857143,3.642857142857143,4.84740698697299,0
1105,6,2,2014,0,0,0,0,1,1,1,6,0,0,4.25,4.25,0.0,0.0,1.0,0.14285714285714285,0.5,0.9229582069908954,1
1589,7,6,2015,0,0,0,0,1,1,1,7,1,0,2.42,2.42,0.0,4.0,6.0,3.2857142857142856,3.25,2.319402860572006,3
10,3,2,2011,0,0,0,0,1,1,0,3,0,0,4.27,3.74,0.5299999999999994,0.0,,0.14285714285714285,,,0
615,6,10,2012,0,0,0,0,1,0,0,6,0,0,,,,0.0,0.0,0.0,0.0,0.0,0
1126,6,2,2014,0,0,0,0,0,0,0,6,0,0,2.5,2.5,0.0,0.0,3.0,0.42857142857142855,1.1428571428571428,1.2682529749484555,1
536,4,7,2012,0,0,0,0,0,0,0,4,0,0,,,,0.0,0.0,0.0,0.0,0.0,0
1521,2,3,2015,0,0,0,0,0,0,0,2,0,0,1.96,1.96,0.0,2.0,2.0,1.0,1.4285714285714286,1.1362241376618012,1
1471,1,2,2015,0,0,0,0,1,1,0,1,1,0,2.88,2.88,0.0,0.0,0.0,0.0,0.0,0.0,0
434,7,4,2012,0,0,0,0,1,1,1,7,1,0,,,,0.0,0.0,0.0,0.0,0.0,0
1178,2,4,2014,30,2,3,2,0,0,0,2,0,1,1.0,1.0,0.0,6.0,4.0,3.142857142857143,2.5357142857142856,1.7316689200528994,2
1599,3,6,2015,0,0,0,0,0,1,1,3,0,0,2.24,2.24,0.0,1.0,0.0,0.14285714285714285,0.35714285714285715,0.8261595987094035,0
182,7,7,2011,0,0,0,0,0,0,0,7,1,0,3.98,3.98,0.0,1.0,1.0,0.7142857142857143,0.9285714285714286,0.7663560447348137,0
935,4,8,2013,0,0,0,0,0,0,0,4,0,0,,,,0.0,0.0,0.0,0.0,0.0,0
964,5,9,2013,0,0,0,0,0,0,0,5,0,0,2.47,2.47,0.0,0.0,0.0,0.8571428571428571,1.6785714285714286,2.1951726740243176,2
985,5,10,2013,0,0,0,0,1,1,1,5,0,0,7.97,7.97,0.0,0.0,0.0,0.14285714285714285,0.39285714285714285,0.7373267889143819,0
511,7,6,2012,0,0,0,0,0,0,0,7,1,0,0.5,0.5,0.0,1.0,0.0,2.857142857142857,2.357142857142857,3.15306183602525,1
1065,1,12,2013,0,0,0,0,0,0,0,1,1,0,2.25,2.25,0.0,1.0,0.0,1.0,1.0,1.0540925533894527,1
1375,3,11,2014,0,0,0,0,1,1,1,3,0,0,0.2,0.2,0.0,9.0,0.0,13.428571428571429,11.964285714285714,20.532687837720342,14
1165,3,4,2014,0,0,0,0,1,1,0,3,0,0,0.98,0.98,0.0,1.0,0.0,3.857142857142857,2.357142857142857,3.964792140778219,0
65,2,4,2011,0,0,0,0,1,1,1,2,0,0,,,,0.0,0.0,0.0,0.0,0.0,0
904,1,7,2013,0,0,0,0,0,0,0,1,1,0,2.94,2.94,0.0,1.0,0.0,0.8571428571428571,1.0357142857142858,1.1049431980420843,3
1402,2,11,2014,0,0,0,0,0,0,0,2,0,0,1.28,1.28,0.0,0.0,0.0,0.0,0.0,0.0,0
1365,7,10,2014,0,0,0,0,0,0,0,7,1,0,3.28,3.28,0.0,0.0,0.0,0.0,0.17857142857142858,0.47559486560567116,0
216,6,9,2011,0,0,0,0,1,1,0,6,0,0,10.97,10.97,0.0,1.0,1.0,1.1428571428571428,0.8571428571428571,1.0788981249502498,2
1527,1,4,2015,0,0,0,0,1,0,0,1,1,0,4.73,4.73,0.0,1.0,0.0,0.5714285714285714,0.21428571428571427,0.498675494362064,0
769,6,3,2013,0,0,0,0,1,1,0,6,0,0,6.97,6.97,0.0,0.0,0.0,0.0,0.0,0.0,0
803,5,4,2013,0,0,0,0,1,0,0,5,0,0,1.88,1.88,0.0,3.0,0.0,3.5714285714285716,1.4642857142857142,2.1513500129702026,0
1145,4,3,2014,0,0,0,0,0,0,0,4,0,0,,,,0.0,0.0,0.0,0.0,0.0,0
1504,6,3,2015,0,0,0,0,0,1,1,6,0,0,2.98,2.98,0.0,0.0,0.0,0.0,0.0,0.0,0
1766,2,11,2015,0,0,0,0,0,0,0,2,0,0,4.94,4.94,0.0,0.0,1.0,0.5714285714285714,0.4642857142857143,0.8380817098475258,0
1092,7,1,2014,0,0,0,0,0,0,0,7,1,0,2.18,2.18,0.0,0.0,0.0,1.1428571428571428,1.2142857142857142,1.4493202201477307,0
985,5,10,2013,0,0,0,0,1,1,1,5,0,0,2.42,2.42,0.0,1.0,0.0,1.0,0.75,0.9279607271383322,1
1827,7,1,2016,0,0,0,0,0,0,0,7,1,0,0.97,0.97,0.0,0.0,1.0,2.7142857142857144,2.4285714285714284,2.251395804558371,2
550,4,7,2012,0,0,0,0,0,0,0,4,0,0,,,,0.0,0.0,0.0,0.0,0.0,0
1609,6,6,2015,0,0,0,0,0,0,0,6,0,0,3.67,3.67,0.0,0.0,1.0,0.5714285714285714,0.6428571428571429,0.6784669927988021,0
103,5,5,2011,0,0,0,0,0,1,1,5,0,0,3.88,3.88,0.0,1.0,0.0,1.1428571428571428,0.8928571428571429,1.196887497862553,0
338,2,1,2012,27,3,0,0,1,1,0,2,0,1,,,,0.0,0.0,0.0,0.0,0.0,0
92,1,4,2011,0,0,0,0,0,0,0,1,1,0,5.67,5.67,0.0,1.0,0.0,0.5714285714285714,0.4642857142857143,0.6929348671835832,0
136,3,6,2011,0,0,0,0,0,1,0,3,0,0,,,,0.0,0.0,0.0,0.0,0.0,0
1266,6,7,2014,0,0,0,0,0,0,0,6,0,0,2.25,2.25,0.0,0.0,0.0,0.0,0.0,0.0,0
1694,7,9,2015,0,0,0,0,0,0,0,7,1,0,2.68,2.68,0.0,9.0,0.0,8.428571428571429,7.678571428571429,6.571845512422899,12
965,6,9,2013,0,0,0,0,0,0,0,6,0,0,9.47,9.47,0.0,0.0,1.0,1.2857142857142858,1.0357142857142858,1.1049431980420847,2
373,2,2,2012,1,1,0,0,1,1,1,2,0,1,5.97,5.97,0.0,3.0,0.0,0.42857142857142855,0.17857142857142858,0.6118321864193027,0
595,7,9,2012,0,0,0,0,0,0,1,7,1,0,0.5,0.5,0.0,0.0,0.0,0.0,0.0,0.0,0
1614,4,6,2015,0,0,0,0,0,0,0,4,0,0,9.47,9.47,0.0,0.0,0.0,0.0,0.0,0.0,0
57,1,3,2011,0,0,0,0,0,0,0,1,1,0,3.28,3.28,0.0,8.0,4.0,3.142857142857143,3.4642857142857144,3.084995262102643,4
690,4,12,2012,0,0,0,0,0,0,0,4,0,0,1.97,1.97,0.0,0.0,0.0,0.0,0.14285714285714285,0.44839513942303294,0
101,3,5,2011,0,0,0,0,1,1,1,3,0,0,,,,0.0,0.0,0.0,0.0,0.0,0
1312,3,9,2014,19,3,0,0,1,1,0,3,0,1,3.34,3.34,0.0,0.0,3.0,0.0,0.5,1.2909944487357903,0
1301,6,8,2014,0,0,0,0,0,0,0,6,0,0,2.48,2.48,0.0,7.0,3.0,2.857142857142857,3.357142857142857,3.0937725468153854,1
1352,1,10,2014,0,0,0,0,0,1,1,1,1,0,2.47,2.47,0.0,0.0,0.0,0.14285714285714285,0.03571428571428571,0.18898223650461377,0
715,1,1,2013,0,0,0,0,0,1,1,1,1,0,,,,0.0,0.0,0.0,0.0,0.0,0
1016,1,11,2013,0,0,0,0,1,1,1,1,1,0,1.0,1.0,0.0,6.0,1.0,2.4285714285714284,2.5714285714285716,2.686434666417791,8
1536,3,4,2015,0,0,0,0,0,1,0,3,0,0,4.88,4.88,0.0,0.0,0.0,0.14285714285714285,0.35714285714285715,0.8698354767504918,0
882,7,6,2013,0,0,0,0,0,0,0,7,1,0,4.74,4.74,0.0,0.0,0.0,0.7142857142857143,0.5714285714285714,0.8357108940373456,0
1018,3,11,2013,23,3,0,0,0,1,1,3,0,1,9.97,9.97,0.0,0.0,3.0,0.14285714285714285,0.32142857142857145,0.7228324650199186,0
1155,7,3,2014,0,0,0,0,0,0,0,7,1,0,1.88,1.88,0.0,0.0,2.0,1.7142857142857142,1.5714285714285714,1.8743605611587977,4
820,1,4,2013,0,0,0,0,0,0,0,1,1,0,0.97,0.97,0.0,3.0,0.0,0.5714285714285714,0.7857142857142857,1.3153549825650594,0
1099,7,1,2014,0,0,0,0,0,0,0,7,1,0,5.94,5.94,0.0,2.0,0.0,2.7142857142857144,1.3928571428571428,1.5714886953385077,2
752,3,2,2013,3,3,0,0,0,0,0,3,0,1,1.78,1.78,0.0,1.0,3.0,0.42857142857142855,0.8571428571428571,1.0079052613579385,0
593,5,9,2012,0,0,0,0,0,1,1,5,0,0,,,,0.0,0.0,0.0,0.0,0.0,0
518,7,6,2012,0,0,0,0,0,0,0,7,1,0,,,,0.0,0.0,0.0,0.0,0.0,0
1664,5,8,2015,0,0,0,0,0,0,0,5,0,0,2.88,2.88,0.0,2.0,0.0,1.0,0.9285714285714286,1.5136067160941418,3
499,2,6,2012,0,0,0,0,1,0,0,2,0,0,,,,0.0,0.0,0.0,0.0,0.0,0
749,7,2,2013,0,0,0,0,0,1,1,7,1,0,3.94,3.94,0.0,1.0,2.0,1.2857142857142858,1.3214285714285714,1.7858201026848828,0
1378,6,11,2014,0,0,0,0,1,1,1,6,0,0,2.78,2.78,0.0,0.0,0.0,0.42857142857142855,0.21428571428571427,0.5681120688308976,0
428,1,3,2012,0,0,0,0,0,0,0,1,1,0,4.88,4.88,0.0,0.0,1.0,0.7142857142857143,0.6785714285714286,0.9048663264720763,4
1325,2,9,2014,0,0,0,0,0,0,1,2,0,0,1.87,1.87,0.0,2.0,4.0,1.5714285714285714,1.8571428571428572,1.4835963740378322,4
1450,1,1,2015,0,0,0,0,0,0,0,1,1,0,5.97,5.97,0.0,0.0,0.0,0.0,0.03571428571428571,0.18898223650461068,0
1013,5,11,2013,0,0,0,0,1,1,1,5,0,0,,,,0.0,0.0,0.0,0.0,0.0,0
1717,2,10,2015,0,0,0,0,0,1,1,2,0,0,5.28,4.74,0.54,5.0,0.0,1.0,0.5357142857142857,1.1379690439434407,1
293,6,11,2011,0,0,0,0,0,0,0,6,0,0,,,,0.0,0.0,0.0,0.0,0.0,0
390,5,2,2012,4,4,0,0,0,0,0,5,0,1,2.78,2.78,0.0,9.0,8.0,6.714285714285714,4.857142857142857,3.7487211223175874,3
368,4,1,2012,0,0,0,0,0,0,0,4,0,0,2.0,2.0,0.0,0.0,0.0,0.8571428571428571,0.75,0.8443713418650366,3
933,2,8,2013,0,0,0,0,0,0,0,2,0,0,5.34,5.34,0.0,0.0,0.0,0.42857142857142855,0.42857142857142855,0.6900655593423543,1
746,4,2,2013,0,0,0,0,0,1,1,4,0,0,,,,0.0,0.0,0.0,0.0,0.0,0
1437,2,1,2015,0,0,0,0,1,0,0,2,0,0,2.98,2.98,0.0,0.0,6.0,2.142857142857143,2.892857142857143,2.1315841042874193,4
1516,4,3,2015,0,0,0,0,0,0,0,4,0,0,8.98,8.98,0.0,2.0,0.0,2.857142857142857,1.6071428571428572,2.514245129542577,5
558,5,8,2012,0,0,0,0,1,0,1,5,0,0,3.98,3.98,0.0,1.0,2.0,2.2857142857142856,1.75,1.3505828645714677,2
1681,1,9,2015,0,0,0,0,1,1,1,1,1,0,1.58,1.58,0.0,1.0,0.0,0.7142857142857143,0.75,1.3505828645714655,1
1322,6,9,2014,0,0,0,0,0,1,1,6,0,0,3.88,3.88,0.0,3.0,0.0,0.8571428571428571,0.9285714285714286,0.8997354108424386,0
181,6,7,2011,0,0,0,0,0,0,0,6,0,0,,,,0.0,0.0,0.0,0.0,0.0,0
791,7,3,2013,0,0,0,0,0,0,0,7,1,0,2.94,2.94,0.0,2.0,4.0,3.142857142857143,2.857142857142857,2.1206967009345057,0
257,5,10,2011,0,0,0,0,0,1,1,5,0,0,3.98,3.98,0.0,1.0,1.0,0.7142857142857143,1.4285714285714286,1.4253932901995974,2
168,7,7,2011,0,0,0,0,0,1,1,7,1,0,2.88,2.88,0.0,0.0,2.0,1.0,0.8571428571428571,0.9704632614370008,0
1516,4,3,2015,0,0,0,0,0,0,0,4,0,0,2.96,2.96,0.0,1.0,0.0,1.7142857142857142,2.107142857142857,1.5236235005501044,3
1130,3,3,2014,0,0,0,0,1,1,1,3,0,0,1.97,1.97,0.0,0.0,0.0,0.2857142857142857,0.25,0.5181877251716023,2
1549,2,4,2015,0,0,0,0,0,0,0,2,0,0,4.98,4.98,0.0,0.0,1.0,0.14285714285714285,0.35714285714285715,0.6784669927988097,0
1691,4,9,2015,0,0,0,0,0,1,1,4,0,0,1.78,1.78,0.0,7.0,1.0,3.2857142857142856,2.5714285714285716,2.1157009420498154,2
1466,3,2,2015,0,0,0,0,1,0,1,3,0,0,2.28,2.28,0.0,1.0,4.0,1.2857142857142858,1.7857142857142858,1.8329725474726464,2
955,3,9,2013,0,0,0,0,1,1,1,3,0,0,,,,0.0,0.0,0.0,0.0,0.0,0
425,5,3,2012,0,0,0,0,0,0,0,5,0,0,,,,0.0,0.0,0.0,0.0,0.0,0
553,7,8,2012,0,0,0,0,1,1,1,7,1,0,1.58,1.58,0.0,57.0,73.0,63.142857142857146,63.107142857142854,8.525948565514437,84
847,7,5,2013,0,0,0,0,0,0,0,7,1,0,,,,0.0,0.0,0.0,0.0,0.0,0
1616,6,7,2015,0,0,0,0,1,0,1,6,0,0,2.48,2.48,0.0,0.0,1.0,3.142857142857143,2.7857142857142856,1.969341737308909,4
1501,3,3,2015,0,0,0,0,1,1,1,3,0,0,4.98,4.98,0.0,1.0,0.0,1.2857142857142858,1.75,2.1538079972200137,1
1252,6,7,2014,0,0,0,0,1,1,1,6,0,0,7.97,7.97,0.0,5.0,0.0,2.7142857142857144,3.0714285714285716,1.942289054823405,1
426,6,3,2012,0,0,0,0,0,0,0,6,0,0,,,,0.0,0.0,0.0,0.0,0.0,0
200,4,8,2011,0,0,0,0,0,0,0,4,0,0,,,,0.0,0.0,0.0,0.0,0.0,0
1527,1,4,2015,0,0,0,0,1,0,0,1,1,0,0.88,0.88,0.0,0.0,0.0,0.0,0.0,0.0,0
1306,4,8,2014,0,0,0,0,0,0,0,4,0,0,1.74,1.74,0.0,0.0,0.0,0.0,0.0,0.0,0
1690,3,9,2015,0,0,0,0,0,0,1,3,0,0,0.94,0.94,0.0,3.0,0.0,1.5714285714285714,1.9642857142857142,2.974983882398207,6
75,5,4,2011,0,0,0,0,0,1,0,5,0,0,,,,0.0,0.0,0.0,0.0,0.0,0
45,3,3,2011,0,0,0,0,0,0,1,3,0,0,,,,0.0,0.0,0.0,0.0,0.0,0
297,3,11,2011,0,0,0,0,0,0,0,3,0,0,,,,0.0,0.0,0.0,0.0,0.0,0
1171,2,4,2014,0,0,0,0,0,1,0,2,0,0,2.97,2.97,0.0,0.0,0.0,1.4285714285714286,0.8928571428571429,2.393498689959112,0
1071,7,1,2014,0,0,0,0,1,1,1,7,1,0,9.24,9.24,0.0,2.0,5.0,2.4285714285714284,1.8928571428571428,1.3427248612094924,2
1796,4,12,2015,0,0,0,0,0,0,0,4,0,0,2.0,2.0,0.0,1.0,4.0,2.7142857142857144,2.5357142857142856,2.1684973950597066,1
670,5,11,2012,0,0,0,0,0,0,0,5,0,0,5.34,5.34,0.0,2.0,0.0,1.5714285714285714,2.0357142857142856,2.008908730060747,7
384,6,2,2012,0,0,0,0,0,0,0,6,0,0,3.5,3.5,0.0,1.0,0.0,1.8571428571428572,1.3214285714285714,1.5408889072021466,1
611,2,9,2012,0,0,0,0,0,0,0,2,0,0,0.97,0.97,0.0,1.0,1.0,0.2857142857142857,0.4642857142857143,0.6929348671835837,1
1823,3,1,2016,0,0,0,0,0,0,0,3,0,0,0.88,0.88,0.0,0.0,0.0,0.5714285714285714,0.5,1.1055415967851323,0
1162,7,4,2014,0,0,0,0,1,0,0,7,1,0,8.97,8.97,0.0,0.0,0.0,0.0,0.0,0.0,0
742,7,2,2013,0,0,0,0,1,0,1,7,1,0,,,,0.0,0.0,0.0,0.0,0.0,0
1459,3,1,2015,0,0,0,0,0,0,0,3,0,0,3.0,3.0,0.0,0.0,4.0,0.0,0.5714285714285714,1.3173646934124765,0
1638,7,7,2015,0,0,0,0,0,0,0,7,1,0,2.88,2.88,0.0,0.0,0.0,0.0,0.0,0.0,0
1836,2,2,2016,1,1,0,0,1,1,0,2,0,1,5.98,5.98,0.0,5.0,2.0,5.285714285714286,3.7142857142857144,1.9787227990155412,2
588,7,9,2012,0,0,0,0,1,1,0,7,1,0,,,,0.0,0.0,0.0,0.0,0.0,0
1528,2,4,2015,30,2,0,0,1,1,1,2,0,1,3.62,3.62,0.0,1.0,0.0,0.7142857142857143,0.7142857142857143,0.8099905283919416,0
65,2,4,2011,0,0,0,0,1,1,1,2,0,0,2.98,2.98,0.0,4.0,7.0,4.0,4.214285714285714,2.587106819039695,4
769,6,3,2013,0,0,0,0,1,1,0,6,0,0,,,,0.0,0.0,0.0,0.0,0.0,0
1493,2,3,2015,0,0,0,0,1,1,0,2,0,0,1.98,1.98,0.0,6.0,0.0,2.857142857142857,2.3214285714285716,1.6789231872789987,6
1341,4,9,2014,0,0,0,0,0,0,0,4,0,0,2.28,2.28,0.0,1.0,0.0,0.5714285714285714,0.5357142857142857,0.8811668550592352,1
76,6,4,2011,0,0,0,0,0,0,1,6,0,0,1.88,1.88,0.0,4.0,3.0,2.142857142857143,1.6785714285714286,1.6789231872789978,1
1017,2,11,2013,0,0,0,0,1,0,0,2,0,0,4.97,4.97,0.0,0.0,0.0,0.0,0.0,0.0,1
1531,5,4,2015,0,0,0,0,1,0,1,5,0,0,3.48,2.98,0.5,0.0,0.0,0.8571428571428571,0.25,0.7993052538854416,4
854,7,5,2013,0,0,0,0,0,0,0,7,1,0,2.78,2.78,0.0,3.0,10.0,3.857142857142857,5.428571428571429,4.263788711919734,6
104,6,5,2011,0,0,0,0,0,1,1,6,0,0,3.88,3.88,0.0,1.0,1.0,1.0,0.8928571428571429,1.196887497862553,0
1332,2,9,2014,0,0,0,0,0,0,0,2,0,0,7.47,7.47,0.0,1.0,0.0,0.5714285714285714,0.35714285714285715,0.48795003647426605,0
493,3,6,2012,0,0,0,0,1,0,0,3,0,0,9.47,9.47,0.0,3.0,0.0,1.7142857142857142,1.2857142857142858,0.9759000729485325,0
1318,2,9,2014,0,0,0,0,1,1,0,2,0,0,,,,0.0,0.0,0.0,0.0,0.0,0
470,1,5,2012,0,0,0,0,0,1,1,1,1,0,,,,0.0,0.0,0.0,0.0,0.0,0
1413,6,12,2014,0,0,0,0,0,1,1,6,0,0,2.48,2.48,0.0,0.0,0.0,0.0,0.0,0.0,0
221,4,9,2011,0,0,0,0,1,1,1,4,0,0,,,,0.0,0.0,0.0,0.0,0.0,0
956,4,9,2013,0,0,0,0,1,0,0,4,0,0,3.98,3.98,0.0,0.0,0.0,0.0,0.0,0.0,0
1673,7,8,2015,0,0,0,0,0,0,0,7,1,0,0.97,0.97,0.0,0.0,0.0,0.0,0.07142857142857142,0.26226526415649015,0
1468,5,2,2015,0,0,0,0,1,0,0,5,0,0,1.38,1.25,0.1299999999999999,0.0,0.0,0.0,0.0,0.0,0
36,1,3,2011,0,0,0,0,1,1,1,1,1,0,2.73,2.73,0.0,13.0,8.0,5.857142857142857,4.5,2.8609762643519407,10
1387,1,11,2014,0,0,0,0,0,1,1,1,1,0,2.24,2.24,0.0,0.0,0.0,0.0,0.42857142857142855,1.199647214456583,0
1554,7,5,2015,0,0,0,0,1,1,0,7,1,0,4.68,4.68,0.0,1.0,0.0,0.14285714285714285,0.14285714285714285,0.35634832254990073,0
1517,5,3,2015,0,0,0,0,0,0,0,5,0,0,1.98,1.98,0.0,0.0,1.0,1.7142857142857142,1.2142857142857142,1.197439950002689,3
1787,2,12,2015,0,0,0,0,0,0,0,2,0,0,1.97,1.97,0.0,0.0,0.0,0.2857142857142857,0.14285714285714285,0.44839513942303283,0
86,2,4,2011,8,4,1,1,0,0,0,2,0,1,,,,0.0,0.0,0.0,0.0,0.0,0
857,3,6,2013,0,0,0,0,1,1,1,3,0,0,,,,0.0,0.0,0.0,0.0,0.0,0
1428,7,12,2014,0,0,0,0,0,0,0,7,1,0,5.94,5.94,0.0,0.0,0.0,0.0,0.0,0.0,0
1177,1,4,2014,0,0,0,0,0,0,0,1,1,0,3.28,3.28,0.0,10.0,9.0,4.714285714285714,4.892857142857143,2.0788046015507526,5
318,3,12,2011,0,0,0,0,0,1,1,3,0,0,,,,0.0,0.0,0.0,0.0,0.0,0
187,5,8,2011,0,0,0,0,1,1,1,5,0,0,,,,0.0,0.0,0.0,0.0,0.0,0
1216,5,5,2014,0,0,0,0,0,0,0,5,0,0,2.94,2.94,0.0,3.0,1.0,2.142857142857143,2.9285714285714284,1.6981159806084754,2
1229,4,6,2014,0,0,0,0,1,0,0,4,0,0,3.33,3.33,0.0,0.0,0.0,0.5714285714285714,0.7142857142857143,1.0131411680782847,1
442,1,4,2012,9,4,0,0,0,0,1,1,1,1,1.88,1.88,0.0,0.0,9.0,1.5714285714285714,3.25,2.976761849915293,6
1162,7,4,2014,0,0,0,0,1,0,0,7,1,0,1.88,1.88,0.0,0.0,0.0,0.0,0.17857142857142858,0.3900210277874793,0
805,7,4,2013,0,0,0,0,0,1,1,7,1,0,,,,0.0,0.0,0.0,0.0,0.0,0
1057,7,12,2013,0,0,0,0,0,0,0,7,1,0,4.98,4.98,0.0,0.0,1.0,0.14285714285714285,0.4642857142857143,1.1700630833624395,0
546,7,7,2012,0,0,0,0,0,0,0,7,1,0,3.38,3.38,0.0,2.0,1.0,1.5714285714285714,1.6785714285714286,1.5408889072021477,0
1799,7,1,2016,27,3,0,0,1,1,0,7,1,1,1.58,1.58,0.0,0.0,0.0,1.5714285714285714,1.8571428571428572,1.7151673218082673,1
1365,7,10,2014,0,0,0,0,0,0,0,7,1,0,2.72,2.72,0.0,0.0,2.0,0.0,0.75,1.2656428610993915,0
1226,1,6,2014,0,0,0,0,1,1,0,1,1,0,5.64,5.64,0.0,0.0,0.0,0.0,0.07142857142857142,0.2622652641564812,0
143,3,6,2011,0,0,0,0,0,0,0,3,0,0,7.97,7.97,0.0,2.0,1.0,1.5714285714285714,2.357142857142857,1.6603053202991793,1
1402,2,11,2014,0,0,0,0,0,0,0,2,0,0,4.87,4.87,0.0,4.0,2.0,1.1428571428571428,1.2857142857142858,1.3012000972647109,0
274,1,10,2011,0,0,0,0,0,0,0,1,1,0,2.82,2.82,0.0,0.0,1.0,0.14285714285714285,0.07142857142857142,0.2622652641565167,0
1397,4,11,2014,0,0,0,0,0,0,0,4,0,0,1.96,1.96,0.0,0.0,0.0,0.2857142857142857,0.32142857142857145,0.6118321864193024,0
310,2,12,2011,0,0,0,0,1,0,0,2,0,0,10.97,10.97,0.0,0.0,1.0,0.5714285714285714,0.5357142857142857,0.6372477195601852,1
186,4,8,2011,0,0,0,0,1,0,1,4,0,0,6.97,6.97,0.0,0.0,0.0,0.0,0.0,0.0,0
685,6,12,2012,0,0,0,0,0,1,0,6,0,0,6.97,6.97,0.0,0.0,0.0,0.0,0.0,0.0,0
379,1,2,2012,0,0,0,0,0,1,1,1,1,0,,,,0.0,0.0,0.0,0.0,0.0,0
735,7,2,2013,0,0,0,0,1,1,0,7,1,0,9.24,9.24,0.0,0.0,0.0,0.42857142857142855,1.25,1.4813657362192632,2
16,2,2,2011,0,0,0,0,0,1,0,2,0,0,1.0,1.0,0.0,2.0,,3.142857142857143,,,1
66,3,4,2011,0,0,0,0,1,0,0,3,0,0,2.18,2.18,0.0,0.0,0.0,1.0,0.8571428571428571,1.0440053112638317,0
924,7,8,2013,0,0,0,0,1,1,1,7,1,0,6.97,6.97,0.0,0.0,0.0,0.2857142857142857,0.32142857142857145,0.5479640045336466,0
267,1,10,2011,0,0,0,0,0,0,0,1,1,0,4.48,4.48,0.0,0.0,1.0,0.42857142857142855,0.25,0.4409585518440984,0
615,6,10,2012,0,0,0,0,1,0,0,6,0,0,3.88,3.88,0.0,0.0,0.0,0.8571428571428571,0.6785714285714286,1.2488089563755578,0
720,6,1,2013,0,0,0,0,0,0,0,6,0,0,5.96,5.96,0.0,0.0,1.0,0.5714285714285714,1.3214285714285714,1.1880133254200766,0
1173,4,4,2014,0,0,0,0,0,1,1,4,0,0,2.68,2.68,0.0,0.0,2.0,0.0,0.9642857142857143,1.5511559096637169,0
1629,5,7,2015,0,0,0,0,0,1,1,5,0,0,3.67,3.67,0.0,0.0,1.0,0.42857142857142855,0.8214285714285714,0.9833266074561432,0
1709,1,10,2015,0,0,0,0,1,1,1,1,1,0,2.48,2.48,0.0,0.0,4.0,1.1428571428571428,2.25,1.9172704363041524,3
383,5,2,2012,0,0,0,0,0,1,1,5,0,0,3.98,3.98,0.0,1.0,0.0,0.14285714285714285,1.1428571428571428,1.3801311186847118,0
1228,3,6,2014,0,0,0,0,1,1,1,3,0,0,0.97,0.97,0.0,0.0,0.0,0.0,0.14285714285714285,0.4483951394230392,0
1198,1,5,2014,0,0,0,0,1,0,0,1,1,0,2.0,2.0,0.0,2.0,0.0,4.142857142857143,3.0,2.4037008503092863,2
211,1,8,2011,0,0,0,0,0,0,0,1,1,0,3.78,3.78,0.0,4.0,3.0,1.8571428571428572,1.8571428571428572,1.238705588262011,2
1154,6,3,2014,0,0,0,0,0,0,0,6,0,0,,,,0.0,0.0,0.0,0.0,0.0,0
118,6,5,2011,0,0,0,0,0,0,0,6,0,0,6.97,6.97,0.0,1.0,1.0,0.8571428571428571,0.6428571428571429,0.731020885058378,0
1711,3,10,2015,0,0,0,0,1,1,1,3,0,0,2.0,2.0,0.0,2.0,7.0,2.4285714285714284,2.642857142857143,2.8049464999754727,6
583,2,9,2012,0,0,0,0,1,0,1,2,0,0,,,,0.0,0.0,0.0,0.0,0.0,0
258,6,10,2011,0,0,0,0,0,1,0,6,0,0,2.86,2.86,0.0,4.0,2.0,3.142857142857143,2.1785714285714284,1.8669359216239163,0
1522,3,3,2015,0,0,0,0,0,0,0,3,0,0,,,,0.0,0.0,0.0,0.0,0.0,0
1037,1,11,2013,0,0,0,0,0,0,0,1,1,0,6.96,6.96,0.0,1.0,3.0,0.2857142857142857,0.6071428571428571,0.8317445171439056,0
1140,6,3,2014,0,0,0,0,0,1,0,6,0,0,2.18,2.18,0.0,0.0,0.0,0.14285714285714285,0.07142857142857142,0.26226526415648227,0
1729,7,10,2015,0,0,0,0,0,0,0,7,1,0,1.97,1.97,0.0,0.0,1.0,0.2857142857142857,0.2857142857142857,0.4600437062282364,0
878,3,6,2013,0,0,0,0,0,0,0,3,0,0,6.97,6.97,0.0,0.0,3.0,0.7142857142857143,0.7142857142857143,0.9759000729485341,0
903,7,7,2013,0,0,0,0,0,0,0,7,1,0,4.98,4.98,0.0,0.0,0.0,0.0,0.0,0.0,0
673,1,12,2012,0,0,0,0,1,1,0,1,1,0,2.18,2.18,0.0,0.0,1.0,0.14285714285714285,0.7142857142857143,0.9371802805793974,0
39,4,3,2011,0,0,0,0,1,0,1,4,0,0,,,,0.0,0.0,0.0,0.0,0.0,0
1479,2,2,2015,0,0,0,0,0,1,1,2,0,0,,,,0.0,0.0,0.0,0.0,0.0,0
1365,7,10,2014,0,0,0,0,0,0,0,7,1,0,3.98,3.98,0.0,0.0,0.0,0.0,0.14285714285714285,0.44839513942303294,0
457,2,4,2012,0,0,0,0,0,0,0,2,0,0,,,,0.0,0.0,0.0,0.0,0.0,0
1168,6,4,2014,0,0,0,0,1,0,0,6,0,0,2.0,2.0,0.0,2.0,4.0,4.142857142857143,3.5714285714285716,2.0981221132518098,0
1258,5,7,2014,0,0,0,0,1,1,1,5,0,0,6.96,6.96,0.0,1.0,2.0,2.2857142857142856,1.5,1.3743685418725557,1
125,6,6,2011,0,0,0,0,1,0,1,6,0,0,,,,0.0,0.0,0.0,0.0,0.0,0
1713,5,10,2015,0,0,0,0,1,1,0,5,0,0,5.88,5.88,0.0,0.0,0.0,0.2857142857142857,0.14285714285714285,0.35634832254989923,0
1005,4,10,2013,0,0,0,0,0,0,0,4,0,0,2.98,2.98,0.0,0.0,2.0,1.0,0.7857142857142857,0.8325393042503728,0
375,4,2,2012,0,0,0,0,1,1,0,4,0,0,,,,0.0,0.0,0.0,0.0,0.0,0
1065,1,12,2013,0,0,0,0,0,0,0,1,1,0,2.98,2.98,0.0,0.0,0.0,0.0,0.10714285714285714,0.314970394174356,0
809,4,4,2013,0,0,0,0,0,0,0,4,0,0,,,,0.0,0.0,0.0,0.0,0.0,0
1509,4,3,2015,6,2,0,0,0,0,0,4,0,1,0.88,0.88,0.0,0.0,0.0,0.0,0.0,0.0,0
751,2,2,2013,0,0,0,0,0,0,0,2,0,0,4.43,4.43,0.0,1.0,0.0,0.2857142857142857,0.25,0.4409585518440984,0
1033,4,11,2013,0,0,0,0,0,0,0,4,0,0,11.97,11.97,0.0,0.0,0.0,0.2857142857142857,0.2857142857142857,0.5345224838248486,0
1648,3,8,2015,0,0,0,0,1,1,1,3,0,0,4.23,4.23,0.0,0.0,0.0,1.1428571428571428,0.5,0.922958206990898,5
1337,7,9,2014,0,0,0,0,0,0,0,7,1,0,1.47,1.47,0.0,2.0,5.0,1.0,1.2857142857142858,1.3293591565847687,1
147,7,6,2011,0,0,0,0,0,0,0,7,1,0,,,,0.0,0.0,0.0,0.0,0.0,0
1275,1,7,2014,0,0,0,0,0,0,0,1,1,0,1.74,1.74,0.0,0.0,0.0,0.0,0.0,0.0,0
923,6,8,2013,18,4,0,0,1,0,1,6,0,1,,,,0.0,0.0,0.0,0.0,0.0,0
1611,1,6,2015,0,0,0,0,0,0,0,1,1,0,4.78,4.78,0.0,0.0,1.0,0.42857142857142855,0.7142857142857143,0.9371802805793974,0
1578,3,5,2015,12,3,0,0,0,0,0,3,0,1,2.0,2.0,0.0,4.0,0.0,1.0,2.142857142857143,2.4752745558794347,0
12,5,2,2011,0,0,0,0,1,1,1,5,0,0,,,,0.0,,0.0,,,0
390,5,2,2012,4,4,0,0,0,0,0,5,0,1,,,,0.0,0.0,0.0,0.0,0.0,0
1152,4,3,2014,0,0,0,0,0,0,0,4,0,0,4.38,4.38,0.0,0.0,1.0,0.42857142857142855,0.39285714285714285,0.49734746139344027,1
1016,1,11,2013,0,0,0,0,1,1,1,1,1,0,2.68,2.68,0.0,0.0,0.0,0.0,0.0,0.0,0
1647,2,8,2015,0,0,0,0,1,0,1,2,0,0,5.47,5.47,0.0,0.0,2.0,0.2857142857142857,0.42857142857142855,0.690065559342354,0
1726,4,10,2015,0,0,0,0,0,0,0,4,0,0,2.88,2.88,0.0,3.0,0.0,1.5714285714285714,1.4285714285714286,1.2598815766974243,0
279,6,11,2011,0,0,0,0,1,1,1,6,0,0,5.47,5.47,0.0,0.0,0.0,0.0,0.0,0.0,0
961,2,9,2013,0,0,0,0,0,1,1,2,0,0,1.0,1.0,0.0,1.0,2.0,1.8571428571428572,2.2142857142857144,2.266619980845079,3
1104,5,2,2014,0,0,0,0,1,1,1,5,0,0,2.96,2.96,0.0,6.0,4.0,6.428571428571429,7.214285714285714,4.245757297167962,5
575,1,8,2012,0,0,0,0,0,0,0,1,1,0,2.48,2.48,0.0,1.0,0.0,1.8571428571428572,2.392857142857143,2.330780916890233,0
239,1,9,2011,0,0,0,0,0,0,0,1,1,0,,,,0.0,0.0,0.0,0.0,0.0,0
609,7,9,2012,0,0,0,0,0,0,0,7,1,0,,,,0.0,0.0,0.0,0.0,0.0,0
919,2,8,2013,0,0,0,0,1,0,0,2,0,0,7.5,7.5,0.0,0.0,0.0,0.0,0.0,0.0,0
1595,6,6,2015,0,0,0,0,0,1,1,6,0,0,2.88,2.88,0.0,0.0,0.0,0.0,0.17857142857142858,0.5479640045336474,0
1236,4,6,2014,0,0,0,0,0,0,0,4,0,0,3.96,3.96,0.0,0.0,0.0,0.14285714285714285,0.10714285714285714,0.3149703941743566,0
887,5,7,2013,0,0,0,0,1,1,1,5,0,0,2.96,2.96,0.0,9.0,6.0,8.142857142857142,6.321428571428571,3.232400454524885,3
1563,2,5,2015,11,2,0,0,1,0,0,2,0,1,7.97,7.97,0.0,1.0,0.0,0.14285714285714285,0.14285714285714285,0.3563483225498985,0
634,4,10,2012,0,0,0,0,0,0,0,4,0,0,6.98,6.98,0.0,0.0,0.0,0.0,0.0,0.0,0
1618,1,7,2015,16,3,0,0,1,0,0,1,1,1,1.0,1.0,0.0,0.0,6.0,4.571428571428571,3.9285714285714284,3.114227464141418,1
767,4,3,2013,0,0,0,0,1,1,1,4,0,0,1.97,1.97,0.0,0.0,0.0,0.14285714285714285,0.7142857142857143,1.2128064441201947,0
596,1,9,2012,0,0,0,0,0,1,1,1,1,0,,,,0.0,0.0,0.0,0.0,0.0,0
1029,7,11,2013,0,0,0,0,0,0,0,7,1,0,8.98,8.98,0.0,0.0,2.0,1.0,0.5714285714285714,0.8789122666607698,0
1011,3,11,2013,0,0,0,0,1,0,0,3,0,0,8.97,8.97,0.0,0.0,0.0,0.0,0.0,0.0,0
1304,2,8,2014,0,0,0,0,0,0,0,2,0,0,2.97,2.97,0.0,0.0,0.0,0.0,0.0,0.0,0
959,7,9,2013,0,0,0,0,0,1,0,7,1,0,2.5,2.5,0.0,0.0,0.0,4.0,1.25,2.2709926039966333,4
105,7,5,2011,0,0,0,0,0,1,0,7,1,0,6.97,6.97,0.0,0.0,0.0,0.2857142857142857,0.32142857142857145,0.722832465019919,0
5,5,2,2011,0,0,0,0,1,0,1,5,0,0,,,,,,,,,0
1188,5,4,2014,0,0,0,0,0,0,0,5,0,0,3.28,3.28,0.0,0.0,0.0,0.0,0.0,0.0,0
485,2,5,2012,0,0,0,0,0,0,0,2,0,0,,,,0.0,0.0,0.0,0.0,0.0,0
1630,6,7,2015,0,0,0,0,0,0,0,6,0,0,5.27,5.27,0.0,1.0,0.0,0.14285714285714285,0.25,0.5181877251716004,0
1406,6,12,2014,0,0,0,0,1,0,0,6,0,0,4.47,4.47,0.0,0.0,2.0,0.5714285714285714,0.7857142857142857,0.8758971213537398,1
876,1,6,2013,0,0,0,0,0,0,0,1,1,0,2.72,2.72,0.0,0.0,4.0,1.0,1.3928571428571428,1.4742050139924308,0
4,4,2,2011,0,0,0,0,1,1,0,4,0,0,,,,,,,,,0
342,6,1,2012,0,0,0,0,1,1,1,6,0,0,,,,0.0,0.0,0.0,0.0,0.0,0
1069,5,1,2014,27,3,0,0,1,1,0,5,0,1,7.97,7.97,0.0,0.0,3.0,2.7142857142857144,2.857142857142857,2.0131840583786875,3
1538,5,4,2015,0,0,0,0,0,1,1,5,0,0,7.97,7.97,0.0,0.0,2.0,0.42857142857142855,0.5357142857142857,0.744468135135953,0
124,5,6,2011,0,0,0,0,1,1,0,5,0,0,,,,0.0,0.0,0.0,0.0,0.0,0
1681,1,9,2015,0,0,0,0,1,1,1,1,1,0,3.33,3.33,0.0,7.0,9.0,1.7142857142857142,2.4285714285714284,2.3637473611411015,0
685,6,12,2012,0,0,0,0,0,1,0,6,0,0,1.74,1.74,0.0,0.0,0.0,0.0,0.0,0.0,0
1484,7,2,2015,0,0,0,0,0,0,0,7,1,0,2.18,2.18,0.0,0.0,0.0,0.0,0.10714285714285714,0.3149703941743569,0
722,1,1,2013,0,0,0,0,0,0,0,1,1,0,,,,0.0,0.0,0.0,0.0,0.0,0
1559,5,5,2015,0,0,0,0,1,1,1,5,0,0,2.98,2.98,0.0,3.0,3.0,1.7142857142857142,1.2142857142857142,1.1660996354464574,0
134,1,6,2011,0,0,0,0,0,1,1,1,1,0,2.88,2.88,0.0,1.0,4.0,0.42857142857142855,1.4642857142857142,2.6871731374996046,0
261,2,10,2011,0,0,0,0,0,0,0,2,0,0,0.5,0.5,0.0,1.0,1.0,1.1428571428571428,2.357142857142857,2.751622897751172,0
1686,6,9,2015,0,0,0,0,1,0,0,6,0,0,1.78,1.78,0.0,3.0,2.0,3.0,2.642857142857143,1.9853964193074751,0
416,3,3,2012,0,0,0,0,0,0,0,3,0,0,,,,0.0,0.0,0.0,0.0,0.0,0
896,7,7,2013,0,0,0,0,0,1,1,7,1,0,4.97,4.97,0.0,0.0,0.0,0.14285714285714285,0.4642857142857143,0.8811668550592597,0
850,3,5,2013,12,3,0,0,0,0,0,3,0,1,5.64,5.64,0.0,3.0,1.0,1.5714285714285714,1.3571428571428572,1.1292175499576151,2
490,7,6,2012,0,0,0,0,1,1,0,7,1,0,4.74,4.74,0.0,0.0,0.0,1.2857142857142858,1.2142857142857142,2.131894355959869,0
384,6,2,2012,0,0,0,0,0,0,0,6,0,0,,,,0.0,0.0,0.0,0.0,0.0,0
581,7,8,2012,0,0,0,0,0,0,0,7,1,0,6.97,6.97,0.0,0.0,0.0,0.0,0.0,0.0,0
906,3,7,2013,0,0,0,0,0,0,0,3,0,0,2.98,2.98,0.0,6.0,0.0,2.5714285714285716,2.142857142857143,1.8995961698386337,1
82,5,4,2011,0,0,0,0,0,0,0,5,0,0,1.98,1.98,0.0,6.0,3.0,4.714285714285714,3.9285714285714284,2.017122472430237,1
1327,4,9,2014,0,0,0,0,0,0,0,4,0,0,2.42,2.42,0.0,1.0,1.0,0.5714285714285714,0.8571428571428571,1.208435956233284,0
1364,6,10,2014,0,0,0,0,0,0,0,6,0,0,1.98,1.98,0.0,0.0,0.0,1.2857142857142858,2.25,1.8584142981864156,4
892,3,7,2013,0,0,0,0,1,0,1,3,0,0,3.88,3.88,0.0,0.0,1.0,1.0,1.1785714285714286,1.123933945224325,1
1515,3,3,2015,0,0,0,0,0,0,0,3,0,0,5.47,5.47,0.0,0.0,0.0,0.2857142857142857,0.14285714285714285,0.3563483225498995,0
85,1,4,2011,0,0,0,0,0,0,0,1,1,0,,,,0.0,0.0,0.0,0.0,0.0,0
1591,2,6,2015,0,0,0,0,1,1,0,2,0,0,2.67,2.67,0.0,0.0,2.0,0.8571428571428571,1.3214285714285714,1.634207734847356,1
539,7,7,2012,17,4,0,0,0,0,0,7,1,1,3.98,3.98,0.0,0.0,1.0,0.7142857142857143,1.2857142857142858,1.56008411114992,0
1836,2,2,2016,1,1,0,0,1,1,0,2,0,1,2.18,2.18,0.0,0.0,0.0,0.14285714285714285,0.14285714285714285,0.3563483225499001,0
243,5,9,2011,0,0,0,0,0,0,0,5,0,0,,,,0.0,0.0,0.0,0.0,0.0,0
1083,5,1,2014,0,0,0,0,0,1,1,5,0,0,6.98,6.98,0.0,0.0,0.0,0.0,0.0,0.0,0
1785,7,12,2015,0,0,0,0,0,0,0,7,1,0,7.97,7.97,0.0,0.0,0.0,0.14285714285714285,0.14285714285714285,0.35634832254989846,0
1458,2,1,2015,0,0,0,0,0,0,0,2,0,0,4.47,4.47,0.0,0.0,0.0,0.0,0.0,0.0,0
1023,1,11,2013,0,0,0,0,0,0,0,1,1,0,4.38,4.38,0.0,0.0,0.0,0.7142857142857143,0.8214285714285714,1.0202966681339758,1
1655,3,8,2015,0,0,0,0,1,0,0,3,0,0,1.48,1.48,0.0,0.0,0.0,0.0,0.10714285714285714,0.4162696521252787,2
1665,6,8,2015,0,0,0,0,0,0,0,6,0,0,4.27,4.27,0.0,1.0,0.0,0.14285714285714285,0.4642857142857143,0.7444681351359584,0
804,6,4,2013,0,0,0,0,0,1,1,6,0,0,,,,0.0,0.0,0.0,0.0,0.0,0
1009,1,11,2013,0,0,0,0,1,0,1,1,1,0,6.48,6.48,0.0,0.0,0.0,0.42857142857142855,0.10714285714285714,0.314970394174356,1
1127,7,2,2014,0,0,0,0,0,0,0,7,1,0,2.98,2.98,0.0,2.0,4.0,2.7142857142857144,2.3214285714285716,1.7224782195810828,3
1499,1,3,2015,0,0,0,0,1,1,0,1,1,0,,,,0.0,0.0,0.0,0.0,0.0,0
1043,7,12,2013,0,0,0,0,1,1,1,7,1,0,1.0,1.0,0.0,3.0,2.0,2.4285714285714284,3.0,2.357022603955158,3
1349,5,10,2014,0,0,0,0,1,0,1,5,0,0,4.44,4.44,0.0,0.0,0.0,0.0,0.10714285714285714,0.4162696521251859,0
1122,2,2,2014,0,0,0,0,0,0,0,2,0,0,2.78,2.78,0.0,0.0,0.0,0.7142857142857143,0.39285714285714285,0.6288900106557942,0
1762,5,11,2015,0,0,0,0,0,0,0,5,0,0,3.97,3.97,0.0,0.0,0.0,0.14285714285714285,0.10714285714285714,0.31497039417435746,0
1374,2,11,2014,0,0,0,0,1,0,1,2,0,0,2.98,2.98,0.0,2.0,2.0,2.2857142857142856,2.1785714285714284,1.564740457204551,5
177,2,7,2011,0,0,0,0,0,0,0,2,0,0,,,,0.0,0.0,0.0,0.0,0.0,0
1347,3,10,2014,0,0,0,0,1,1,1,3,0,0,9.97,9.97,0.0,0.0,0.0,0.0,0.0,0.0,0
1449,7,1,2015,0,0,0,0,0,0,0,7,1,0,3.47,3.47,0.0,6.0,3.0,3.4285714285714284,3.5714285714285716,2.234884559593401,4
1287,6,8,2014,0,0,0,0,1,1,0,6,0,0,3.32,3.32,0.0,0.0,0.0,0.5714285714285714,0.9642857142857143,1.2317450089997377,3
996,2,10,2013,0,0,0,0,0,0,0,2,0,0,,,,0.0,0.0,0.0,0.0,0.0,0
103,5,5,2011,0,0,0,0,0,1,1,5,0,0,,,,0.0,0.0,0.0,0.0,0.0,0
420,7,3,2012,0,0,0,0,0,0,0,7,1,0,,,,0.0,0.0,0.0,0.0,0.0,0
1051,1,12,2013,0,0,0,0,0,0,1,1,1,0,1.58,1.58,0.0,74.0,78.0,74.42857142857143,75.21428571428571,11.985661627798574,91
1756,6,11,2015,0,0,0,0,0,0,0,6,0,0,3.0,3.0,0.0,4.0,6.0,7.428571428571429,7.035714285714286,3.553632912711563,7
1660,1,8,2015,0,0,0,0,0,1,1,1,1,0,3.98,3.98,0.0,0.0,1.0,0.0,0.5357142857142857,1.1700630833624324,0
1690,3,9,2015,0,0,0,0,0,0,1,3,0,0,8.56,8.56,0.0,0.0,0.0,0.5714285714285714,0.42857142857142855,1.0690449676496978,0
1578,3,5,2015,12,3,0,0,0,0,0,3,0,1,3.48,3.48,0.0,0.0,2.0,2.0,2.0357142857142856,1.3466595945123108,3
1377,5,11,2014,0,0,0,0,1,1,1,5,0,0,2.88,2.88,0.0,0.0,0.0,0.0,0.0,0.0,0
1700,6,9,2015,22,4,0,0,0,0,0,6,0,1,2.47,2.47,0.0,0.0,1.0,0.0,0.10714285714285714,0.31497039417435607,0
1297,2,8,2014,0,0,0,0,0,0,0,2,0,0,3.33,3.33,0.0,0.0,0.0,0.0,0.0,0.0,0
1108,2,2,2014,0,0,0,0,1,1,1,2,0,0,,,,0.0,0.0,0.0,0.0,0.0,0
1280,6,7,2014,0,0,0,0,0,0,0,6,0,0,,,,0.0,0.0,0.0,0.0,0.0,0
1521,2,3,2015,0,0,0,0,0,0,0,2,0,0,4.88,4.88,0.0,0.0,0.0,0.0,0.25,0.44095855184410526,0
1445,3,1,2015,0,0,0,0,0,1,1,3,0,0,0.94,0.94,0.0,0.0,0.0,0.0,0.0,0.0,0
1663,4,8,2015,0,0,0,0,0,0,0,4,0,0,9.86,9.86,0.0,1.0,1.0,0.8571428571428571,0.5714285714285714,0.8357108940373469,0
582,1,9,2012,0,0,0,0,1,1,0,1,1,0,2.98,2.98,0.0,0.0,0.0,0.7142857142857143,0.7142857142857143,1.1174422797966987,0
1801,2,1,2016,0,0,0,0,1,1,1,2,0,0,2.18,2.18,0.0,0.0,0.0,2.0,1.75,1.6244657241348264,2
43,1,3,2011,0,0,0,0,0,1,1,1,1,0,6.98,6.98,0.0,0.0,0.0,0.0,0.0,0.0,0
1808,2,1,2016,0,0,0,0,1,0,0,2,0,0,4.27,4.27,0.0,0.0,2.0,0.8571428571428571,0.9285714285714286,1.0515798142890127,1
847,7,5,2013,0,0,0,0,0,0,0,7,1,0,,,,0.0,0.0,0.0,0.0,0.0,0
880,5,6,2013,0,0,0,0,0,0,0,5,0,0,2.48,2.48,0.0,2.0,0.0,3.7142857142857144,2.607142857142857,2.078804601550744,0
582,1,9,2012,0,0,0,0,1,1,0,1,1,0,,,,0.0,0.0,0.0,0.0,0.0,0
1297,2,8,2014,0,0,0,0,0,0,0,2,0,0,4.98,4.98,0.0,0.0,0.0,0.14285714285714285,0.03571428571428571,0.18898223650461307,2
633,3,10,2012,0,0,0,0,0,0,0,3,0,0,,,,0.0,0.0,0.0,0.0,0.0,0
388,3,2,2012,3,3,0,0,0,0,0,3,0,1,6.98,6.98,0.0,0.0,0.0,0.5714285714285714,0.25,0.5181877251716009,0
495,5,6,2012,0,0,0,0,1,1,1,5,0,0,,,,0.0,0.0,0.0,0.0,0.0,0
123,4,5,2011,13,1,0,0,0,0,0,4,0,1,2.0,2.0,0.0,0.0,2.0,0.2857142857142857,0.4642857142857143,0.7926581093427848,1
799,1,4,2013,0,0,0,0,1,1,1,1,1,0,2.98,2.98,0.0,5.0,1.0,2.7142857142857144,2.4642857142857144,2.1855102439602114,2
898,2,7,2013,0,0,0,0,0,0,1,2,0,0,4.47,4.47,0.0,0.0,0.0,0.8571428571428571,0.5714285714285714,0.8357108940373451,0
807,2,4,2013,0,0,0,0,0,0,1,2,0,0,2.94,2.94,0.0,0.0,1.0,0.0,0.6071428571428571,1.030615986761952,0
200,4,8,2011,0,0,0,0,0,0,0,4,0,0,1.88,1.88,0.0,0.0,0.0,2.5714285714285716,1.8571428571428572,1.6265001215808887,1
4,4,2,2011,0,0,0,0,1,1,0,4,0,0,,,,,,,,,0
45,3,3,2011,0,0,0,0,0,0,1,3,0,0,7.97,7.97,0.0,2.0,3.0,2.5714285714285716,3.8214285714285716,2.1611651766199915,2
97,6,5,2011,10,2,0,0,1,1,1,6,0,1,,,,0.0,0.0,0.0,0.0,0.0,0
594,6,9,2012,0,0,0,0,0,1,0,6,0,0,2.68,2.68,0.0,0.0,0.0,0.42857142857142855,0.5,0.9999999999999996,0
1755,5,11,2015,0,0,0,0,0,0,0,5,0,0,6.42,6.42,0.0,0.0,2.0,0.2857142857142857,0.42857142857142855,0.6900655593423539,1
1635,4,7,2015,0,0,0,0,0,0,0,4,0,0,2.88,2.88,0.0,0.0,1.0,0.0,0.42857142857142855,1.1996472144565826,4
419,6,3,2012,0,0,0,0,0,0,0,6,0,0,5.98,5.98,0.0,0.0,0.0,0.0,0.0,0.0,0
1854,6,2,2016,0,0,0,0,0,0,0,6,0,0,0.48,0.48,0.0,3.0,6.0,2.857142857142857,2.107142857142857,3.0712439959306086,3
1555,1,5,2015,0,0,0,0,1,0,1,1,1,0,3.0,3.0,0.0,0.0,5.0,0.0,1.2142857142857142,1.8729486132663904,0
737,2,2,2013,1,1,0,0,1,1,1,2,0,1,2.78,2.78,0.0,8.0,13.0,9.857142857142858,8.5,3.2489314482696408,14
1449,7,1,2015,0,0,0,0,0,0,0,7,1,0,5.98,5.98,0.0,0.0,0.0,0.0,0.03571428571428571,0.18898223650461404,0
27,6,2,2011,0,0,0,0,0,0,0,6,0,0,,,,0.0,,0.0,,,0
885,3,7,2013,0,0,0,0,1,1,0,3,0,0,1.0,1.0,0.0,6.0,0.0,4.0,4.214285714285714,3.6245780633842246,5
1498,7,3,2015,0,0,0,0,1,1,1,7,1,0,1.0,1.0,0.0,10.0,3.0,4.857142857142857,5.285714285714286,4.503966505838413,6
1847,6,2,2016,0,0,0,0,0,0,0,6,0,0,2.96,2.96,0.0,0.0,0.0,0.8571428571428571,0.21428571428571427,0.9567360740266218,2
1654,2,8,2015,0,0,0,0,1,1,1,2,0,0,2.88,2.88,0.0,2.0,0.0,1.1428571428571428,0.6428571428571429,0.9114207758701958,0
755,6,2,2013,0,0,0,0,0,0,0,6,0,0,2.18,1.98,0.20000000000000018,0.0,0.0,0.7142857142857143,1.8571428571428572,1.9381985854431252,2
1071,7,1,2014,0,0,0,0,1,1,1,7,1,0,2.94,2.94,0.0,0.0,0.0,0.2857142857142857,0.5357142857142857,1.0708993401928006,0
1355,4,10,2014,0,0,0,0,0,0,1,4,0,0,2.96,2.96,0.0,5.0,3.0,2.142857142857143,1.8214285714285714,1.5408889072021381,0
814,2,4,2013,0,0,0,0,0,0,0,2,0,0,,,,0.0,0.0,0.0,0.0,0.0,0
986,6,10,2013,0,0,0,0,1,0,0,6,0,0,11.97,11.97,0.0,1.0,0.0,0.2857142857142857,0.17857142857142858,0.3900210277874796,0
1669,3,8,2015,0,0,0,0,0,0,0,3,0,0,2.48,2.48,0.0,5.0,1.0,2.857142857142857,2.5714285714285716,1.9518001458970717,0
1181,5,4,2014,0,0,0,0,0,0,0,5,0,0,5.34,5.34,0.0,1.0,0.0,0.42857142857142855,0.5357142857142857,0.692934867183583,1
321,6,12,2011,0,0,0,0,0,1,1,6,0,0,0.5,0.5,0.0,2.0,20.0,3.4285714285714284,4.25,4.789069344370071,1
967,1,9,2013,0,0,0,0,0,0,0,1,1,0,2.48,2.48,0.0,0.0,4.0,0.42857142857142855,0.7142857142857143,1.0490610566259242,0
1014,6,11,2013,0,0,0,0,1,1,0,6,0,0,4.63,4.63,0.0,0.0,0.0,0.7142857142857143,0.5,0.7453559924999295,0
148,1,6,2011,0,0,0,0,0,0,0,1,1,0,,,,0.0,0.0,0.0,0.0,0.0,0
1027,5,11,2013,0,0,0,0,0,0,0,5,0,0,6.97,6.97,0.0,0.0,0.0,0.0,0.10714285714285714,0.4162696521251859,0
135,2,6,2011,14,1,0,0,0,1,1,2,0,1,,,,0.0,0.0,0.0,0.0,0.0,0
978,5,10,2013,0,0,0,0,1,0,1,5,0,0,7.47,7.47,0.0,0.0,0.0,0.14285714285714285,0.03571428571428571,0.1889822365046136,0
395,3,2,2012,0,0,0,0,0,0,0,3,0,0,,,,0.0,0.0,0.0,0.0,0.0,0
1273,6,7,2014,0,0,0,0,0,0,0,6,0,0,4.98,4.98,0.0,0.0,0.0,0.2857142857142857,0.5,0.7934920476158724,0
1235,3,6,2014,0,0,0,0,0,0,0,3,0,0,2.48,2.48,0.0,0.0,3.0,2.142857142857143,2.7142857142857144,1.9973527453652238,0
1323,7,9,2014,0,0,0,0,0,1,1,7,1,0,0.54,0.54,0.0,0.0,0.0,0.0,0.0,0.0,0
140,7,6,2011,0,0,0,0,0,0,0,7,1,0,3.98,3.98,0.0,2.0,0.0,3.142857142857143,1.6785714285714286,1.6342077348473547,2
975,2,9,2013,0,0,0,0,0,0,0,2,0,0,,,,0.0,0.0,0.0,0.0,0.0,0
735,7,2,2013,0,0,0,0,1,1,0,7,1,0,2.98,2.98,0.0,5.0,2.0,1.7142857142857142,0.9285714285714286,1.4638501094227994,1
1451,2,1,2015,0,0,0,0,0,0,0,2,0,0,2.5,2.5,0.0,0.0,0.0,0.0,0.6428571428571429,0.9893613995077664,0
1838,4,2,2016,0,0,0,0,1,1,1,4,0,0,4.38,4.38,0.0,0.0,0.0,0.0,0.0,0.0,0
426,6,3,2012,0,0,0,0,0,0,0,6,0,0,,,,0.0,0.0,0.0,0.0,0.0,0
561,1,8,2012,0,0,0,0,0,1,1,1,1,0,2.77,2.77,0.0,0.0,2.0,0.7142857142857143,0.39285714285714285,0.9940297973880049,0
210,7,8,2011,0,0,0,0,0,0,0,7,1,0,,,,0.0,0.0,0.0,0.0,0.0,0
588,7,9,2012,0,0,0,0,1,1,0,7,1,0,2.78,2.78,0.0,8.0,4.0,7.571428571428571,7.25,3.395258131243885,7
774,4,3,2013,0,0,0,0,0,1,1,4,0,0,,,,0.0,0.0,0.0,0.0,0.0,0
1240,1,6,2014,0,0,0,0,0,0,0,1,1,0,4.97,4.97,0.0,0.0,0.0,0.0,0.07142857142857142,0.26226526415648127,0
1414,7,12,2014,0,0,0,0,0,1,1,7,1,0,3.97,3.97,0.0,0.0,0.0,0.0,0.0,0.0,0
707,7,1,2013,0,0,0,0,1,0,0,7,1,0,1.97,1.97,0.0,1.0,0.0,0.8571428571428571,0.6785714285714286,0.72283246501992,0
882,7,6,2013,0,0,0,0,0,0,0,7,1,0,5.97,5.97,0.0,0.0,0.0,0.0,0.14285714285714285,0.3563483225498991,0
1787,2,12,2015,0,0,0,0,0,0,0,2,0,0,1.0,1.0,0.0,2.0,0.0,1.7142857142857142,1.5,1.6887426837300417,1
44,2,3,2011,0,0,0,0,0,1,0,2,0,0,,,,0.0,0.0,0.0,0.0,0.0,0
1201,4,5,2014,0,0,0,0,0,1,0,4,0,0,1.78,1.78,0.0,0.0,0.0,1.7142857142857142,0.7142857142857143,1.3569339855976215,5
855,1,6,2013,0,0,0,0,1,1,0,1,1,0,2.47,2.47,0.0,0.0,0.0,1.1428571428571428,1.4285714285714286,1.3724423061090358,0
358,1,1,2012,0,0,0,0,0,0,0,1,1,0,6.48,6.48,0.0,0.0,0.0,0.0,0.07142857142857142,0.26226526415648127,0
976,3,9,2013,0,0,0,0,0,0,0,3,0,0,3.32,3.32,0.0,1.0,1.0,0.7142857142857143,1.1785714285714286,1.389206312933459,0
93,2,5,2011,0,0,0,0,1,1,0,2,0,0,,,,0.0,0.0,0.0,0.0,0.0,0
1171,2,4,2014,0,0,0,0,0,1,0,2,0,0,8.96,8.96,0.0,1.0,1.0,0.2857142857142857,0.32142857142857145,0.5479640045336477,2
875,7,6,2013,0,0,0,0,0,0,0,7,1,0,,,,0.0,0.0,0.0,0.0,0.0,0
1293,5,8,2014,0,0,0,0,0,1,0,5,0,0,2.25,2.25,0.0,0.0,0.0,0.0,0.0,0.0,0
1740,4,11,2015,0,0,0,0,1,1,1,4,0,0,9.47,9.47,0.0,0.0,0.0,0.7142857142857143,0.8928571428571429,0.9940297973880041,0
142,2,6,2011,15,2,0,0,0,0,0,2,0,1,5.16,5.16,0.0,2.0,1.0,0.42857142857142855,0.5357142857142857,0.9222413461394479,0
57,1,3,2011,0,0,0,0,0,0,0,1,1,0,4.72,4.72,0.0,3.0,1.0,1.7142857142857142,1.8214285714285714,1.1239339452243235,1
1146,5,3,2014,0,0,0,0,0,0,0,5,0,0,1.98,1.98,0.0,0.0,0.0,0.7142857142857143,0.6785714285714286,1.055973183882701,0
1566,5,5,2015,0,0,0,0,0,1,0,5,0,0,7.88,7.88,0.0,0.0,0.0,0.14285714285714285,0.21428571428571427,0.4178554470186704,0
738,3,2,2013,0,0,0,0,1,0,0,3,0,0,15.47,15.47,0.0,0.0,0.0,0.0,0.0,0.0,0
758,2,2,2013,7,4,0,0,0,0,0,2,0,1,5.27,5.27,0.0,0.0,1.0,0.2857142857142857,0.39285714285714285,0.5669467095138406,0
1239,7,6,2014,0,0,0,0,0,0,0,7,1,0,4.38,4.38,0.0,1.0,0.0,0.5714285714285714,0.5714285714285714,0.741798187018917,1
715,1,1,2013,0,0,0,0,0,1,1,1,1,0,0.94,0.94,0.0,8.0,9.0,10.857142857142858,8.571428571428571,6.431568966051665,1
1379,7,11,2014,0,0,0,0,1,1,0,7,1,0,4.97,4.97,0.0,0.0,0.0,0.0,0.03571428571428571,0.1889822365046137,0
952,7,9,2013,0,0,0,0,1,1,1,7,1,0,1.58,1.58,0.0,0.0,0.0,0.0,0.0,0.0,0
1694,7,9,2015,0,0,0,0,0,0,0,7,1,0,1.38,1.38,0.0,6.0,3.0,5.0,4.357142857142857,2.895901135440164,7
1681,1,9,2015,0,0,0,0,1,1,1,1,1,0,1.0,1.0,0.0,4.0,1.0,2.5714285714285716,1.8214285714285714,1.6113847605586789,2
1526,7,4,2015,0,0,0,0,1,1,1,7,1,0,2.08,2.08,0.0,0.0,0.0,0.0,0.4642857142857143,0.8380817098475255,0
263,4,10,2011,0,0,0,0,0,0,0,4,0,0,,,,0.0,0.0,0.0,0.0,0.0,0
861,7,6,2013,0,0,0,0,1,1,0,7,1,0,2.0,2.0,0.0,0.0,0.0,0.8571428571428571,0.8928571428571429,1.8527114407105287,0
1443,1,1,2015,0,0,0,0,1,0,0,1,1,0,6.97,6.97,0.0,0.0,1.0,0.7142857142857143,1.2142857142857142,1.1660996354464512,2
1535,2,4,2015,8,4,0,0,0,1,1,2,0,1,2.96,2.96,0.0,1.0,3.0,2.0,1.7142857142857142,1.383959506396021,3
520,2,7,2012,0,0,0,0,1,1,0,2,0,0,3.07,3.07,0.0,6.0,2.0,2.5714285714285716,2.892857142857143,2.739820022668233,4
1584,2,5,2015,0,0,0,0,0,0,0,2,0,0,4.47,4.47,0.0,0.0,2.0,0.0,0.14285714285714285,0.4483951394230333,0
8,1,2,2011,0,0,0,0,1,1,1,1,1,0,7.97,7.97,0.0,0.0,,0.2857142857142857,,,0
1839,5,2,2016,4,4,0,0,1,0,0,5,0,1,1.88,1.88,0.0,0.0,0.0,0.0,0.03571428571428571,0.18898223650461343,0
1699,5,9,2015,0,0,0,0,0,0,0,5,0,0,,,,0.0,0.0,0.0,0.0,0.0,0
603,1,9,2012,0,0,0,0,0,0,0,1,1,0,4.74,4.74,0.0,0.0,0.0,0.0,0.6071428571428571,1.448863813202038,0
1100,1,2,2014,0,0,0,0,1,1,0,1,1,0,1.97,1.97,0.0,0.0,0.0,0.2857142857142857,0.25,0.4409585518440984,1
281,1,11,2011,0,0,0,0,1,1,1,1,1,0,10.97,10.97,0.0,0.0,0.0,0.42857142857142855,0.42857142857142855,0.6341264874742285,0
1565,4,5,2015,0,0,0,0,0,1,1,4,0,0,2.5,2.5,0.0,0.0,0.0,0.0,0.25,0.44095855184409943,0
1216,5,5,2014,0,0,0,0,0,0,0,5,0,0,3.48,3.48,0.0,0.0,0.0,0.2857142857142857,0.35714285714285715,0.7800420555749504,2
25,4,2,2011,0,0,0,0,0,0,0,4,0,0,12.97,12.97,0.0,0.0,,0.0,,,0
199,3,8,2011,0,0,0,0,0,1,1,3,0,0,8.48,8.48,0.0,0.0,0.0,0.0,0.17857142857142858,0.475594865605671,0
311,3,12,2011,0,0,0,0,1,1,1,3,0,0,4.54,4.54,0.0,0.0,0.0,0.0,0.03571428571428571,0.18898223650461377,0
917,7,8,2013,0,0,0,0,1,0,1,7,1,0,4.88,4.88,0.0,0.0,0.0,0.7142857142857143,0.5357142857142857,0.8380817098475242,1
1184,1,4,2014,0,0,0,0,0,0,0,1,1,0,9.97,9.97,0.0,1.0,0.0,0.5714285714285714,0.42857142857142855,0.5727497953228161,2
377,6,2,2012,0,0,0,0,1,1,1,6,0,0,,,,0.0,0.0,0.0,0.0,0.0,0
871,3,6,2013,0,0,0,0,0,0,0,3,0,0,2.73,2.73,0.0,0.0,0.0,0.42857142857142855,0.17857142857142858,0.4755948656056709,0
1041,5,12,2013,0,0,0,0,1,0,0,5,0,0,,,,0.0,0.0,0.0,0.0,0.0,0
125,6,6,2011,0,0,0,0,1,0,1,6,0,0,1.98,1.98,0.0,0.0,0.0,0.0,0.0,0.0,0
1755,5,11,2015,0,0,0,0,0,0,0,5,0,0,4.23,4.23,0.0,0.0,1.0,0.42857142857142855,0.5714285714285714,0.6341264874742283,1
1473,3,2,2015,0,0,0,0,1,1,1,3,0,0,2.24,2.24,0.0,0.0,0.0,0.8571428571428571,0.7857142857142857,1.1338934190276957,3
107,2,5,2011,0,0,0,0,0,1,1,2,0,0,,,,0.0,0.0,0.0,0.0,0.0,0
791,7,3,2013,0,0,0,0,0,0,0,7,1,0,2.98,2.98,0.0,0.0,1.0,3.142857142857143,2.4642857142857144,2.2191446943818627,2
1202,5,5,2014,0,0,0,0,0,0,1,5,0,0,5.22,5.22,0.0,0.0,0.0,0.42857142857142855,0.39285714285714285,0.6288900106557942,0
514,3,6,2012,0,0,0,0,0,0,0,3,0,0,0.97,0.97,0.0,0.0,0.0,0.42857142857142855,0.21428571428571427,0.5681120688308963,0
1833,6,2,2016,0,0,0,0,1,0,0,6,0,0,3.42,3.42,0.0,6.0,4.0,4.142857142857143,3.7142857142857144,1.8024087351866858,2
575,1,8,2012,0,0,0,0,0,0,0,1,1,0,5.94,5.94,0.0,0.0,0.0,0.14285714285714285,0.32142857142857145,0.5479640045336465,2
631,1,10,2012,0,0,0,0,0,0,0,1,1,0,6.97,6.97,0.0,1.0,0.0,0.2857142857142857,0.35714285714285715,0.6214848238238699,0
1557,3,5,2015,0,0,0,0,1,0,0,3,0,0,2.98,2.98,0.0,0.0,0.0,0.0,0.07142857142857142,0.262265264156481,0
1556,2,5,2015,0,0,0,0,1,1,1,2,0,0,1.98,1.98,0.0,0.0,1.0,1.2857142857142858,0.9285714285714286,0.9399988742535207,0
1642,4,7,2015,0,0,0,0,0,0,0,4,0,0,2.87,2.87,0.0,2.0,2.0,1.5714285714285714,1.1428571428571428,0.9315175080076955,1
138,5,6,2011,0,0,0,0,0,1,1,5,0,0,9.88,9.88,0.0,3.0,1.0,3.857142857142857,1.9285714285714286,1.9231257625055864,6
472,3,5,2012,0,0,0,0,0,0,1,3,0,0,3.27,3.27,0.0,0.0,0.0,0.42857142857142855,0.2857142857142857,0.5345224838248485,0
33,5,3,2011,0,0,0,0,1,0,1,5,0,0,3.18,3.18,0.0,0.0,0.0,0.0,0.10714285714285714,0.314970394174356,0
878,3,6,2013,0,0,0,0,0,0,0,3,0,0,9.88,9.88,0.0,0.0,1.0,0.0,0.10714285714285714,0.31497039417436873,0
519,1,6,2012,0,0,0,0,0,0,0,1,1,0,4.88,4.88,0.0,2.0,1.0,0.8571428571428571,0.6785714285714286,0.5479640045336464,2
307,6,12,2011,0,0,0,0,1,1,0,6,0,0,3.98,3.98,0.0,0.0,0.0,0.0,0.07142857142857142,0.26226526415648205,0
1513,1,3,2015,0,0,0,0,0,0,0,1,1,0,2.0,2.0,0.0,7.0,3.0,4.285714285714286,4.142857142857143,2.490192402417544,2
393,1,2,2012,0,0,0,0,0,0,0,1,1,0,,,,0.0,0.0,0.0,0.0,0.0,0
984,4,10,2013,0,0,0,0,1,0,1,4,0,0,12.78,12.78,0.0,0.0,0.0,0.2857142857142857,0.35714285714285715,0.5587211398983505,1
1818,5,1,2016,0,0,0,0,0,0,0,5,0,0,7.76,7.76,0.0,0.0,0.0,0.0,0.0,0.0,1
960,1,9,2013,0,0,0,0,0,0,1,1,1,0,3.94,3.94,0.0,0.0,0.0,0.0,0.0,0.0,0
1544,4,4,2015,0,0,0,0,0,0,0,4,0,0,2.78,2.78,0.0,0.0,0.0,0.0,0.0,0.0,0
356,6,1,2012,0,0,0,0,0,0,0,6,0,0,,,,0.0,0.0,0.0,0.0,0.0,0
1441,6,1,2015,0,0,0,0,1,0,1,6,0,0,2.98,2.98,0.0,0.0,0.0,0.0,0.42857142857142855,0.6341264874742282,0
1006,5,10,2013,0,0,0,0,0,0,0,5,0,0,3.32,3.32,0.0,0.0,0.0,1.0,1.0714285714285714,1.3313477278632986,1
602,7,9,2012,0,0,0,0,0,0,0,7,1,0,3.97,3.97,0.0,1.0,0.0,0.7142857142857143,0.7857142857142857,0.8758971213537398,0
647,3,11,2012,0,0,0,0,1,1,1,3,0,0,2.68,2.68,0.0,0.0,1.0,0.5714285714285714,0.5714285714285714,0.8789122666607699,0
1067,3,12,2013,0,0,0,0,0,0,0,3,0,0,13.48,13.48,0.0,0.0,0.0,0.2857142857142857,0.35714285714285715,0.8698354767504924,0
8,1,2,2011,0,0,0,0,1,1,1,1,1,0,1.25,1.25,0.0,1.0,,1.7142857142857142,,,13
699,6,12,2012,0,0,0,0,0,0,0,6,0,0,,,,0.0,0.0,0.0,0.0,0.0,0
773,3,3,2013,0,0,0,0,0,1,1,3,0,0,1.48,1.48,0.0,2.0,3.0,3.0,1.8928571428571428,1.6630914033428879,3
1356,5,10,2014,0,0,0,0,0,1,1,5,0,0,9.24,9.24,0.0,0.0,0.0,0.0,0.0,0.0,0
42,7,3,2011,0,0,0,0,0,1,1,7,1,0,,,,0.0,0.0,0.0,0.0,0.0,0
1745,2,11,2015,0,0,0,0,1,0,1,2,0,0,4.88,4.88,0.0,0.0,1.0,0.2857142857142857,0.35714285714285715,0.4879500364742622,0
1854,6,2,2016,0,0,0,0,0,0,0,6,0,0,9.97,9.97,0.0,1.0,2.0,1.1428571428571428,1.5,0.9229582069908963,0
714,7,1,2013,0,0,0,0,0,1,1,7,1,0,2.5,2.5,0.0,1.0,1.0,1.8571428571428572,1.1071428571428572,1.4991179064218059,3
270,4,10,2011,0,0,0,0,0,0,0,4,0,0,2.97,2.97,0.0,0.0,0.0,0.0,0.0,0.0,0
1526,7,4,2015,0,0,0,0,1,1,1,7,1,0,1.72,1.72,0.0,0.0,0.0,0.0,0.8214285714285714,1.278122796760132,0
1526,7,4,2015,0,0,0,0,1,1,1,7,1,0,8.96,8.96,0.0,0.0,1.0,0.5714285714285714,0.75,0.9670497325294011,1
1414,7,12,2014,0,0,0,0,0,1,1,7,1,0,2.5,2.5,0.0,1.0,0.0,0.8571428571428571,0.6785714285714286,0.983326607456141,1
1562,1,5,2015,0,0,0,0,1,1,1,1,1,0,4.47,4.47,0.0,0.0,0.0,0.5714285714285714,1.1071428571428572,1.314852074887506,0
1339,2,9,2014,0,0,0,0,0,0,0,2,0,0,2.68,2.68,0.0,0.0,0.0,0.2857142857142857,0.6071428571428571,1.4742050139924308,0
1096,4,1,2014,0,0,0,0,0,0,0,4,0,0,14.26,14.26,0.0,1.0,0.0,0.42857142857142855,0.42857142857142855,0.5727497953228161,0
561,1,8,2012,0,0,0,0,0,1,1,1,1,0,8.98,8.98,0.0,0.0,0.0,0.14285714285714285,0.35714285714285715,0.731020885058378,0
1417,3,12,2014,0,0,0,0,0,1,1,3,0,0,1.98,1.98,0.0,8.0,4.0,4.857142857142857,2.9642857142857144,2.9749838823982047,9
1229,4,6,2014,0,0,0,0,1,0,0,4,0,0,0.97,0.97,0.0,0.0,2.0,0.0,0.14285714285714285,0.4483951394230392,0
1083,5,1,2014,0,0,0,0,0,1,1,5,0,0,6.98,6.98,0.0,0.0,2.0,3.0,1.5357142857142858,2.235772181747781,5
1406,6,12,2014,0,0,0,0,1,0,0,6,0,0,1.88,1.88,0.0,0.0,0.0,0.0,0.17857142857142858,0.39002102778747944,1
387,2,2,2012,0,0,0,0,0,0,0,2,0,0,,,,0.0,0.0,0.0,0.0,0.0,0
728,7,1,2013,0,0,0,0,0,0,0,7,1,0,,,,0.0,0.0,0.0,0.0,0.0,0
423,3,3,2012,0,0,0,0,0,0,0,3,0,0,,,,0.0,0.0,0.0,0.0,0.0,0
44,2,3,2011,0,0,0,0,0,1,0,2,0,0,,,,0.0,0.0,0.0,0.0,0.0,0
1082,4,1,2014,0,0,0,0,0,0,1,4,0,0,4.97,4.97,0.0,0.0,1.0,0.0,0.5357142857142857,1.3188699668344817,1
187,5,8,2011,0,0,0,0,1,1,1,5,0,0,,,,0.0,0.0,0.0,0.0,0.0,0
1849,1,2,2016,0,0,0,0,0,0,0,1,1,0,1.74,1.74,0.0,1.0,2.0,0.2857142857142857,1.2857142857142858,2.565542940979666,0
290,3,11,2011,0,0,0,0,0,0,1,3,0,0,,,,0.0,0.0,0.0,0.0,0.0,0
1076,5,1,2014,0,0,0,0,1,0,1,5,0,0,1.0,1.0,0.0,2.0,2.0,2.4285714285714284,1.6428571428571428,1.3113263207824084,2
97,6,5,2011,10,2,0,0,1,1,1,6,0,1,,,,0.0,0.0,0.0,0.0,0.0,0
1008,7,11,2013,0,0,0,0,1,1,0,7,1,0,,,,0.0,0.0,0.0,0.0,0.0,0
291,4,11,2011,0,0,0,0,0,1,1,4,0,0,9.88,9.88,0.0,0.0,0.0,0.0,0.0,0.0,0
1677,4,9,2015,0,0,0,0,1,1,0,4,0,0,12.78,12.78,0.0,0.0,0.0,0.14285714285714285,0.32142857142857145,0.6118321864193024,0
1536,3,4,2015,0,0,0,0,0,1,0,3,0,0,4.74,4.98,-0.2400000000000002,0.0,0.0,0.0,0.0,0.0,0
1754,4,11,2015,0,0,0,0,0,0,0,4,0,0,4.97,4.97,0.0,0.0,0.0,0.0,0.14285714285714285,0.35634832254989923,0
1388,2,11,2014,0,0,0,0,0,0,0,2,0,0,0.98,0.98,0.0,0.0,0.0,0.0,0.42857142857142855,2.2677868380553683,1
163,2,7,2011,0,0,0,0,1,0,0,2,0,0,3.28,3.28,0.0,0.0,0.0,0.8571428571428571,0.21428571428571427,0.629940788348712,1
1080,2,1,2014,0,0,0,0,0,1,1,2,0,0,2.5,2.5,0.0,0.0,2.0,0.42857142857142855,1.1428571428571428,1.4584183648679572,0
723,2,1,2013,0,0,0,0,0,0,0,2,0,0,,,,0.0,0.0,0.0,0.0,0.0,0
1450,1,1,2015,0,0,0,0,0,0,0,1,1,0,2.24,2.24,0.0,0.0,0.0,0.0,0.0,0.0,0
1680,7,9,2015,0,0,0,0,1,0,0,7,1,0,4.81,4.81,0.0,1.0,0.0,0.7142857142857143,0.25,0.5181877251716013,1
1220,2,6,2014,0,0,0,0,1,1,0,2,0,0,4.97,4.97,0.0,0.0,0.0,0.0,0.0,0.0,0
1346,2,10,2014,0,0,0,0,1,1,1,2,0,0,9.42,9.42,0.0,0.0,0.0,0.14285714285714285,0.21428571428571427,0.41785544701867255,0
1034,5,11,2013,0,0,0,0,0,0,0,5,0,0,2.5,2.5,0.0,0.0,0.0,0.0,0.0,0.0,0
437,3,4,2012,0,0,0,0,1,1,1,3,0,0,,,,0.0,0.0,0.0,0.0,0.0,0
1433,5,12,2014,0,0,0,0,0,0,0,5,0,0,0.94,0.94,0.0,0.0,1.0,0.0,1.0,2.227770850640621,0
964,5,9,2013,0,0,0,0,0,0,0,5,0,0,4.43,4.43,0.0,0.0,1.0,0.0,0.03571428571428571,0.1889822365046106,0
512,1,6,2012,0,0,0,0,0,0,0,1,1,0,,,,0.0,0.0,0.0,0.0,0.0,0
803,5,4,2013,0,0,0,0,1,0,0,5,0,0,3.98,3.98,0.0,1.0,2.0,2.7142857142857144,2.3214285714285716,2.09149196133732,3
1857,2,2,2016,0,0,0,0,0,0,0,2,0,0,1.74,1.74,0.0,0.0,0.0,0.5714285714285714,0.4642857142857143,0.7444681351359518,1
409,3,3,2012,0,0,0,0,0,1,1,3,0,0,4.78,4.78,0.0,0.0,0.0,0.0,0.07142857142857142,0.26226526415648227,0
229,5,9,2011,0,0,0,0,0,0,1,5,0,0,1.98,1.98,0.0,0.0,0.0,2.0,0.5,1.170628194761415,0
1293,5,8,2014,0,0,0,0,0,1,0,5,0,0,2.72,2.72,0.0,0.0,1.0,1.1428571428571428,1.3928571428571428,1.1655323283657155,1
1142,1,3,2014,0,0,0,0,0,1,1,1,1,0,4.44,4.44,0.0,0.0,0.0,0.0,0.17857142857142858,0.47559486560567094,0
893,4,7,2013,17,4,0,0,1,1,1,4,0,1,1.88,1.88,0.0,0.0,0.0,0.42857142857142855,0.5357142857142857,0.9993384054849732,0
1027,5,11,2013,0,0,0,0,0,0,0,5,0,0,3.97,3.97,0.0,1.0,0.0,1.0,1.0357142857142858,0.9222413461394482,0
1397,4,11,2014,0,0,0,0,0,0,0,4,0,0,2.88,2.88,0.0,0.0,0.0,0.0,0.0,0.0,0
1355,4,10,2014,0,0,0,0,0,0,1,4,0,0,8.97,8.97,0.0,0.0,0.0,0.2857142857142857,0.2857142857142857,0.5998236072282918,0
1181,5,4,2014,0,0,0,0,0,0,0,5,0,0,,,,0.0,0.0,0.0,0.0,0.0,0
1200,3,5,2014,0,0,0,0,0,1,1,3,0,0,4.98,4.98,0.0,0.0,0.0,0.5714285714285714,0.21428571428571427,0.4178554470186723,1
1140,6,3,2014,0,0,0,0,0,1,0,6,0,0,4.48,4.48,0.0,1.0,0.0,1.5714285714285714,1.3214285714285714,1.5166623059417421,2
1527,1,4,2015,0,0,0,0,1,0,0,1,1,0,2.24,2.24,0.0,0.0,0.0,0.2857142857142857,0.14285714285714285,0.4483951394230333,0
1150,2,3,2014,0,0,0,0,0,0,0,2,0,0,2.96,2.96,0.0,8.0,5.0,6.428571428571429,5.928571428571429,2.4634900179994723,6
1708,7,10,2015,0,0,0,0,1,0,1,7,1,0,3.97,3.97,0.0,1.0,1.0,0.42857142857142855,0.5,0.6938886664887123,0
957,5,9,2013,0,0,0,0,0,1,1,5,0,0,2.48,2.48,0.0,2.0,1.0,3.142857142857143,2.5,1.7533037597843815,2
639,2,10,2012,0,0,0,0,0,0,0,2,0,0,,,,0.0,0.0,0.0,0.0,0.0,0
1797,5,12,2015,0,0,0,0,0,0,0,5,0,0,3.98,3.98,0.0,0.0,2.0,0.5714285714285714,1.0,0.9026709338484423,0
1600,4,6,2015,14,1,0,0,0,0,0,4,0,1,6.42,6.42,0.0,1.0,0.0,0.14285714285714285,0.14285714285714285,0.3563483225498986,0
754,5,2,2013,5,4,0,0,0,0,0,5,0,1,,,,0.0,0.0,0.0,0.0,0.0,0
1087,2,1,2014,0,0,0,0,0,0,0,2,0,0,1.98,1.98,0.0,0.0,4.0,0.42857142857142855,1.1428571428571428,2.1031596285780125,0
540,1,7,2012,0,0,0,0,0,0,0,1,1,0,8.48,8.48,0.0,2.0,0.0,0.5714285714285714,0.4642857142857143,0.6929348671835834,0
232,1,9,2011,0,0,0,0,0,0,0,1,1,0,3.98,3.98,0.0,1.0,2.0,1.1428571428571428,1.2142857142857142,1.1007452982594164,2
1243,4,6,2014,0,0,0,0,0,0,0,4,0,0,2.68,2.68,0.0,4.0,8.0,15.142857142857142,12.071428571428571,6.732610365084395,10
366,2,1,2012,0,0,0,0,0,0,0,2,0,0,1.98,1.98,0.0,0.0,4.0,1.2857142857142858,1.7142857142857142,1.7182493859684482,2
1355,4,10,2014,0,0,0,0,0,0,1,4,0,0,2.78,2.78,0.0,5.0,0.0,7.0,4.5,3.3277731404159825,1
1661,2,8,2015,0,0,0,0,0,0,0,2,0,0,8.96,8.96,0.0,1.0,0.0,0.42857142857142855,0.4642857142857143,0.6929348671835842,2
346,3,1,2012,0,0,0,0,1,1,1,3,0,0,3.32,3.32,0.0,1.0,0.0,1.0,1.1071428571428572,1.7286107827082509,1
857,3,6,2013,0,0,0,0,1,1,1,3,0,0,1.74,1.74,0.0,6.0,0.0,0.8571428571428571,0.4642857142857143,1.4777897123279842,0
1814,1,1,2016,0,0,0,0,0,0,0,1,1,0,3.97,3.97,0.0,1.0,0.0,0.2857142857142857,0.14285714285714285,0.3563483225498991,0
1443,1,1,2015,0,0,0,0,1,0,0,1,1,0,7.98,7.98,0.0,0.0,1.0,0.0,0.07142857142857142,0.2622652641564811,1
442,1,4,2012,9,4,0,0,0,0,1,1,1,1,,,,0.0,0.0,0.0,0.0,0.0,0
947,2,9,2013,0,0,0,0,1,1,0,2,0,0,4.98,4.98,0.0,0.0,3.0,0.8571428571428571,1.3928571428571428,1.370030702934839,3
818,6,4,2013,0,0,0,0,0,0,0,6,0,0,5.98,5.98,0.0,1.0,0.0,0.14285714285714285,0.2857142857142857,0.534522483824849,0
954,2,9,2013,0,0,0,0,1,0,1,2,0,0,4.98,4.98,0.0,0.0,0.0,0.0,0.10714285714285714,0.31497039417435596,1
1453,4,1,2015,0,0,0,0,0,0,0,4,0,0,1.48,1.48,0.0,0.0,0.0,1.0,0.25,0.6454972243679005,0
331,2,12,2011,25,3,0,0,0,0,0,2,0,1,,,,0.0,0.0,0.0,0.0,0.0,0
901,5,7,2013,0,0,0,0,0,0,0,5,0,0,2.5,2.5,0.0,0.0,0.0,0.8571428571428571,0.9285714285714286,1.184109962003699,0
368,4,1,2012,0,0,0,0,0,0,0,4,0,0,1.54,1.54,0.0,0.0,0.0,0.14285714285714285,0.07142857142857142,0.26226526415648127,0
1205,1,5,2014,0,0,0,0,0,0,0,1,1,0,2.0,2.0,0.0,2.0,2.0,3.7142857142857144,3.4285714285714284,2.8077745428715803,4
164,3,7,2011,0,0,0,0,0,1,1,3,0,0,,,,0.0,0.0,0.0,0.0,0.0,0
593,5,9,2012,0,0,0,0,0,1,1,5,0,0,5.98,5.98,0.0,0.0,2.0,0.14285714285714285,0.2857142857142857,0.5998236072282919,0
1202,5,5,2014,0,0,0,0,0,0,1,5,0,0,5.97,5.97,0.0,0.0,0.0,0.42857142857142855,0.39285714285714285,0.6288900106558013,0
674,2,12,2012,0,0,0,0,1,0,1,2,0,0,2.98,2.98,0.0,0.0,1.0,1.0,1.1428571428571428,1.0440053112638326,3
177,2,7,2011,0,0,0,0,0,0,0,2,0,0,4.67,4.67,0.0,3.0,1.0,2.0,1.75,1.377732974181916,2
944,6,8,2013,0,0,0,0,0,0,0,6,0,0,2.98,2.98,0.0,5.0,0.0,4.142857142857143,1.1071428571428572,1.9877268929755365,0
946,1,8,2013,0,0,0,0,0,0,0,1,1,0,2.77,2.77,0.0,0.0,0.0,0.0,0.10714285714285714,0.56694670951384,0
1729,7,10,2015,0,0,0,0,0,0,0,7,1,0,1.78,1.78,0.0,1.0,0.0,1.5714285714285714,0.7857142857142857,1.343217333208888,1
1225,7,6,2014,0,0,0,0,1,1,1,7,1,0,3.0,3.0,0.0,0.0,0.0,0.0,0.0,0.0,0
1157,2,3,2014,0,0,0,0,0,0,0,2,0,0,2.98,2.98,0.0,0.0,0.0,0.0,0.07142857142857142,0.26226526415648105,0
671,6,11,2012,0,0,0,0,0,0,0,6,0,0,,,,0.0,0.0,0.0,0.0,0.0,0
1084,6,1,2014,0,0,0,0,0,0,0,6,0,0,5.98,5.98,0.0,0.0,0.0,0.0,0.14285714285714285,0.35634832254989884,0
451,3,4,2012,0,0,0,0,0,0,0,3,0,0,2.0,2.0,0.0,3.0,0.0,1.7142857142857142,1.3571428571428572,1.0959280090672916,1
50,1,3,2011,0,0,0,0,0,0,0,1,1,0,,,,0.0,0.0,0.0,0.0,0.0,0
1351,7,10,2014,0,0,0,0,1,0,0,7,1,0,6.42,6.42,0.0,0.0,0.0,0.42857142857142855,0.2857142857142857,0.5345224838248485,0
727,6,1,2013,0,0,0,0,0,0,0,6,0,0,1.47,1.47,0.0,0.0,0.0,0.2857142857142857,0.35714285714285715,0.7310208850583783,1
155,1,7,2011,0,0,0,0,1,0,1,1,1,0,3.88,3.88,0.0,0.0,0.0,0.7142857142857143,0.5714285714285714,0.9200874124564724,0
1844,3,2,2016,3,3,0,0,0,1,1,3,0,1,6.54,6.54,0.0,2.0,1.0,0.2857142857142857,0.25,0.5181877251716007,0
1733,4,10,2015,0,0,0,0,0,0,0,4,0,0,4.88,4.88,0.0,0.0,4.0,0.7142857142857143,1.4285714285714286,1.103146054215494,1
860,6,6,2013,13,1,0,0,1,1,1,6,0,1,,,,0.0,0.0,0.0,0.0,0.0,0
188,6,8,2011,0,0,0,0,1,0,0,6,0,0,,,,0.0,0.0,0.0,0.0,0.0,0
1198,1,5,2014,0,0,0,0,1,0,0,1,1,0,4.88,4.88,0.0,2.0,0.0,1.1428571428571428,0.6785714285714286,1.0559731838826996,1
1107,1,2,2014,0,0,0,0,1,0,1,1,1,0,1.48,1.48,0.0,1.0,2.0,0.42857142857142855,0.4642857142857143,0.7926581093427775,0
552,6,8,2012,0,0,0,0,1,0,1,6,0,0,5.94,5.94,0.0,0.0,0.0,0.42857142857142855,0.25,0.7005289007176939,0
318,3,12,2011,0,0,0,0,0,1,1,3,0,0,7.97,7.97,0.0,4.0,3.0,3.7142857142857144,4.285714285714286,2.2584350999152263,2
18,4,2,2011,0,0,0,0,0,1,1,4,0,0,,,,0.0,,0.0,,,0
309,1,12,2011,0,0,0,0,1,1,1,1,1,0,,,,0.0,0.0,0.0,0.0,0.0,0
601,6,9,2012,0,0,0,0,0,0,0,6,0,0,8.47,8.47,0.0,0.0,0.0,0.7142857142857143,0.32142857142857145,0.7723735149271024,0
1200,3,5,2014,0,0,0,0,0,1,1,3,0,0,2.82,2.82,0.0,0.0,3.0,0.42857142857142855,1.6428571428571428,1.8300837000548245,1
1093,1,1,2014,0,0,0,0,0,0,0,1,1,0,3.24,3.24,0.0,0.0,0.0,0.0,0.10714285714285714,0.31497039417435513,0
238,7,9,2011,0,0,0,0,0,0,0,7,1,0,3.17,3.17,0.0,0.0,0.0,0.0,0.0,0.0,0
788,4,3,2013,0,0,0,0,0,0,0,4,0,0,4.48,4.48,0.0,0.0,0.0,0.14285714285714285,0.21428571428571427,0.4986754943620637,0
1079,1,1,2014,0,0,0,0,0,1,1,1,1,0,2.98,2.98,0.0,0.0,1.0,0.0,0.10714285714285714,0.4162696521251862,0
1747,4,11,2015,0,0,0,0,1,0,0,4,0,0,2.0,2.0,0.0,0.0,0.0,3.0,2.0714285714285716,2.324245340345209,1
68,5,4,2011,0,0,0,0,1,1,1,5,0,0,,,,0.0,0.0,0.0,0.0,0.0,0
1324,1,9,2014,0,0,0,0,0,1,0,1,1,0,2.0,2.0,0.0,0.0,0.0,0.0,0.17857142857142858,0.772373514927103,0
1559,5,5,2015,0,0,0,0,1,1,1,5,0,0,1.0,1.0,0.0,1.0,1.0,2.4285714285714284,1.6785714285714286,1.8469909749036864,0
456,1,4,2012,0,0,0,0,0,0,0,1,1,0,3.97,3.97,0.0,1.0,0.0,0.5714285714285714,0.6428571428571429,0.6214848238238697,1
1036,7,11,2013,0,0,0,0,0,0,0,7,1,0,,,,0.0,0.0,0.0,0.0,0.0,0
365,1,1,2012,0,0,0,0,0,0,0,1,1,0,,,,0.0,0.0,0.0,0.0,0.0,0
1741,5,11,2015,0,0,0,0,1,0,0,5,0,0,0.94,0.94,0.0,0.0,12.0,0.0,0.42857142857142855,2.267786838055545,0
654,3,11,2012,0,0,0,0,0,1,1,3,0,0,1.98,1.98,0.0,1.0,0.0,2.142857142857143,1.4642857142857142,1.5748519708717805,2
607,5,9,2012,0,0,0,0,0,0,0,5,0,0,3.38,3.38,0.0,2.0,0.0,0.8571428571428571,1.0714285714285714,1.0862293403762298,2
883,1,6,2013,0,0,0,0,0,0,0,1,1,0,0.97,0.97,0.0,0.0,0.0,1.0,0.32142857142857145,0.8629652337776957,3
1805,6,1,2016,28,4,0,0,1,1,0,6,0,1,1.34,1.34,0.0,0.0,1.0,0.5714285714285714,2.0357142857142856,3.294014131804704,2
159,5,7,2011,0,0,0,0,1,1,1,5,0,0,,,,0.0,0.0,0.0,0.0,0.0,0
1179,3,4,2014,0,0,0,0,0,0,0,3,0,0,3.38,3.38,0.0,1.0,0.0,1.2857142857142858,0.35714285714285715,0.8698354767504985,0
1376,4,11,2014,0,0,0,0,1,0,0,4,0,0,1.74,1.74,0.0,0.0,0.0,0.0,0.0,0.0,0
1637,6,7,2015,0,0,0,0,0,0,0,6,0,0,2.18,2.18,0.0,0.0,0.0,0.14285714285714285,0.39285714285714285,0.6288900106557948,0
929,5,8,2013,0,0,0,0,0,0,1,5,0,0,,,,0.0,0.0,0.0,0.0,0.0,0
1323,7,9,2014,0,0,0,0,0,1,1,7,1,0,3.48,3.48,0.0,0.0,0.0,0.8571428571428571,0.75,1.1426091000668417,0
1028,6,11,2013,0,0,0,0,0,0,0,6,0,0,2.98,2.98,0.0,0.0,1.0,1.2857142857142858,1.5,1.5275252316519456,0
1661,2,8,2015,0,0,0,0,0,0,0,2,0,0,2.48,2.48,0.0,4.0,2.0,2.2857142857142856,2.142857142857143,1.7151673218082746,5
1144,3,3,2014,6,2,0,0,0,0,0,3,0,1,14.26,14.26,0.0,0.0,0.0,0.42857142857142855,0.17857142857142858,0.3900210277874796,1
121,2,5,2011,0,0,0,0,0,0,0,2,0,0,,,,0.0,0.0,0.0,0.0,0.0,0
385,7,2,2012,0,0,0,0,0,0,0,7,1,0,,,,0.0,0.0,0.0,0.0,0.0,0
3,3,1,2011,0,0,0,0,0,0,0,3,0,0,3.18,,,,,,,,0
1243,4,6,2014,0,0,0,0,0,0,0,4,0,0,7.47,7.47,0.0,0.0,0.0,0.2857142857142857,0.2857142857142857,0.460043706228236,0
1021,6,11,2013,0,0,0,0,0,0,1,6,0,0,2.98,2.98,0.0,1.0,4.0,2.2857142857142856,2.4285714285714284,1.687175404799639,2
146,6,6,2011,0,0,0,0,0,0,0,6,0,0,3.97,3.97,0.0,1.0,1.0,1.0,0.9642857142857143,0.8380817098475255,0
907,4,7,2013,0,0,0,0,0,0,0,4,0,0,1.58,1.58,0.0,0.0,0.0,0.0,0.0,0.0,0
1041,5,12,2013,0,0,0,0,1,0,0,5,0,0,1.0,1.0,0.0,2.0,0.0,1.7142857142857142,2.2857142857142856,2.174892808889391,1
169,1,7,2011,0,0,0,0,0,0,0,1,1,0,,,,0.0,0.0,0.0,0.0,0.0,0
217,7,9,2011,0,0,0,0,1,0,1,7,1,0,,,,0.0,0.0,0.0,0.0,0.0,0
678,6,12,2012,0,0,0,0,1,1,1,6,0,0,,,,0.0,0.0,0.0,0.0,0.0,0
1576,1,5,2015,0,0,0,0,0,0,0,1,1,0,2.82,2.82,0.0,3.0,5.0,1.7142857142857142,2.3214285714285716,2.3102600691916906,0
1438,3,1,2015,0,0,0,0,1,1,1,3,0,0,1.88,1.88,0.0,0.0,0.0,1.5714285714285714,1.5357142857142858,2.2522769196418393,3
27,6,2,2011,0,0,0,0,0,0,0,6,0,0,,,,0.0,,0.0,,,0
1138,4,3,2014,0,0,0,0,0,1,1,4,0,0,10.97,10.97,0.0,0.0,0.0,0.0,0.0,0.0,0
594,6,9,2012,0,0,0,0,0,1,0,6,0,0,2.77,2.77,0.0,0.0,0.0,0.0,0.07142857142857142,0.26226526415647944,0
430,3,4,2012,0,0,0,0,1,0,1,3,0,0,3.24,3.24,0.0,1.0,0.0,0.2857142857142857,0.5,0.8388704928078609,0
700,7,12,2012,0,0,0,0,0,0,0,7,1,0,2.47,2.47,0.0,1.0,2.0,0.5714285714285714,1.1785714285714286,1.1239339452243267,2
1617,7,7,2015,0,0,0,0,1,1,1,7,1,0,2.97,2.97,0.0,0.0,0.0,0.2857142857142857,0.42857142857142855,1.1996472144565857,0
497,7,6,2012,0,0,0,0,1,0,1,7,1,0,,,,0.0,0.0,0.0,0.0,0.0,0
1139,5,3,2014,5,4,0,0,0,1,1,5,0,1,1.0,1.0,0.0,0.0,0.0,0.0,0.0,0.0,0
1440,5,1,2015,28,4,0,0,1,1,0,5,0,1,3.32,3.32,0.0,1.0,2.0,0.42857142857142855,0.6071428571428571,0.6852566815265031,0
1259,6,7,2014,0,0,0,0,1,0,0,6,0,0,5.97,5.97,0.0,1.0,0.0,0.2857142857142857,0.17857142857142858,0.3900210277874803,0
1270,3,7,2014,0,0,0,0,0,0,0,3,0,0,6.48,6.48,0.0,0.0,0.0,0.0,0.0,0.0,0
422,2,3,2012,0,0,0,0,0,0,0,2,0,0,,,,0.0,0.0,0.0,0.0,0.0,0
702,2,12,2012,0,0,0,0,0,0,0,2,0,0,1.98,1.98,0.0,1.0,0.0,0.14285714285714285,0.21428571428571427,0.4986754943620651,1
1540,7,4,2015,0,0,0,0,0,0,0,7,1,0,1.38,1.38,0.0,0.0,0.0,1.8571428571428572,1.0714285714285714,2.6517439604430186,0
1101,2,2,2014,1,1,0,0,1,0,1,2,0,1,4.98,4.98,0.0,0.0,0.0,0.5714285714285714,0.39285714285714285,0.49734746139343794,1
1203,6,5,2014,0,0,0,0,0,1,1,6,0,0,4.98,4.98,0.0,1.0,0.0,1.1428571428571428,1.1071428571428572,1.0306159867619527,1
34,6,3,2011,0,0,0,0,1,1,1,6,0,0,,,,0.0,0.0,0.0,0.0,0.0,0
1687,7,9,2015,0,0,0,0,0,1,1,7,1,0,1.58,1.58,0.0,0.0,6.0,0.8571428571428571,0.9642857142857143,1.3738872361173353,1
785,1,3,2013,0,0,0,0,0,0,0,1,1,0,,,,0.0,0.0,0.0,0.0,0.0,0
624,1,10,2012,0,0,0,0,0,1,0,1,1,0,,,,0.0,0.0,0.0,0.0,0.0,0
798,7,4,2013,0,0,0,0,1,1,1,7,1,0,4.98,4.98,0.0,1.0,0.0,0.5714285714285714,0.25,0.5181877251716004,0
270,4,10,2011,0,0,0,0,0,0,0,4,0,0,2.18,1.0,1.1800000000000002,0.0,0.0,0.14285714285714285,0.5714285714285714,0.9594972228385663,1
674,2,12,2012,0,0,0,0,1,0,1,2,0,0,,,,0.0,0.0,0.0,0.0,0.0,0
1236,4,6,2014,0,0,0,0,0,0,0,4,0,0,5.98,5.98,0.0,0.0,0.0,0.0,0.14285714285714285,0.3563483225498988,0
337,1,12,2011,0,0,0,0,0,0,0,1,1,0,3.47,3.47,0.0,0.0,2.0,0.5714285714285714,0.9285714285714286,0.9786071518602146,1
362,5,1,2012,0,0,0,0,0,0,0,5,0,0,,,,0.0,0.0,0.0,0.0,0.0,0
829,3,5,2013,0,0,0,0,1,1,1,3,0,0,,,,0.0,0.0,0.0,0.0,0.0,0
1155,7,3,2014,0,0,0,0,0,0,0,7,1,0,6.97,6.97,0.0,0.0,0.0,0.0,0.03571428571428571,0.18898223650461327,0
164,3,7,2011,0,0,0,0,0,1,1,3,0,0,5.27,5.27,0.0,0.0,0.0,0.14285714285714285,0.14285714285714285,0.35634832254989895,0
1762,5,11,2015,0,0,0,0,0,0,0,5,0,0,2.0,2.0,0.0,0.0,0.0,2.0,1.8928571428571428,2.4242491883022543,1
702,2,12,2012,0,0,0,0,0,0,0,2,0,0,,,,0.0,0.0,0.0,0.0,0.0,0
424,4,3,2012,0,0,0,0,0,0,0,4,0,0,,,,0.0,0.0,0.0,0.0,0.0,0
521,3,7,2012,0,0,0,0,1,0,1,3,0,0,3.94,3.94,0.0,0.0,0.0,0.0,0.0,0.0,0
216,6,9,2011,0,0,0,0,1,1,0,6,0,0,6.97,6.97,0.0,0.0,0.0,0.14285714285714285,0.21428571428571427,0.6299407883487121,1
1009,1,11,2013,0,0,0,0,1,0,1,1,1,0,2.5,2.5,0.0,0.0,0.0,1.4285714285714286,0.35714285714285715,0.8261595987094084,3
1407,7,12,2014,0,0,0,0,1,1,1,7,1,0,1.48,1.48,0.0,0.0,0.0,0.0,0.0,0.0,0
15,1,2,2011,0,0,0,0,0,1,1,1,1,0,5.47,5.47,0.0,0.0,,0.14285714285714285,,,0
560,7,8,2012,0,0,0,0,1,0,0,7,1,0,,,,0.0,0.0,0.0,0.0,0.0,0
1308,6,8,2014,0,0,0,0,0,0,0,6,0,0,3.5,3.5,0.0,0.0,1.0,0.2857142857142857,0.7857142857142857,1.1974399500026873,0
1154,6,3,2014,0,0,0,0,0,0,0,6,0,0,2.88,2.88,0.0,1.0,1.0,1.1428571428571428,0.9642857142857143,1.2904820476643262,3
441,7,4,2012,0,0,0,0,0,1,0,7,1,0,,,,0.0,0.0,0.0,0.0,0.0,0
977,4,10,2013,0,0,0,0,1,1,0,4,0,0,1.74,1.74,0.0,1.0,0.0,1.5714285714285714,0.4642857142857143,0.7926581093427909,0
1770,6,12,2015,0,0,0,0,1,1,1,6,0,0,3.33,3.33,0.0,0.0,0.0,0.14285714285714285,0.6428571428571429,1.0959280090672934,0
1176,7,4,2014,0,0,0,0,0,0,0,7,1,0,3.97,3.97,0.0,0.0,0.0,0.42857142857142855,0.9285714285714286,1.1198072396480803,1
1259,6,7,2014,0,0,0,0,1,0,0,6,0,0,2.68,2.68,0.0,2.0,2.0,1.8571428571428572,1.3214285714285714,1.0904831219021485,0
1303,1,8,2014,0,0,0,0,0,0,0,1,1,0,6.87,6.87,0.0,2.0,1.0,0.8571428571428571,0.75,0.8871510790372942,0
643,6,11,2012,0,0,0,0,1,1,0,6,0,0,4.68,4.68,0.0,0.0,1.0,0.0,0.25,0.7993052538854538,0
836,3,5,2013,0,0,0,0,0,1,0,3,0,0,1.74,1.74,0.0,0.0,0.0,0.2857142857142857,0.42857142857142855,0.7417981870189133,0
706,6,1,2013,0,0,0,0,1,1,1,6,0,0,0.2,0.2,0.0,0.0,0.0,0.0,5.714285714285714,9.026123169495197,0
182,7,7,2011,0,0,0,0,0,0,0,7,1,0,5.98,5.98,0.0,1.0,0.0,0.14285714285714285,0.39285714285714285,0.566946709513841,0
937,6,8,2013,0,0,0,0,0,0,0,6,0,0,2.5,2.5,0.0,2.0,0.0,1.1428571428571428,0.6785714285714286,1.0904831219021407,1
895,6,7,2013,0,0,0,0,0,1,1,6,0,0,3.98,3.98,0.0,7.0,7.0,2.4285714285714284,2.4285714285714284,1.642684601015271,6
207,4,8,2011,0,0,0,0,0,0,0,4,0,0,6.97,6.97,0.0,0.0,0.0,0.0,0.0,0.0,0
1473,3,2,2015,0,0,0,0,1,1,1,3,0,0,4.97,4.97,0.0,0.0,0.0,0.0,0.0,0.0,0
509,5,6,2012,0,0,0,0,0,0,0,5,0,0,2.48,2.48,0.0,4.0,2.0,2.7142857142857144,3.0,2.7621784210346783,1
1273,6,7,2014,0,0,0,0,0,0,0,6,0,0,1.47,1.47,0.0,1.0,2.0,1.1428571428571428,0.8571428571428571,0.8908708063747482,1
126,7,6,2011,0,0,0,0,1,1,1,7,1,0,6.97,6.97,0.0,2.0,2.0,0.5714285714285714,0.6071428571428571,0.737326788914382,0
1163,1,4,2014,0,0,0,0,1,1,1,1,1,0,1.18,1.18,0.0,3.0,3.0,3.4285714285714284,2.2142857142857144,1.7289933456835458,2
1286,5,8,2014,0,0,0,0,1,1,1,5,0,0,1.0,1.0,0.0,15.0,13.0,18.428571428571427,23.464285714285715,18.9726550648991,0
1157,2,3,2014,0,0,0,0,0,0,0,2,0,0,,,,0.0,0.0,0.0,0.0,0.0,0
1524,5,4,2015,0,0,0,0,1,1,0,5,0,0,2.78,2.78,0.0,0.0,0.0,0.0,0.0,0.0,0
359,2,1,2012,0,0,0,0,0,0,0,2,0,0,,,,0.0,0.0,0.0,0.0,0.0,0
1490,6,2,2015,0,0,0,0,0,0,0,6,0,0,4.24,4.24,0.0,0.0,0.0,0.8571428571428571,0.6071428571428571,0.73732678891438,0
793,2,3,2013,30,2,0,0,0,0,0,2,0,1,2.82,2.82,0.0,3.0,1.0,1.2857142857142858,1.8928571428571428,1.5714886953385072,3
66,3,4,2011,0,0,0,0,1,0,0,3,0,0,4.88,4.88,0.0,0.0,0.0,0.7142857142857143,0.5357142857142857,0.7926581093427848,0
1846,5,2,2016,5,4,0,0,0,0,0,5,0,1,1.98,1.98,0.0,1.0,0.0,0.5714285714285714,0.42857142857142855,0.6341264874742278,0
80,3,4,2011,0,0,0,0,0,0,0,3,0,0,1.73,1.73,0.0,10.0,3.0,3.2857142857142856,2.4285714285714284,3.270842811633219,1
1104,5,2,2014,0,0,0,0,1,1,1,5,0,0,1.48,1.48,0.0,0.0,0.0,0.0,0.0,0.0,0
839,6,5,2013,0,0,0,0,0,0,0,6,0,0,4.97,4.97,0.0,0.0,0.0,0.2857142857142857,0.25,0.6454972243679029,0
176,1,7,2011,0,0,0,0,0,0,0,1,1,0,,,,0.0,0.0,0.0,0.0,0.0,0
454,6,4,2012,0,0,0,0,0,0,0,6,0,0,18.98,18.98,0.0,1.0,5.0,1.7142857142857142,2.2857142857142856,1.5836465855538937,0
1475,5,2,2015,0,0,0,0,0,1,1,5,0,0,2.88,2.88,0.0,1.0,2.0,2.0,1.9285714285714286,1.2450962012087867,4
302,1,11,2011,0,0,0,0,0,0,0,1,1,0,3.67,3.67,0.0,1.0,1.0,0.42857142857142855,0.8571428571428571,0.6506000486323522,2
1400,7,11,2014,0,0,0,0,0,0,0,7,1,0,3.98,3.98,0.0,0.0,3.0,0.7142857142857143,1.2857142857142858,1.1174422797967023,2
621,5,10,2012,0,0,0,0,1,0,0,5,0,0,2.18,2.18,0.0,1.0,2.0,1.0,1.1071428571428572,1.3148520748875057,0
1221,3,6,2014,0,0,0,0,1,0,1,3,0,0,2.08,2.08,0.0,0.0,0.0,0.0,0.21428571428571427,0.5681120688308976,0
790,6,3,2013,0,0,0,0,0,0,0,6,0,0,5.34,5.34,0.0,0.0,0.0,0.0,0.0,0.0,0
849,2,5,2013,0,0,0,0,0,0,0,2,0,0,10.98,10.98,0.0,0.0,0.0,0.0,0.0,0.0,0
568,1,8,2012,0,0,0,0,0,0,0,1,1,0,6.48,6.48,0.0,2.0,0.0,0.8571428571428571,1.0714285714285714,1.1524071884721692,2
668,3,11,2012,0,0,0,0,0,0,0,3,0,0,1.58,1.58,0.0,4.0,2.0,3.5714285714285716,2.0714285714285716,2.0535167924638977,5
17,3,2,2011,2,2,0,0,0,0,1,3,0,1,,,,0.0,,0.0,,,0
169,1,7,2011,0,0,0,0,0,0,0,1,1,0,,,,0.0,0.0,0.0,0.0,0.0,0
760,4,2,2013,0,0,0,0,0,0,0,4,0,0,1.78,1.78,0.0,1.0,3.0,1.5714285714285714,1.9285714285714286,1.4638501094228058,0
1006,5,10,2013,0,0,0,0,0,0,0,5,0,0,1.74,1.74,0.0,1.0,2.0,0.5714285714285714,1.2857142857142858,1.3839595063960224,0
1071,7,1,2014,0,0,0,0,1,1,1,7,1,0,3.48,3.48,0.0,0.0,0.0,0.0,0.21428571428571427,0.4986754943620428,0
1455,6,1,2015,0,0,0,0,0,0,0,6,0,0,3.67,3.67,0.0,2.0,0.0,1.0,1.0,1.1863420280034762,1
833,7,5,2013,0,0,0,0,1,0,0,7,1,0,3.67,3.67,0.0,1.0,4.0,0.42857142857142855,0.9285714285714286,1.2149857925879088,3
1569,1,5,2015,0,0,0,0,0,0,0,1,1,0,3.48,3.48,0.0,0.0,1.0,0.0,0.2857142857142857,0.9759000729485285,0
996,2,10,2013,0,0,0,0,0,0,0,2,0,0,11.97,11.97,0.0,1.0,0.0,0.2857142857142857,0.17857142857142858,0.3900210277874796,1
1700,6,9,2015,22,4,0,0,0,0,0,6,0,1,6.97,6.97,0.0,0.0,0.0,0.0,0.0,0.0,0
1598,2,6,2015,0,0,0,0,0,0,1,2,0,0,3.88,3.88,0.0,2.0,0.0,2.0,1.3571428571428572,1.095928009067296,3
1445,3,1,2015,0,0,0,0,0,1,1,3,0,0,5.94,5.94,0.0,0.0,0.0,0.0,0.0,0.0,0
527,2,7,2012,0,0,0,0,1,0,1,2,0,0,,,,0.0,0.0,0.0,0.0,0.0,0
616,7,10,2012,0,0,0,0,1,1,1,7,1,0,,,,0.0,0.0,0.0,0.0,0.0,0
1073,2,1,2014,0,0,0,0,1,1,1,2,0,0,2.98,2.98,0.0,7.0,5.0,6.285714285714286,4.928571428571429,2.6795324554657225,6
1518,6,3,2015,0,0,0,0,0,0,0,6,0,0,2.0,2.0,0.0,0.0,1.0,1.5714285714285714,1.6785714285714286,1.4670093394782435,1
1420,6,12,2014,0,0,0,0,0,0,0,6,0,0,1.98,1.98,0.0,2.0,0.0,2.2857142857142856,1.1428571428571428,1.3253730631839993,2
1729,7,10,2015,0,0,0,0,0,0,0,7,1,0,5.88,5.88,0.0,0.0,0.0,0.0,0.07142857142857142,0.2622652641564811,0
1557,3,5,2015,0,0,0,0,1,0,0,3,0,0,2.18,2.18,0.0,0.0,0.0,0.8571428571428571,0.21428571428571427,0.5681120688308957,1
128,2,6,2011,0,0,0,0,1,1,1,2,0,0,4.88,4.88,0.0,0.0,0.0,0.2857142857142857,0.7142857142857143,0.762896180361772,0
1786,1,12,2015,0,0,0,0,0,0,0,1,1,0,2.88,2.88,0.0,1.0,0.0,1.8571428571428572,1.5714285714285714,1.3173646934124716,0
596,1,9,2012,0,0,0,0,0,1,1,1,1,0,2.5,2.5,0.0,2.0,0.0,1.7142857142857142,1.4285714285714286,1.0338196500275418,4
915,5,7,2013,0,0,0,0,0,0,0,5,0,0,,,,0.0,0.0,0.0,0.0,0.0,0
1042,6,12,2013,26,4,0,0,1,1,1,6,0,1,1.98,1.98,0.0,0.0,0.0,0.5714285714285714,0.7142857142857143,0.9759000729485228,1
167,6,7,2011,0,0,0,0,0,0,1,6,0,0,7.67,7.67,0.0,0.0,0.0,1.0,0.5357142857142857,1.0357370915204895,0
1517,5,3,2015,0,0,0,0,0,0,0,5,0,0,3.5,3.5,0.0,0.0,0.0,0.42857142857142855,0.4642857142857143,0.7444681351359586,0
1783,5,12,2015,0,0,0,0,0,0,0,5,0,0,1.98,1.98,0.0,5.0,1.0,4.285714285714286,2.4642857142857144,2.219144694381869,2
609,7,9,2012,0,0,0,0,0,0,0,7,1,0,,,,0.0,0.0,0.0,0.0,0.0,0
1088,3,1,2014,29,3,0,0,0,0,0,3,0,1,2.5,2.5,0.0,6.0,11.0,6.714285714285714,9.285714285714286,4.752053301680243,4
1517,5,3,2015,0,0,0,0,0,0,0,5,0,0,1.0,1.0,0.0,1.0,1.0,1.5714285714285714,2.5,2.7148426050823593,2
1366,1,10,2014,0,0,0,0,0,0,0,1,1,0,5.27,5.27,0.0,1.0,0.0,0.5714285714285714,0.14285714285714285,0.4483951394230325,0
1197,7,5,2014,0,0,0,0,1,1,1,7,1,0,3.98,3.98,0.0,0.0,0.0,0.0,0.0,0.0,0
1136,2,3,2014,0,0,0,0,1,1,1,2,0,0,3.97,3.97,0.0,0.0,0.0,0.14285714285714285,0.10714285714285714,0.314970394174356,0
667,2,11,2012,0,0,0,0,0,0,0,2,0,0,5.64,5.64,0.0,0.0,2.0,2.2857142857142856,1.0714285714285714,1.3858697343671653,2
430,3,4,2012,0,0,0,0,1,0,1,3,0,0,3.32,3.32,0.0,0.0,0.0,0.0,0.6428571428571429,2.111946367765396,0
665,7,11,2012,0,0,0,0,0,0,0,7,1,0,2.97,2.97,0.0,0.0,1.0,0.14285714285714285,0.10714285714285714,0.314970394174356,0
949,4,9,2013,0,0,0,0,1,1,1,4,0,0,1.0,1.0,0.0,52.0,32.0,40.42857142857143,34.107142857142854,15.659192746125823,42
1522,3,3,2015,0,0,0,0,0,0,0,3,0,0,3.48,3.48,0.0,5.0,2.0,2.142857142857143,1.5714285714285714,1.451144412462141,0
1219,1,5,2014,0,0,0,0,0,0,0,1,1,0,1.0,1.0,0.0,10.0,31.0,7.285714285714286,14.071428571428571,11.06187503839564,8
971,5,9,2013,0,0,0,0,0,0,0,5,0,0,1.0,1.0,0.0,24.0,36.0,39.42857142857143,49.5,37.66666666666665,37
1708,7,10,2015,0,0,0,0,1,0,1,7,1,0,2.98,2.98,0.0,0.0,0.0,0.0,0.17857142857142858,0.4755948656056709,0
956,4,9,2013,0,0,0,0,1,0,0,4,0,0,0.54,0.54,0.0,0.0,0.0,2.2857142857142856,1.3571428571428572,2.655731547598525,0
308,7,12,2011,0,0,0,0,1,0,1,7,1,0,,,,0.0,0.0,0.0,0.0,0.0,0
1192,2,5,2014,0,0,0,0,1,0,0,2,0,0,5.97,5.97,0.0,2.0,0.0,0.2857142857142857,0.2857142857142857,0.5998236072282914,0
850,3,5,2013,12,3,0,0,0,0,0,3,0,1,,,,0.0,0.0,0.0,0.0,0.0,0
1226,1,6,2014,0,0,0,0,1,1,0,1,1,0,2.94,2.94,0.0,1.0,2.0,0.5714285714285714,0.6785714285714286,1.278122796760109,1
294,7,11,2011,0,0,0,0,0,0,0,7,1,0,5.47,5.47,0.0,0.0,0.0,0.0,0.0,0.0,0
1698,4,9,2015,0,0,0,0,0,0,0,4,0,0,3.97,3.97,0.0,0.0,2.0,0.2857142857142857,0.35714285714285715,0.6214848238238705,1
367,3,1,2012,0,0,0,0,0,0,0,3,0,0,10.97,10.97,0.0,1.0,0.0,0.42857142857142855,0.5357142857142857,0.8811668550592598,0
836,3,5,2013,0,0,0,0,0,1,0,3,0,0,8.47,8.47,0.0,1.0,1.0,0.42857142857142855,0.17857142857142858,0.3900210277874802,0
180,5,7,2011,0,0,0,0,0,0,0,5,0,0,2.58,2.58,0.0,0.0,0.0,0.2857142857142857,0.25,0.4409585518440977,1
641,4,10,2012,0,0,0,0,0,0,0,4,0,0,5.47,5.47,0.0,0.0,0.0,0.0,0.0,0.0,0
349,6,1,2012,0,0,0,0,0,1,1,6,0,0,11.48,11.48,0.0,0.0,0.0,0.42857142857142855,0.39285714285714285,0.6288900106557948,1
343,7,1,2012,0,0,0,0,1,1,1,7,1,0,1.0,1.0,0.0,5.0,4.0,7.142857142857143,4.571428571428571,3.9008885163424587,8
517,6,6,2012,0,0,0,0,0,0,0,6,0,0,3.98,3.98,0.0,0.0,0.0,1.2857142857142858,1.5,1.7105338131489618,4
1646,1,8,2015,0,0,0,0,1,1,0,1,1,0,5.22,5.22,0.0,0.0,0.0,0.0,0.0,0.0,0
1790,5,12,2015,0,0,0,0,0,0,0,5,0,0,3.33,3.33,0.0,1.0,0.0,0.2857142857142857,0.4642857142857143,0.5078745001833704,0
222,5,9,2011,0,0,0,0,1,1,0,5,0,0,5.98,5.98,0.0,0.0,1.0,0.0,0.25,0.7993052538854533,0
1760,3,11,2015,0,0,0,0,0,0,0,3,0,0,4.48,4.48,0.0,2.0,3.0,1.5714285714285714,2.2142857142857144,1.7289933456835402,1
852,5,5,2013,0,0,0,0,0,0,0,5,0,0,4.24,4.24,0.0,0.0,2.0,0.5714285714285714,0.6785714285714286,0.8189230248533241,0
1185,2,4,2014,0,0,0,0,0,0,0,2,0,0,2.5,2.5,0.0,0.0,3.0,0.0,0.5714285714285714,0.9973509887241281,0
1352,1,10,2014,0,0,0,0,0,1,1,1,1,0,1.74,1.74,0.0,0.0,0.0,0.0,0.0,0.0,0
477,1,5,2012,0,0,0,0,0,0,0,1,1,0,11.97,11.97,0.0,0.0,0.0,0.0,0.03571428571428571,0.18898223650461354,0
1380,1,11,2014,0,0,0,0,1,0,1,1,1,0,4.48,4.48,0.0,2.0,3.0,2.142857142857143,2.1785714285714284,1.334820599086636,2
1620,3,7,2015,0,0,0,0,1,1,1,3,0,0,5.27,5.27,0.0,0.0,0.0,0.5714285714285714,0.35714285714285715,0.6214848238238693,0
580,6,8,2012,0,0,0,0,0,0,0,6,0,0,,,,0.0,0.0,0.0,0.0,0.0,0
656,5,11,2012,0,0,0,0,0,0,1,5,0,0,,,,0.0,0.0,0.0,0.0,0.0,0
1571,3,5,2015,0,0,0,0,0,0,0,3,0,0,3.28,3.28,0.0,0.0,0.0,0.0,0.0,0.0,0
397,5,2,2012,5,4,0,0,0,0,0,5,0,1,,,,0.0,0.0,0.0,0.0,0.0,0
1522,3,3,2015,0,0,0,0,0,0,0,3,0,0,2.18,2.18,0.0,0.0,0.0,0.0,0.0,0.0,0
1743,7,11,2015,0,0,0,0,1,1,1,7,1,0,2.96,2.96,0.0,2.0,2.0,1.5714285714285714,1.3571428571428572,1.4960264830861805,3
1073,2,1,2014,0,0,0,0,1,1,1,2,0,0,7.5,7.5,0.0,0.0,0.0,0.0,0.0,0.0,0
1209,5,5,2014,0,0,0,0,0,0,0,5,0,0,3.67,3.67,0.0,1.0,2.0,1.1428571428571428,1.0714285714285714,1.1524071884721658,1
937,6,8,2013,0,0,0,0,0,0,0,6,0,0,1.74,1.74,0.0,2.0,0.0,0.42857142857142855,0.5,0.8388704928078591,0
440,6,4,2012,0,0,0,0,0,1,1,6,0,0,1.98,1.98,0.0,0.0,0.0,0.0,0.0,0.0,0
1259,6,7,2014,0,0,0,0,1,0,0,6,0,0,2.08,2.08,0.0,0.0,1.0,0.2857142857142857,0.5714285714285714,0.7417981870189154,1
771,1,3,2013,0,0,0,0,1,1,1,1,1,0,7.97,7.97,0.0,0.0,2.0,0.2857142857142857,0.4642857142857143,0.6372477195601849,0
1265,5,7,2014,0,0,0,0,0,0,0,5,0,0,1.97,1.97,0.0,0.0,2.0,0.2857142857142857,0.42857142857142855,0.6900655593423554,0
785,1,3,2013,0,0,0,0,0,0,0,1,1,0,10.98,10.98,0.0,0.0,1.0,0.0,0.03571428571428571,0.18898223650461363,0
322,7,12,2011,0,0,0,0,0,0,0,7,1,0,,,,0.0,0.0,0.0,0.0,0.0,0
424,4,3,2012,0,0,0,0,0,0,0,4,0,0,0.5,0.5,0.0,4.0,0.0,7.571428571428571,4.071428571428571,8.40603209971124,2
530,5,7,2012,0,0,0,0,0,1,1,5,0,0,7.94,,,0.0,0.0,0.14285714285714285,0.03571428571428571,0.1889822365046136,0
349,6,1,2012,0,0,0,0,0,1,1,6,0,0,1.28,1.28,0.0,24.0,24.0,26.714285714285715,21.607142857142858,10.397076817510115,16
472,3,5,2012,0,0,0,0,0,0,1,3,0,0,3.88,3.88,0.0,0.0,3.0,0.5714285714285714,1.1071428571428572,1.0659471779799348,1
1850,2,2,2016,0,0,0,0,0,0,0,2,0,0,3.48,3.48,0.0,1.0,0.0,0.8571428571428571,0.4642857142857143,0.744468135135955,0
398,6,3,2012,0,0,0,0,1,1,0,6,0,0,,,,0.0,0.0,0.0,0.0,0.0,0
405,6,3,2012,7,4,0,0,1,0,1,6,0,1,2.68,2.68,0.0,2.0,0.0,0.42857142857142855,0.32142857142857145,0.8629652337776971,0
424,4,3,2012,0,0,0,0,0,0,0,4,0,0,2.47,2.47,0.0,1.0,0.0,1.5714285714285714,1.0,1.0886621079036347,1
1144,3,3,2014,6,2,0,0,0,0,0,3,0,1,,,,0.0,0.0,0.0,0.0,0.0,0
1719,4,10,2015,0,0,0,0,0,1,0,4,0,0,1.98,1.98,0.0,1.0,0.0,0.42857142857142855,0.42857142857142855,0.8357108940373477,0
1440,5,1,2015,28,4,0,0,1,1,0,5,0,1,2.0,2.0,0.0,1.0,0.0,0.8571428571428571,0.8214285714285714,1.0559731838827007,0
10,3,2,2011,0,0,0,0,1,1,0,3,0,0,6.48,6.48,0.0,1.0,,0.2857142857142857,,,0
1031,2,11,2013,0,0,0,0,0,0,0,2,0,0,2.68,2.68,0.0,0.0,0.0,0.0,0.0,0.0,0
968,2,9,2013,0,0,0,0,0,0,0,2,0,0,,,,0.0,0.0,0.0,0.0,0.0,0
550,4,7,2012,0,0,0,0,0,0,0,4,0,0,,,,0.0,0.0,0.0,0.0,0.0,0
206,3,8,2011,0,0,0,0,0,0,0,3,0,0,,,,0.0,0.0,0.0,0.0,0.0,0
781,4,3,2013,0,0,0,0,0,0,0,4,0,0,9.42,9.42,0.0,0.0,0.0,0.42857142857142855,0.39285714285714285,0.497347461393438,1
1383,4,11,2014,23,3,0,0,0,1,1,4,0,1,2.5,2.5,0.0,2.0,1.0,1.7142857142857142,1.6071428571428572,1.2863754913561978,0
1006,5,10,2013,0,0,0,0,0,0,0,5,0,0,2.97,2.97,0.0,0.0,1.0,0.7142857142857143,0.7857142857142857,0.832539304250372,0
1306,4,8,2014,0,0,0,0,0,0,0,4,0,0,0.97,0.97,0.0,0.0,0.0,0.14285714285714285,0.32142857142857145,0.47559486560567105,0
870,2,6,2013,15,2,0,0,0,0,0,2,0,1,3.98,3.98,0.0,4.0,0.0,3.857142857142857,3.3214285714285716,2.228661306015613,3
512,1,6,2012,0,0,0,0,0,0,0,1,1,0,6.98,6.98,0.0,0.0,0.0,0.0,0.10714285714285714,0.3149703941743561,0
1193,3,5,2014,10,2,0,0,1,1,1,3,0,1,0.46,0.46,0.0,0.0,4.0,1.5714285714285714,3.8214285714285716,8.886333958215344,0
1624,7,7,2015,0,0,0,0,1,0,0,7,1,0,2.87,2.87,0.0,1.0,2.0,1.1428571428571428,1.0714285714285714,1.0862293403762302,0
657,6,11,2012,0,0,0,0,0,1,1,6,0,0,,,,0.0,0.0,0.0,0.0,0.0,0
1051,1,12,2013,0,0,0,0,0,0,1,1,1,0,4.98,4.98,0.0,0.0,0.0,0.14285714285714285,0.10714285714285714,0.31497039417435524,0
1285,4,8,2014,0,0,0,0,1,1,1,4,0,0,2.5,2.5,0.0,4.0,0.0,1.0,0.8928571428571429,1.1333099904225408,2
794,3,4,2013,0,0,0,0,1,1,0,3,0,0,,,,0.0,0.0,0.0,0.0,0.0,0
792,1,3,2013,0,0,0,0,0,0,0,1,1,0,5.98,5.98,0.0,1.0,0.0,0.5714285714285714,0.6785714285714286,0.8189230248533258,1
1339,2,9,2014,0,0,0,0,0,0,0,2,0,0,2.5,2.5,0.0,6.0,0.0,0.8571428571428571,0.4642857142857143,1.2013000012992983,0
205,2,8,2011,0,0,0,0,0,0,0,2,0,0,,,,0.0,0.0,0.0,0.0,0.0,0
1022,7,11,2013,0,0,0,0,0,1,1,7,1,0,11.97,11.97,0.0,0.0,0.0,0.14285714285714285,0.32142857142857145,0.6118321864193025,0
1327,4,9,2014,0,0,0,0,0,0,0,4,0,0,7.97,7.97,0.0,0.0,0.0,0.2857142857142857,0.14285714285714285,0.35634832254989873,1
28,7,2,2011,0,0,0,0,0,0,0,7,1,0,3.18,3.18,0.0,0.0,,0.0,,,0
1129,2,3,2014,0,0,0,0,1,0,1,2,0,0,1.0,1.0,0.0,3.0,1.0,7.428571428571429,6.535714285714286,6.356578061825769,7
599,4,9,2012,0,0,0,0,0,0,0,4,0,0,,,,0.0,0.0,0.0,0.0,0.0,0
1249,3,6,2014,0,0,0,0,0,0,0,3,0,0,1.96,1.96,0.0,0.0,1.0,0.5714285714285714,0.5714285714285714,0.8357108940373446,2
4,4,2,2011,0,0,0,0,1,1,0,4,0,0,,,,,,,,,0
1574,6,5,2015,0,0,0,0,0,0,0,6,0,0,2.5,2.5,0.0,0.0,15.0,0.0,1.2142857142857142,3.0350684031237583,0
1389,3,11,2014,0,0,0,0,0,0,0,3,0,0,2.88,2.88,0.0,4.0,1.0,0.8571428571428571,0.6428571428571429,0.9893613995077558,0
597,2,9,2012,0,0,0,0,0,0,0,2,0,0,1.98,1.98,0.0,0.0,0.0,0.5714285714285714,0.17857142857142858,0.3900210277874798,1
307,6,12,2011,0,0,0,0,1,1,0,6,0,0,3.78,3.78,0.0,0.0,1.0,1.4285714285714286,1.8928571428571428,1.6406702721140967,3
799,1,4,2013,0,0,0,0,1,1,1,1,1,0,,,,0.0,0.0,0.0,0.0,0.0,0
1624,7,7,2015,0,0,0,0,1,0,0,7,1,0,0.97,0.97,0.0,11.0,3.0,4.857142857142857,3.2142857142857144,2.4548839130303235,0
1101,2,2,2014,1,1,0,0,1,0,1,2,0,1,0.97,0.97,0.0,11.0,10.0,5.714285714285714,6.785714285714286,3.6753144774204696,3
392,7,2,2012,0,0,0,0,0,0,0,7,1,0,,,,0.0,0.0,0.0,0.0,0.0,0
402,3,3,2012,0,0,0,0,1,1,1,3,0,0,,,,0.0,0.0,0.0,0.0,0.0,0
977,4,10,2013,0,0,0,0,1,1,0,4,0,0,3.98,3.98,0.0,3.0,3.0,2.2857142857142856,2.0357142857142856,1.551155909663706,0
442,1,4,2012,9,4,0,0,0,0,1,1,1,1,2.97,2.97,0.0,0.0,1.0,0.7142857142857143,0.8928571428571429,0.8317445171439022,3
53,4,3,2011,0,0,0,0,0,0,0,4,0,0,6.97,6.97,0.0,0.0,0.0,0.0,0.10714285714285714,0.41626965212518585,0
553,7,8,2012,0,0,0,0,1,1,1,7,1,0,1.58,1.58,0.0,0.0,0.0,0.0,0.0,0.0,0
1027,5,11,2013,0,0,0,0,0,0,0,5,0,0,2.77,2.77,0.0,0.0,0.0,0.0,0.0,0.0,0
968,2,9,2013,0,0,0,0,0,0,0,2,0,0,,,,0.0,0.0,0.0,0.0,0.0,0
1175,6,4,2014,0,0,0,0,0,0,0,6,0,0,1.98,1.98,0.0,3.0,3.0,2.857142857142857,2.2142857142857144,2.217057490310956,2
241,3,9,2011,0,0,0,0,0,0,0,3,0,0,,,,0.0,0.0,0.0,0.0,0.0,0
201,5,8,2011,0,0,0,0,0,0,0,5,0,0,,,,0.0,0.0,0.0,0.0,0.0,0
20,6,2,2011,0,0,0,0,0,0,0,6,0,0,6.97,6.97,0.0,0.0,,1.2857142857142858,,,1
1149,1,3,2014,0,0,0,0,0,0,0,1,1,0,2.42,2.42,0.0,0.0,0.0,0.8571428571428571,0.8928571428571429,1.0659471779799308,0
432,5,4,2012,0,0,0,0,1,0,0,5,0,0,,,,0.0,0.0,0.0,0.0,0.0,0
440,6,4,2012,0,0,0,0,0,1,1,6,0,0,1.38,1.38,0.0,2.0,3.0,0.7142857142857143,1.9285714285714286,1.7623337101185206,1
635,5,10,2012,0,0,0,0,0,0,0,5,0,0,5.37,5.37,0.0,1.0,3.0,1.4285714285714286,4.214285714285714,3.9002102778747982,1
54,5,3,2011,0,0,0,0,0,0,0,5,0,0,,,,0.0,0.0,0.0,0.0,0.0,0
664,6,11,2012,24,3,0,0,0,0,0,6,0,1,,,,0.0,0.0,0.0,0.0,0.0,0
379,1,2,2012,0,0,0,0,0,1,1,1,1,0,0.2,0.2,0.0,14.0,13.0,10.0,7.642857142857143,6.249232757139876,0
1140,6,3,2014,0,0,0,0,0,1,0,6,0,0,1.74,1.74,0.0,0.0,0.0,0.0,0.0,0.0,0
1477,7,2,2015,0,0,0,0,0,1,0,7,1,0,2.78,2.78,0.0,0.0,0.0,0.2857142857142857,0.32142857142857145,0.547964004533646,0
4,4,2,2011,0,0,0,0,1,1,0,4,0,0,,,,,,,,,0
177,2,7,2011,0,0,0,0,0,0,0,2,0,0,3.12,3.12,0.0,0.0,6.0,1.0,1.2857142857142858,1.739670953500984,1
1441,6,1,2015,0,0,0,0,1,0,1,6,0,0,2.98,2.98,0.0,0.0,0.0,0.2857142857142857,0.32142857142857145,0.8629652337776963,0
1819,6,1,2016,0,0,0,0,0,0,0,6,0,0,4.27,4.27,0.0,0.0,2.0,0.42857142857142855,0.8928571428571429,1.1968874978625563,0
552,6,8,2012,0,0,0,0,1,0,1,6,0,0,7.97,7.97,0.0,1.0,0.0,1.2857142857142858,1.0714285714285714,0.8997354108424294,3
379,1,2,2012,0,0,0,0,0,1,1,1,1,0,1.67,1.67,0.0,0.0,0.0,0.14285714285714285,0.07142857142857142,0.26226526415648044,0
1110,4,2,2014,0,0,0,0,0,1,1,4,0,0,1.18,1.18,0.0,0.0,0.0,0.7142857142857143,1.0357142857142858,1.0357370915204904,3
1835,1,2,2016,0,0,0,0,1,1,1,1,1,0,1.74,1.74,0.0,0.0,0.0,0.5714285714285714,0.8571428571428571,1.2084359562332903,0
1568,7,5,2015,0,0,0,0,0,1,1,7,1,0,2.72,2.72,0.0,2.0,1.0,1.5714285714285714,1.4642857142857142,1.4267845968170108,0
1007,6,10,2013,21,2,0,0,0,0,0,6,0,1,4.98,4.98,0.0,0.0,1.0,0.5714285714285714,1.3928571428571428,1.196887497862554,0
313,5,12,2011,0,0,0,0,1,1,0,5,0,0,2.86,2.86,0.0,0.0,0.0,0.0,0.0,0.0,0
1491,7,2,2015,0,0,0,0,0,0,0,7,1,0,8.98,8.98,0.0,3.0,1.0,0.7142857142857143,0.5714285714285714,0.9594972228385658,0
614,5,10,2012,0,0,0,0,1,1,1,5,0,0,,,,0.0,0.0,0.0,0.0,0.0,0
813,1,4,2013,0,0,0,0,0,0,0,1,1,0,9.47,9.47,0.0,1.0,2.0,1.0,0.6071428571428571,0.7859547491585425,2
793,2,3,2013,30,2,0,0,0,0,0,2,0,1,,,,0.0,0.0,0.0,0.0,0.0,0
254,2,10,2011,0,0,0,0,1,1,1,2,0,0,1.98,1.98,0.0,0.0,0.0,0.0,0.17857142857142858,0.475594865605671,0
1192,2,5,2014,0,0,0,0,1,0,0,2,0,0,1.47,1.47,0.0,1.0,0.0,0.8571428571428571,1.25,1.0046189622236181,2
258,6,10,2011,0,0,0,0,0,1,0,6,0,0,,,,0.0,0.0,0.0,0.0,0.0,0
1376,4,11,2014,0,0,0,0,1,0,0,4,0,0,3.97,3.97,0.0,3.0,1.0,0.7142857142857143,0.7142857142857143,0.9759000729485338,0
309,1,12,2011,0,0,0,0,1,1,1,1,1,0,5.94,5.94,0.0,0.0,0.0,0.42857142857142855,0.39285714285714285,0.5669467095138409,0
1480,3,2,2015,3,3,0,0,0,0,0,3,0,1,5.47,5.47,0.0,3.0,1.0,0.7142857142857143,0.5,0.838870492807861,0
1089,4,1,2014,0,0,0,0,0,0,0,4,0,0,4.98,4.98,0.0,1.0,0.0,1.7142857142857142,0.8214285714285714,1.090483121902141,1
1751,1,11,2015,0,0,0,0,0,0,1,1,1,0,0.78,0.78,0.0,0.0,2.0,0.0,0.2857142857142857,0.658682346706235,0
747,5,2,2013,4,4,0,0,0,1,0,5,0,1,1.28,1.28,0.0,2.0,0.0,1.0,1.0357142857142858,1.426784596817013,0
871,3,6,2013,0,0,0,0,0,0,0,3,0,0,3.88,3.88,0.0,3.0,1.0,2.2857142857142856,1.3928571428571428,1.3148520748875034,1
1802,3,1,2016,0,0,0,0,1,0,0,3,0,0,2.5,2.5,0.0,2.0,3.0,1.2857142857142858,1.1428571428571428,1.2387055882620108,0
1795,3,12,2015,0,0,0,0,0,0,0,3,0,0,0.48,0.48,0.0,0.0,0.0,1.1428571428571428,1.0357142857142858,1.2317450089997362,0
726,5,1,2013,0,0,0,0,0,0,0,5,0,0,,,,0.0,0.0,0.0,0.0,0.0,0
1719,4,10,2015,0,0,0,0,0,1,0,4,0,0,1.74,1.74,0.0,0.0,0.0,0.0,0.14285714285714285,0.35634832254989834,0
929,5,8,2013,0,0,0,0,0,0,1,5,0,0,7.47,7.47,0.0,2.0,1.0,1.2857142857142858,1.1428571428571428,1.2084359562332898,0
1723,1,10,2015,0,0,0,0,0,0,0,1,1,0,4.87,4.87,0.0,2.0,2.0,0.5714285714285714,0.6428571428571429,0.6784669927988097,1
664,6,11,2012,24,3,0,0,0,0,0,6,0,1,3.97,3.97,0.0,0.0,0.0,0.42857142857142855,0.6428571428571429,0.9114207758701968,0
626,3,10,2012,0,0,0,0,0,1,1,3,0,0,3.68,3.68,0.0,2.0,4.0,1.5714285714285714,2.607142857142857,2.1999879749551092,0
1571,3,5,2015,0,0,0,0,0,0,0,3,0,0,1.88,1.88,0.0,0.0,1.0,1.8571428571428572,1.2142857142857142,1.5952973218098103,2
867,6,6,2013,0,0,0,0,0,1,0,6,0,0,2.38,2.38,0.0,1.0,2.0,1.8571428571428572,1.6785714285714286,1.0559731838827011,3
85,1,4,2011,0,0,0,0,0,0,0,1,1,0,2.5,2.5,0.0,2.0,1.0,1.4285714285714286,1.5,1.9720265943665385,2
1536,3,4,2015,0,0,0,0,0,1,0,3,0,0,4.28,4.28,0.0,1.0,5.0,1.4285714285714286,2.392857142857143,1.5714886953384979,3
1567,6,5,2015,0,0,0,0,0,0,1,6,0,0,2.5,2.5,0.0,1.0,0.0,0.42857142857142855,0.10714285714285714,0.4162696521251855,0
730,2,1,2013,0,0,0,0,0,0,0,2,0,0,1.88,1.88,0.0,3.0,7.0,4.142857142857143,2.142857142857143,2.662695455726601,0
1328,5,9,2014,0,0,0,0,0,0,0,5,0,0,5.97,5.97,0.0,1.0,0.0,0.42857142857142855,0.14285714285714285,0.35634832254989973,0
1819,6,1,2016,0,0,0,0,0,0,0,6,0,0,1.0,1.0,0.0,0.0,3.0,1.4285714285714286,0.7142857142857143,1.0837911120705122,0
905,2,7,2013,0,0,0,0,0,0,0,2,0,0,1.0,1.97,-0.97,0.0,1.0,0.14285714285714285,0.14285714285714285,0.356348322549899,0
1078,7,1,2014,0,0,0,0,1,0,0,7,1,0,5.5,5.5,0.0,0.0,0.0,0.0,0.0,0.0,0
48,6,3,2011,6,2,0,0,0,0,0,6,0,1,,,,0.0,0.0,0.0,0.0,0.0,0
632,2,10,2012,0,0,0,0,0,0,0,2,0,0,1.25,1.38,-0.1299999999999999,18.0,8.0,15.571428571428571,11.642857142857142,8.120455587083725,0
105,7,5,2011,0,0,0,0,0,1,0,7,1,0,1.98,1.98,0.0,0.0,0.0,0.0,0.03571428571428571,0.1889822365046137,0
1085,7,1,2014,0,0,0,0,0,0,0,7,1,0,9.97,9.97,0.0,1.0,0.0,0.2857142857142857,0.4642857142857143,0.6372477195601851,0
1371,6,10,2014,0,0,0,0,0,0,0,6,0,0,3.97,3.97,0.0,2.0,2.0,1.4285714285714286,0.7857142857142857,0.9567360740266442,0
1546,6,4,2015,0,0,0,0,0,0,0,6,0,0,11.84,11.84,0.0,0.0,0.0,0.0,0.0,0.0,0
74,4,4,2011,0,0,0,0,0,1,1,4,0,0,,,,0.0,0.0,0.0,0.0,0.0,0
1450,1,1,2015,0,0,0,0,0,0,0,1,1,0,1.98,1.98,0.0,7.0,0.0,3.4285714285714284,2.0,2.5239592648001192,0
313,5,12,2011,0,0,0,0,1,1,0,5,0,0,2.88,2.88,0.0,0.0,0.0,0.0,0.0,0.0,3
1571,3,5,2015,0,0,0,0,0,0,0,3,0,0,6.48,6.48,0.0,3.0,0.0,1.0,0.4642857142857143,0.7926581093427849,0
286,6,11,2011,0,0,0,0,1,0,0,6,0,0,,,,0.0,0.0,0.0,0.0,0.0,0
108,3,5,2011,0,0,0,0,0,0,0,3,0,0,5.97,5.97,0.0,0.0,1.0,1.7142857142857142,0.6785714285714286,1.0904831219021396,0
1421,7,12,2014,0,0,0,0,0,0,0,7,1,0,,,,0.0,0.0,0.0,0.0,0.0,0
1521,2,3,2015,0,0,0,0,0,0,0,2,0,0,2.96,2.96,0.0,5.0,1.0,2.142857142857143,1.9285714285714286,1.6761634196950521,1
609,7,9,2012,0,0,0,0,0,0,0,7,1,0,,,,0.0,0.0,0.0,0.0,0.0,0
39,4,3,2011,0,0,0,0,1,0,1,4,0,0,,,,0.0,0.0,0.0,0.0,0.0,0
1611,1,6,2015,0,0,0,0,0,0,0,1,1,0,2.5,2.5,0.0,1.0,1.0,0.42857142857142855,0.6428571428571429,0.8261595987094028,0
1261,1,7,2014,0,0,0,0,0,1,1,1,1,0,3.48,3.48,0.0,0.0,0.0,0.0,0.0,0.0,0
746,4,2,2013,0,0,0,0,0,1,1,4,0,0,6.48,6.48,0.0,0.0,0.0,0.0,0.0,0.0,0
684,5,12,2012,0,0,0,0,0,1,1,5,0,0,2.98,2.98,0.0,3.0,1.0,7.142857142857143,5.821428571428571,3.7123774096589424,7
27,6,2,2011,0,0,0,0,0,0,0,6,0,0,,,,0.0,,0.0,,,0
1764,7,11,2015,0,0,0,0,0,0,0,7,1,0,1.74,1.74,0.0,0.0,0.0,0.7142857142857143,1.0357142857142858,1.4005856673692683,0
750,1,2,2013,0,0,0,0,0,0,0,1,1,0,2.73,2.73,0.0,0.0,0.0,0.0,0.17857142857142858,0.6696362433535825,0
1583,1,5,2015,0,0,0,0,0,0,0,1,1,0,8.97,8.97,0.0,0.0,0.0,0.0,0.25,0.6454972243679029,0
488,5,5,2012,0,0,0,0,0,0,0,5,0,0,1.97,1.97,0.0,0.0,0.0,0.0,0.03571428571428571,0.1889822365046136,0
904,1,7,2013,0,0,0,0,0,0,0,1,1,0,3.88,3.88,0.0,0.0,1.0,0.2857142857142857,0.4642857142857143,0.7444681351359541,0
1741,5,11,2015,0,0,0,0,1,0,0,5,0,0,6.87,6.87,0.0,0.0,0.0,0.2857142857142857,0.5357142857142857,0.6929348671835817,0
1247,1,6,2014,0,0,0,0,0,0,0,1,1,0,5.94,5.94,0.0,0.0,2.0,0.14285714285714285,0.25,0.5853140973807076,1
1651,6,8,2015,0,0,0,0,1,1,1,6,0,0,2.67,2.67,0.0,0.0,0.0,1.1428571428571428,0.7857142857142857,1.1007452982594208,0
410,4,3,2012,0,0,0,0,0,1,0,4,0,0,4.88,4.88,0.0,0.0,3.0,0.14285714285714285,0.8928571428571429,1.342724861209493,0
432,5,4,2012,0,0,0,0,1,0,0,5,0,0,,,,0.0,0.0,0.0,0.0,0.0,0
285,5,11,2011,0,0,0,0,1,1,1,5,0,0,3.24,3.24,0.0,1.0,1.0,0.2857142857142857,0.32142857142857145,0.6118321864193026,0
470,1,5,2012,0,0,0,0,0,1,1,1,1,0,,,,0.0,0.0,0.0,0.0,0.0,0
99,1,5,2011,0,0,0,0,1,1,0,1,1,0,1.0,1.0,0.0,9.0,9.0,4.571428571428571,4.107142857142857,2.845910460504046,5
913,3,7,2013,0,0,0,0,0,0,0,3,0,0,1.47,1.47,0.0,0.0,0.0,0.0,0.0,0.0,0
1259,6,7,2014,0,0,0,0,1,0,0,6,0,0,3.87,3.87,0.0,1.0,2.0,1.0,1.3571428571428572,1.0959280090672952,0
553,7,8,2012,0,0,0,0,1,1,1,7,1,0,,,,0.0,0.0,0.0,0.0,0.0,0
1283,2,8,2014,0,0,0,0,1,1,1,2,0,0,0.46,0.46,0.0,1.0,0.0,1.8571428571428572,2.7142857142857144,2.8913298600796704,2
31,3,2,2011,0,0,0,0,0,0,0,3,0,0,,,,0.0,0.0,0.0,0.0,0.0,0
198,2,8,2011,0,0,0,0,0,0,1,2,0,0,2.98,2.98,0.0,18.0,13.0,11.285714285714286,9.857142857142858,3.3190168749003064,13
1203,6,5,2014,0,0,0,0,0,1,1,6,0,0,0.98,0.98,0.0,0.0,0.0,3.142857142857143,2.5714285714285716,2.2677868380553634,1
1018,3,11,2013,23,3,0,0,0,1,1,3,0,1,4.98,4.98,0.0,4.0,1.0,3.857142857142857,1.75,1.936491673103709,1
1682,2,9,2015,0,0,0,0,1,1,1,2,0,0,4.88,4.88,0.0,4.0,1.0,1.4285714285714286,0.7857142857142857,0.9172076325837252,2
1576,1,5,2015,0,0,0,0,0,0,0,1,1,0,4.27,4.27,0.0,4.0,0.0,0.7142857142857143,0.6071428571428571,1.2863754913562024,2
1628,4,7,2015,0,0,0,0,0,0,1,4,0,0,3.67,3.67,0.0,3.0,0.0,0.7142857142857143,0.7857142857142857,0.9946949227868713,1
1252,6,7,2014,0,0,0,0,1,1,1,6,0,0,0.54,0.54,0.0,0.0,0.0,0.0,2.0714285714285716,3.568676188091285,3
792,1,3,2013,0,0,0,0,0,0,0,1,1,0,3.98,3.98,0.0,2.0,13.0,2.857142857142857,4.392857142857143,3.9284271257768903,8
1469,6,2,2015,0,0,0,0,1,1,1,6,0,0,0.78,0.78,0.0,0.0,1.0,0.0,0.32142857142857145,0.7723735149271015,0
1694,7,9,2015,0,0,0,0,0,0,0,7,1,0,4.87,4.87,0.0,0.0,1.0,0.7142857142857143,0.75,1.0408329997330654,0
55,6,3,2011,0,0,0,0,0,0,0,6,0,0,4.47,4.47,0.0,0.0,0.0,0.2857142857142857,0.32142857142857145,0.8189230248533257,1
854,7,5,2013,0,0,0,0,0,0,0,7,1,0,5.47,5.47,0.0,0.0,0.0,0.2857142857142857,0.21428571428571427,0.41785544701867255,0
1717,2,10,2015,0,0,0,0,0,1,1,2,0,0,2.0,2.0,0.0,0.0,0.0,0.0,0.07142857142857142,0.2622652641564892,0
1013,5,11,2013,0,0,0,0,1,1,1,5,0,0,,,,0.0,0.0,0.0,0.0,0.0,0
1574,6,5,2015,0,0,0,0,0,0,0,6,0,0,2.96,2.96,0.0,0.0,0.0,1.2857142857142858,1.4285714285714286,1.5013221686128055,1
56,7,3,2011,0,0,0,0,0,0,0,7,1,0,,,,0.0,0.0,0.0,0.0,0.0,0
834,1,5,2013,0,0,0,0,0,1,1,1,1,0,10.98,10.98,0.0,1.0,0.0,0.14285714285714285,0.39285714285714285,0.5669467095138412,1
1444,2,1,2015,0,0,0,0,0,1,1,2,0,0,5.27,5.27,0.0,0.0,0.0,0.2857142857142857,0.35714285714285715,0.6784669927988097,0
1675,2,8,2015,0,0,0,0,0,0,0,2,0,0,4.97,4.97,0.0,1.0,0.0,0.2857142857142857,0.07142857142857142,0.2622652641564812,0
1269,2,7,2014,0,0,0,0,0,0,0,2,0,0,5.97,5.97,0.0,0.0,0.0,0.14285714285714285,0.32142857142857145,0.6118321864193025,0
68,5,4,2011,0,0,0,0,1,1,1,5,0,0,0.97,0.97,0.0,0.0,0.0,0.7142857142857143,0.25,0.6454972243679028,1
1355,4,10,2014,0,0,0,0,0,0,1,4,0,0,4.44,4.44,0.0,0.0,0.0,0.42857142857142855,0.39285714285714285,0.6288900106557948,0
29,1,2,2011,0,0,0,0,0,0,0,1,1,0,1.25,1.25,0.0,0.0,36.0,0.0,8.785714285714286,14.62457886157092,0
1752,2,11,2015,0,0,0,0,0,1,1,2,0,0,2.78,2.78,0.0,0.0,0.0,0.14285714285714285,0.5,1.0715167512214392,0
1223,5,6,2014,0,0,0,0,1,0,0,5,0,0,2.68,2.68,0.0,0.0,1.0,0.2857142857142857,0.42857142857142855,0.6900655593423536,1
375,4,2,2012,0,0,0,0,1,1,0,4,0,0,2.68,2.68,0.0,0.0,0.0,0.42857142857142855,1.3571428571428572,1.5447470298542039,2
354,4,1,2012,0,0,0,0,0,0,0,4,0,0,,,,0.0,0.0,0.0,0.0,0.0,0
191,2,8,2011,0,0,0,0,1,1,0,2,0,0,,,,0.0,0.0,0.0,0.0,0.0,0
1809,3,1,2016,0,0,0,0,0,1,1,3,0,0,2.98,2.98,0.0,0.0,0.0,0.14285714285714285,0.10714285714285714,0.31497039417435635,0
878,3,6,2013,0,0,0,0,0,0,0,3,0,0,0.97,0.97,0.0,0.0,1.0,0.0,0.14285714285714285,0.35634832254989723,0
78,1,4,2011,0,0,0,0,0,0,0,1,1,0,4.47,4.47,0.0,0.0,1.0,0.14285714285714285,0.14285714285714285,0.35634832254989923,0
1660,1,8,2015,0,0,0,0,0,1,1,1,1,0,2.5,2.5,0.0,0.0,1.0,1.2857142857142858,0.75,1.1426091000668406,1
1642,4,7,2015,0,0,0,0,0,0,0,4,0,0,7.97,7.97,0.0,1.0,1.0,0.8571428571428571,0.8571428571428571,0.8482786803738027,2
432,5,4,2012,0,0,0,0,1,0,0,5,0,0,5.27,5.27,0.0,0.0,1.0,0.42857142857142855,0.42857142857142855,0.5727497953228161,0
563,3,8,2012,0,0,0,0,0,1,0,3,0,0,2.77,2.77,0.0,0.0,0.0,0.14285714285714285,0.32142857142857145,0.9449111825230682,0
1323,7,9,2014,0,0,0,0,0,1,1,7,1,0,2.5,2.5,0.0,0.0,0.0,0.0,0.0,0.0,0
1313,4,9,2014,0,0,0,0,1,0,1,4,0,0,2.88,2.88,0.0,5.0,1.0,1.1428571428571428,1.5357142857142858,2.531024428188054,5
1400,7,11,2014,0,0,0,0,0,0,0,7,1,0,6.87,6.87,0.0,2.0,2.0,0.42857142857142855,0.5,0.8388704928078599,0
1819,6,1,2016,0,0,0,0,0,0,0,6,0,0,2.5,2.5,0.0,0.0,0.0,0.7142857142857143,0.5357142857142857,0.6929348671835832,0
1095,3,1,2014,0,0,0,0,0,0,0,3,0,0,2.5,2.5,0.0,0.0,5.0,0.8571428571428571,1.1071428571428572,1.6630914033428887,5
742,7,2,2013,0,0,0,0,1,0,1,7,1,0,6.98,6.98,0.0,0.0,0.0,0.0,0.0,0.0,0
48,6,3,2011,6,2,0,0,0,0,0,6,0,1,1.88,1.88,0.0,4.0,0.0,1.1428571428571428,1.4285714285714286,1.7935805576921313,3
1024,2,11,2013,0,0,0,0,0,0,0,2,0,0,2.22,2.22,0.0,0.0,0.0,0.7142857142857143,0.42857142857142855,0.6900655593423544,0
589,1,9,2012,0,0,0,0,1,0,1,1,1,0,1.58,1.58,0.0,0.0,0.0,0.0,0.0,0.0,0
1451,2,1,2015,0,0,0,0,0,0,0,2,0,0,4.66,4.66,0.0,0.0,0.0,0.0,0.0,0.0,0
1202,5,5,2014,0,0,0,0,0,0,1,5,0,0,2.48,2.48,0.0,0.0,0.0,0.0,0.0,0.0,0
775,5,3,2013,0,0,0,0,0,1,0,5,0,0,4.88,4.88,0.0,4.0,0.0,1.1428571428571428,0.8214285714285714,1.2187902754164615,0
1122,2,2,2014,0,0,0,0,0,0,0,2,0,0,6.97,6.97,0.0,0.0,1.0,0.5714285714285714,0.9642857142857143,1.2317450089997395,2
1315,6,9,2014,0,0,0,0,1,0,0,6,0,0,5.97,5.97,0.0,0.0,0.0,0.14285714285714285,0.21428571428571427,0.4986754943620636,0
1335,5,9,2014,0,0,0,0,0,0,0,5,0,0,1.97,1.97,0.0,0.0,0.0,0.14285714285714285,0.14285714285714285,0.4483951394230328,0
833,7,5,2013,0,0,0,0,1,0,0,7,1,0,,,,0.0,0.0,0.0,0.0,0.0,0
192,3,8,2011,0,0,0,0,1,0,1,3,0,0,,,,0.0,0.0,0.0,0.0,0.0,0
325,3,12,2011,0,0,0,0,0,0,0,3,0,0,7.97,7.97,0.0,0.0,0.0,0.14285714285714285,0.25,0.518187725171601,0
1826,6,1,2016,0,0,0,0,0,0,0,6,0,0,3.48,3.48,0.0,0.0,2.0,0.14285714285714285,1.1428571428571428,1.0079052613579296,0
413,7,3,2012,0,0,0,0,0,0,0,7,1,0,,,,0.0,0.0,0.0,0.0,0.0,0
911,1,7,2013,0,0,0,0,0,0,0,1,1,0,,,,0.0,0.0,0.0,0.0,0.0,0
856,2,6,2013,0,0,0,0,1,0,1,2,0,0,1.78,1.78,0.0,3.0,2.0,2.0,3.392857142857143,2.484608706271565,4
1585,3,6,2015,0,0,0,0,1,1,0,3,0,0,1.0,1.0,0.0,0.0,2.0,1.8571428571428572,1.8571428571428572,1.9947019774482553,2
294,7,11,2011,0,0,0,0,0,0,0,7,1,0,2.68,2.68,0.0,1.0,0.0,5.0,4.607142857142857,2.2826119819884987,3
1446,4,1,2015,0,0,0,0,0,1,0,4,0,0,4.44,4.44,0.0,1.0,0.0,0.42857142857142855,0.39285714285714285,0.7373267889143821,0
1047,4,12,2013,0,0,0,0,1,0,0,4,0,0,2.98,2.98,0.0,1.0,0.0,0.14285714285714285,0.07142857142857142,0.26226526415648105,0
442,1,4,2012,9,4,0,0,0,0,1,1,1,1,,,,0.0,0.0,0.0,0.0,0.0,0
333,4,12,2011,0,0,0,0,0,0,0,4,0,0,,,,0.0,0.0,0.0,0.0,0.0,0
1785,7,12,2015,0,0,0,0,0,0,0,7,1,0,4.97,4.97,0.0,0.0,1.0,0.0,0.03571428571428571,0.18898223650461363,0
1255,2,7,2014,0,0,0,0,1,1,1,2,0,0,2.84,2.84,0.0,1.0,4.0,0.7142857142857143,0.9285714285714286,1.1524071884721783,4
1573,5,5,2015,0,0,0,0,0,0,0,5,0,0,5.47,5.47,0.0,0.0,0.0,0.14285714285714285,0.17857142857142858,0.4755948656056712,0
1545,5,4,2015,0,0,0,0,0,0,0,5,0,0,,,,0.0,0.0,0.0,0.0,0.0,0
590,2,9,2012,0,0,0,0,1,1,1,2,0,0,2.97,2.97,0.0,0.0,0.0,0.0,0.0,0.0,0
1276,2,7,2014,0,0,0,0,0,0,0,2,0,0,2.73,2.73,0.0,0.0,0.0,0.2857142857142857,0.14285714285714285,0.356348322549899,0
143,3,6,2011,0,0,0,0,0,0,0,3,0,0,9.88,9.88,0.0,0.0,0.0,0.5714285714285714,0.5357142857142857,0.6372477195601849,0
60,4,3,2011,0,0,0,0,0,0,0,4,0,0,5.47,5.47,0.0,1.0,1.0,0.5714285714285714,0.75,0.8443713418650372,0
1731,2,10,2015,0,0,0,0,0,0,0,2,0,0,2.48,2.48,0.0,0.0,1.0,1.4285714285714286,1.6428571428571428,1.6603053202991818,2
230,6,9,2011,0,0,0,0,0,1,1,6,0,0,3.12,3.12,0.0,2.0,0.0,2.5714285714285716,2.1785714285714284,2.510032778723129,0
143,3,6,2011,0,0,0,0,0,0,0,3,0,0,3.12,3.12,0.0,1.0,6.0,1.1428571428571428,1.5,1.6216132799251588,0
1103,4,2,2014,0,0,0,0,1,0,0,4,0,0,1.48,1.48,0.0,0.0,0.0,0.0,0.0,0.0,0
1198,1,5,2014,0,0,0,0,1,0,0,1,1,0,6.06,6.06,0.0,0.0,0.0,0.0,0.0,0.0,0
1328,5,9,2014,0,0,0,0,0,0,0,5,0,0,1.28,1.28,0.0,0.0,0.0,0.7142857142857143,0.6428571428571429,1.445664930039838,0
1409,2,12,2014,0,0,0,0,1,1,0,2,0,0,3.98,3.98,0.0,1.0,1.0,1.8571428571428572,1.75,1.4813657362192663,1
1051,1,12,2013,0,0,0,0,0,0,1,1,1,0,3.33,3.33,0.0,0.0,0.0,0.42857142857142855,0.6428571428571429,0.9114207758701969,0
756,7,2,2013,0,0,0,0,0,0,0,7,1,0,,,,0.0,0.0,0.0,0.0,0.0,0
608,6,9,2012,0,0,0,0,0,0,0,6,0,0,,,,0.0,0.0,0.0,0.0,0.0,0
677,5,12,2012,0,0,0,0,1,1,1,5,0,0,1.0,1.0,0.0,1.0,3.0,1.7142857142857142,1.5714285714285714,1.1996472144565835,2
1294,6,8,2014,0,0,0,0,0,0,1,6,0,0,2.5,2.5,0.0,0.0,0.0,0.8571428571428571,0.5714285714285714,1.0338196500275414,0
1487,3,2,2015,0,0,0,0,0,0,0,3,0,0,4.88,4.88,0.0,0.0,0.0,0.5714285714285714,0.5,0.7453559924999278,0
379,1,2,2012,0,0,0,0,0,1,1,1,1,0,2.0,2.0,0.0,0.0,0.0,1.7142857142857142,1.5714285714285714,1.5969547740197736,0
1622,5,7,2015,0,0,0,0,1,0,1,5,0,0,6.48,6.48,0.0,0.0,0.0,0.14285714285714285,0.25,0.5853140973807078,1
1455,6,1,2015,0,0,0,0,0,0,0,6,0,0,3.24,3.24,0.0,0.0,0.0,0.14285714285714285,0.14285714285714285,0.3563483225498982,0
986,6,10,2013,0,0,0,0,1,0,0,6,0,0,4.43,4.43,0.0,0.0,0.0,0.0,0.0,0.0,0
687,1,12,2012,0,0,0,0,0,1,1,1,1,0,,,,0.0,0.0,0.0,0.0,0.0,0
1508,3,3,2015,0,0,0,0,0,0,0,3,0,0,3.97,3.97,0.0,0.0,3.0,0.0,0.42857142857142855,0.7417981870189244,0
1678,5,9,2015,0,0,0,0,1,0,1,5,0,0,6.48,6.48,0.0,0.0,0.0,0.0,0.10714285714285714,0.31497039417435635,0
1648,3,8,2015,0,0,0,0,1,1,1,3,0,0,,,,0.0,0.0,0.0,0.0,0.0,0
1058,1,12,2013,0,0,0,0,0,0,0,1,1,0,9.88,9.88,0.0,0.0,0.0,0.0,0.0,0.0,0
768,5,3,2013,0,0,0,0,1,1,1,5,0,0,,,,0.0,0.0,0.0,0.0,0.0,0
1604,1,6,2015,0,0,0,0,0,0,0,1,1,0,4.88,4.88,0.0,3.0,1.0,0.8571428571428571,1.3928571428571428,1.3148520748875057,3
1410,3,12,2014,0,0,0,0,1,0,1,3,0,0,2.5,2.5,0.0,0.0,0.0,0.0,0.21428571428571427,0.4986754943620651,0
598,3,9,2012,0,0,0,0,0,0,0,3,0,0,2.18,2.18,0.0,1.0,2.0,1.0,0.8928571428571429,0.7859547491585431,0
532,7,7,2012,0,0,0,0,0,1,0,7,1,0,1.38,1.38,0.0,2.0,1.0,0.2857142857142857,1.9285714285714286,2.693319189024624,0
910,7,7,2013,0,0,0,0,0,0,0,7,1,0,2.48,2.24,0.23999999999999977,0.0,0.0,0.2857142857142857,0.42857142857142855,0.6900655593423543,0
332,3,12,2011,0,0,0,0,0,0,0,3,0,0,0.54,0.54,0.0,2.0,7.0,3.2857142857142856,2.4285714285714284,2.7001861585833886,2
1220,2,6,2014,0,0,0,0,1,1,0,2,0,0,7.67,7.67,0.0,0.0,4.0,0.42857142857142855,0.7857142857142857,0.9946949227868753,2
464,2,5,2012,0,0,0,0,1,1,1,2,0,0,1.98,1.98,0.0,0.0,0.0,0.0,0.0,0.0,0
212,2,8,2011,0,0,0,0,0,0,0,2,0,0,6.97,6.97,0.0,0.0,0.0,0.0,0.17857142857142858,0.6118321864193028,0
579,5,8,2012,0,0,0,0,0,0,0,5,0,0,9.47,9.47,0.0,0.0,1.0,0.5714285714285714,0.9642857142857143,1.07089934019281,1
442,1,4,2012,9,4,0,0,0,0,1,1,1,1,3.98,3.98,0.0,0.0,0.0,0.42857142857142855,0.10714285714285714,0.4162696521251859,0
1587,5,6,2015,0,0,0,0,1,1,1,5,0,0,9.97,9.97,0.0,0.0,0.0,0.0,0.0,0.0,0
996,2,10,2013,0,0,0,0,0,0,0,2,0,0,,,,0.0,0.0,0.0,0.0,0.0,0
312,4,12,2011,0,0,0,0,1,1,1,4,0,0,,,,0.0,0.0,0.0,0.0,0.0,0
1687,7,9,2015,0,0,0,0,0,1,1,7,1,0,1.74,1.74,0.0,1.0,0.0,0.14285714285714285,0.10714285714285714,0.3149703941743551,0
855,1,6,2013,0,0,0,0,1,1,0,1,1,0,5.64,5.64,0.0,0.0,0.0,0.5714285714285714,0.25,0.5181877251716007,0
146,6,6,2011,0,0,0,0,0,0,0,6,0,0,10.47,10.47,0.0,2.0,2.0,1.0,0.9285714285714286,1.0515798142890087,1
123,4,5,2011,13,1,0,0,0,0,0,4,0,1,2.47,2.47,0.0,0.0,0.0,0.14285714285714285,0.07142857142857142,0.26226526415648127,0
872,4,6,2013,0,0,0,0,0,0,0,4,0,0,4.88,4.88,0.0,1.0,0.0,0.42857142857142855,0.7142857142857143,0.7628961803617713,0
1352,1,10,2014,0,0,0,0,0,1,1,1,1,0,3.87,3.87,0.0,1.0,4.0,0.2857142857142857,0.6785714285714286,1.0904831219021405,1
497,7,6,2012,0,0,0,0,1,0,1,7,1,0,5.47,5.47,0.0,2.0,0.0,0.42857142857142855,0.2857142857142857,0.599823607228292,0
712,5,1,2013,0,0,0,0,1,1,1,5,0,0,,,,0.0,0.0,0.0,0.0,0.0,0
755,6,2,2013,0,0,0,0,0,0,0,6,0,0,0.2,0.2,0.0,2.0,17.0,11.0,12.785714285714286,12.88512533995905,5
699,6,12,2012,0,0,0,0,0,0,0,6,0,0,2.98,2.98,0.0,5.0,3.0,1.5714285714285714,2.4285714285714284,2.2840602480957495,0
625,2,10,2012,0,0,0,0,0,0,1,2,0,0,0.93,0.93,0.0,4.0,3.0,3.857142857142857,3.8214285714285716,1.7438478405541278,8
936,5,8,2013,0,0,0,0,0,0,0,5,0,0,,,,0.0,0.0,0.0,0.0,0.0,0
271,5,10,2011,0,0,0,0,0,0,0,5,0,0,,,,0.0,0.0,0.0,0.0,0.0,0
1820,7,1,2016,0,0,0,0,0,0,0,7,1,0,1.08,1.08,0.0,1.0,0.0,1.2857142857142858,0.6785714285714286,1.4156158567804542,0
380,2,2,2012,0,0,0,0,0,1,1,2,0,0,,,,0.0,0.0,0.0,0.0,0.0,0
1077,6,1,2014,0,0,0,0,1,1,1,6,0,0,1.48,1.48,0.0,0.0,0.0,0.0,0.0,0.0,0
1117,4,2,2014,0,0,0,0,0,0,0,4,0,0,2.88,2.88,0.0,2.0,0.0,0.42857142857142855,0.9285714285714286,0.8575836609041336,0
960,1,9,2013,0,0,0,0,0,0,1,1,1,0,11.97,11.97,0.0,1.0,0.0,0.5714285714285714,0.25,0.4409585518440982,0
780,3,3,2013,0,0,0,0,0,0,0,3,0,0,5.98,5.98,0.0,0.0,0.0,0.8571428571428571,0.4642857142857143,0.8380817098475258,1
891,2,7,2013,0,0,0,0,1,1,0,2,0,0,4.38,4.38,0.0,1.0,0.0,0.5714285714285714,0.39285714285714285,0.6852566815265082,1
249,4,10,2011,0,0,0,0,1,0,0,4,0,0,0.5,0.5,0.0,4.0,4.0,2.142857142857143,3.4642857142857144,2.7282085134977643,1
630,7,10,2012,0,0,0,0,0,0,0,7,1,0,2.42,2.42,0.0,7.0,3.0,5.571428571428571,4.25,2.2215276692369033,5
727,6,1,2013,0,0,0,0,0,0,0,6,0,0,5.64,5.64,0.0,5.0,0.0,2.857142857142857,1.8214285714285714,1.5882338532114126,0
1341,4,9,2014,0,0,0,0,0,0,0,4,0,0,3.48,3.48,0.0,0.0,3.0,1.0,1.75,1.8383769008638073,0
1039,3,12,2013,0,0,0,0,1,0,1,3,0,0,2.98,2.98,0.0,0.0,4.0,1.2857142857142858,1.6071428571428572,1.8122890316921116,1
434,7,4,2012,0,0,0,0,1,1,1,7,1,0,6.87,6.87,0.0,0.0,0.0,0.42857142857142855,0.39285714285714285,0.6288900106557948,2
617,1,10,2012,0,0,0,0,1,1,1,1,1,0,,,,0.0,0.0,0.0,0.0,0.0,0
94,3,5,2011,0,0,0,0,1,0,1,3,0,0,7.67,7.67,0.0,1.0,0.0,0.42857142857142855,0.6071428571428571,0.9164862737363227,2
778,1,3,2013,0,0,0,0,0,0,0,1,1,0,2.88,2.88,0.0,0.0,2.0,0.7142857142857143,1.4285714285714286,1.9327311596416457,1
1575,7,5,2015,0,0,0,0,0,0,0,7,1,0,,,,0.0,0.0,0.0,0.0,0.0,0
133,7,6,2011,0,0,0,0,1,0,0,7,1,0,,,,0.0,0.0,0.0,0.0,0.0,0
426,6,3,2012,0,0,0,0,0,0,0,6,0,0,,,,0.0,0.0,0.0,0.0,0.0,0
1689,2,9,2015,0,0,0,0,0,1,0,2,0,0,1.74,1.74,0.0,5.0,0.0,1.4285714285714286,0.9285714285714286,1.4383264819862958,2
979,6,10,2013,0,0,0,0,1,1,1,6,0,0,1.97,1.97,0.0,0.0,0.0,0.14285714285714285,0.07142857142857142,0.26226526415648077,0
811,6,4,2013,0,0,0,0,0,0,0,6,0,0,0.54,0.54,0.0,4.0,3.0,1.4285714285714286,1.5,2.673602092336881,5
1647,2,8,2015,0,0,0,0,1,0,1,2,0,0,3.33,3.33,0.0,0.0,1.0,0.2857142857142857,0.5,0.638284738504225,1
446,5,4,2012,0,0,0,0,0,0,0,5,0,0,,,,0.0,0.0,0.0,0.0,0.0,0
8,1,2,2011,0,0,0,0,1,1,1,1,1,0,3.24,3.24,0.0,1.0,,0.14285714285714285,,,0
577,3,8,2012,0,0,0,0,0,0,0,3,0,0,,,,0.0,0.0,0.0,0.0,0.0,0
833,7,5,2013,0,0,0,0,1,0,0,7,1,0,5.94,5.94,0.0,0.0,0.0,0.14285714285714285,0.21428571428571427,0.4986754943620636,0
675,3,12,2012,0,0,0,0,1,1,1,3,0,0,,,,0.0,0.0,0.0,0.0,0.0,0
1743,7,11,2015,0,0,0,0,1,1,1,7,1,0,1.38,1.38,0.0,0.0,0.0,0.0,0.14285714285714285,0.44839513942302894,0
174,6,7,2011,0,0,0,0,0,0,0,6,0,0,,,,0.0,0.0,0.0,0.0,0.0,0
956,4,9,2013,0,0,0,0,1,0,0,4,0,0,2.48,2.48,0.0,0.0,0.0,0.2857142857142857,0.39285714285714285,0.5669467095138434,1
1739,3,11,2015,0,0,0,0,1,0,1,3,0,0,14.97,14.97,0.0,1.0,4.0,1.4285714285714286,2.2857142857142856,1.71824938596845,3
1,1,1,2011,0,0,0,0,0,0,0,1,1,0,,,,,,,,,0
944,6,8,2013,0,0,0,0,0,0,0,6,0,0,5.94,5.94,0.0,0.0,0.0,0.0,0.03571428571428571,0.18898223650461332,0
949,4,9,2013,0,0,0,0,1,1,1,4,0,0,9.47,9.47,0.0,0.0,0.0,1.1428571428571428,0.6785714285714286,1.0202966681339745,1
566,6,8,2012,0,0,0,0,0,0,0,6,0,0,3.97,3.97,0.0,1.0,0.0,0.8571428571428571,0.7142857142857143,0.6586823467062363,0
1408,1,12,2014,0,0,0,0,1,1,1,1,1,0,1.87,1.87,0.0,0.0,0.0,1.4285714285714286,1.1071428571428572,1.3148520748875054,1
760,4,2,2013,0,0,0,0,0,0,0,4,0,0,1.78,1.78,0.0,1.0,1.0,0.7142857142857143,0.75,0.9279607271383359,0
371,7,2,2012,0,0,0,0,1,1,1,7,1,0,5.96,5.96,0.0,2.0,0.0,1.4285714285714286,1.8571428571428572,1.4067110502288593,4
1674,1,8,2015,0,0,0,0,0,0,0,1,1,0,2.98,2.98,0.0,0.0,0.0,0.14285714285714285,0.4642857142857143,0.7926581093427725,0
1081,3,1,2014,0,0,0,0,0,1,0,3,0,0,1.47,1.47,0.0,0.0,0.0,0.5714285714285714,0.14285714285714285,0.44839513942303333,2
448,7,4,2012,0,0,0,0,0,0,0,7,1,0,,,,0.0,0.0,0.0,0.0,0.0,0
1599,3,6,2015,0,0,0,0,0,1,1,3,0,0,3.0,3.0,0.0,0.0,0.0,0.0,0.0,0.0,0
502,5,6,2012,0,0,0,0,0,1,0,5,0,0,1.68,1.68,0.0,0.0,5.0,3.7142857142857144,3.857142857142857,2.2724482753235917,8
208,5,8,2011,0,0,0,0,0,0,0,5,0,0,,,,0.0,0.0,0.0,0.0,0.0,0
961,2,9,2013,0,0,0,0,0,1,1,2,0,0,,,,0.0,0.0,0.0,0.0,0.0,0
1679,6,9,2015,0,0,0,0,1,1,1,6,0,0,2.42,2.42,0.0,1.0,1.0,0.8571428571428571,0.6785714285714286,0.7723735149270955,2
907,4,7,2013,0,0,0,0,0,0,0,4,0,0,,,,0.0,0.0,0.0,0.0,0.0,0
365,1,1,2012,0,0,0,0,0,0,0,1,1,0,9.42,9.42,0.0,2.0,0.0,0.2857142857142857,0.32142857142857145,0.6118321864193027,2
796,5,4,2013,0,0,0,0,1,1,1,5,0,0,3.97,3.97,0.0,0.0,0.0,0.14285714285714285,0.4642857142857143,0.6929348671835835,1
444,3,4,2012,0,0,0,0,0,0,0,3,0,0,,,,0.0,0.0,0.0,0.0,0.0,0
1572,4,5,2015,0,0,0,0,0,0,0,4,0,0,3.98,3.98,0.0,1.0,1.0,1.1428571428571428,1.8571428571428572,1.4835963740378295,0
196,7,8,2011,0,0,0,0,0,1,1,7,1,0,,,,0.0,0.0,0.0,0.0,0.0,0
217,7,9,2011,0,0,0,0,1,0,1,7,1,0,1.98,1.98,0.0,0.0,0.0,0.0,0.0,0.0,0
1277,3,7,2014,0,0,0,0,0,0,0,3,0,0,4.88,4.88,0.0,0.0,0.0,0.0,0.0,0.0,0
1830,3,2,2016,0,0,0,0,1,1,0,3,0,0,2.18,2.18,0.0,3.0,4.0,0.5714285714285714,1.1428571428571428,1.6035674514745464,3
1492,1,2,2015,0,0,0,0,0,0,0,1,1,0,2.0,2.0,0.0,0.0,1.0,1.5714285714285714,1.9285714285714286,2.73426232761059,0
1440,5,1,2015,28,4,0,0,1,1,0,5,0,1,1.74,1.74,0.0,0.0,0.0,0.7142857142857143,0.32142857142857145,0.8629652337776859,0
1099,7,1,2014,0,0,0,0,0,0,0,7,1,0,2.97,2.97,0.0,0.0,0.0,0.0,0.0,0.0,0
1615,5,7,2015,0,0,0,0,1,1,0,5,0,0,6.97,6.97,0.0,0.0,1.0,0.0,0.2857142857142857,0.7126966450997989,0
784,7,3,2013,0,0,0,0,0,0,0,7,1,0,10.97,10.97,0.0,0.0,0.0,0.0,0.0,0.0,0
410,4,3,2012,0,0,0,0,0,1,0,4,0,0,6.97,6.97,0.0,0.0,0.0,0.42857142857142855,0.25,0.700528900717694,0
394,2,2,2012,0,0,0,0,0,0,0,2,0,0,,,,0.0,0.0,0.0,0.0,0.0,0
752,3,2,2013,3,3,0,0,0,0,0,3,0,1,4.74,4.74,0.0,0.0,2.0,0.8571428571428571,1.0,1.2171612389003696,0
524,6,7,2012,0,0,0,0,1,1,1,6,0,0,5.47,5.47,0.0,0.0,0.0,0.5714285714285714,0.6428571428571429,0.7310208850583778,0
1848,7,2,2016,0,0,0,0,0,0,0,7,1,0,2.82,2.82,0.0,1.0,0.0,0.5714285714285714,0.39285714285714285,0.8317445171439015,0
1189,6,5,2014,0,0,0,0,1,1,0,6,0,0,6.97,6.97,0.0,0.0,0.0,0.0,0.0,0.0,0
1421,7,12,2014,0,0,0,0,0,0,0,7,1,0,4.87,4.87,0.0,0.0,0.0,0.0,0.17857142857142858,0.3900210277874777,0
1492,1,2,2015,0,0,0,0,0,0,0,1,1,0,7.47,7.47,0.0,0.0,0.0,0.0,0.07142857142857142,0.26226526415648105,0
1381,2,11,2014,0,0,0,0,1,1,1,2,0,0,,,,0.0,0.0,0.0,0.0,0.0,0
976,3,9,2013,0,0,0,0,0,0,0,3,0,0,2.82,2.82,0.0,0.0,3.0,1.7142857142857142,1.7142857142857142,1.6523191974188087,0
1181,5,4,2014,0,0,0,0,0,0,0,5,0,0,,,,0.0,0.0,0.0,0.0,0.0,0
1060,3,12,2013,0,0,0,0,0,0,0,3,0,0,5.47,5.47,0.0,0.0,0.0,0.0,0.03571428571428571,0.18898223650461388,0
1164,2,4,2014,0,0,0,0,1,1,1,2,0,0,0.78,0.78,0.0,0.0,0.0,0.0,0.0,0.0,0
574,7,8,2012,0,0,0,0,0,0,0,7,1,0,2.98,2.98,0.0,0.0,0.0,0.42857142857142855,0.25,0.4409585518440985,0
237,6,9,2011,0,0,0,0,0,0,0,6,0,0,,,,0.0,0.0,0.0,0.0,0.0,0
607,5,9,2012,0,0,0,0,0,0,0,5,0,0,18.98,18.98,0.0,4.0,2.0,2.142857142857143,1.9642857142857142,1.290482047664326,3
1811,5,1,2016,0,0,0,0,0,1,0,5,0,0,7.76,7.76,0.0,0.0,0.0,0.0,0.0,0.0,0
213,3,8,2011,0,0,0,0,0,0,0,3,0,0,4.88,4.88,0.0,0.0,0.0,0.42857142857142855,0.6785714285714286,0.9449111825230685,4
187,5,8,2011,0,0,0,0,1,1,1,5,0,0,2.97,2.97,0.0,2.0,1.0,1.0,0.75,0.7005289007176946,1
1327,4,9,2014,0,0,0,0,0,0,0,4,0,0,2.98,2.98,0.0,1.0,1.0,3.142857142857143,2.3214285714285716,1.98239607038911,3
1147,6,3,2014,0,0,0,0,0,0,0,6,0,0,1.48,1.48,0.0,0.0,0.0,0.0,0.10714285714285714,0.3149703941743272,0
199,3,8,2011,0,0,0,0,0,1,1,3,0,0,0.97,0.97,0.0,0.0,1.0,0.0,0.21428571428571427,0.4986754943620639,0
410,4,3,2012,0,0,0,0,0,1,0,4,0,0,1.0,1.0,0.0,10.0,5.0,5.285714285714286,6.25,5.309844107358116,4
912,2,7,2013,0,0,0,0,0,0,0,2,0,0,2.98,2.98,0.0,1.0,0.0,1.4285714285714286,1.1785714285714286,1.2187902754164648,1
1099,7,1,2014,0,0,0,0,0,0,0,7,1,0,14.26,14.26,0.0,1.0,0.0,0.14285714285714285,0.32142857142857145,0.4755948656056707,0
558,5,8,2012,0,0,0,0,1,0,1,5,0,0,1.98,1.98,0.0,0.0,0.0,0.0,0.0,0.0,0
1833,6,2,2016,0,0,0,0,1,0,0,6,0,0,2.82,2.82,0.0,0.0,1.0,0.14285714285714285,0.8214285714285714,1.634207734847356,2
426,6,3,2012,0,0,0,0,0,0,0,6,0,0,2.24,2.24,0.0,0.0,0.0,0.0,0.0,0.0,0
1146,5,3,2014,0,0,0,0,0,0,0,5,0,0,3.48,3.48,0.0,0.0,0.0,0.0,0.0,0.0,0
286,6,11,2011,0,0,0,0,1,0,0,6,0,0,7.97,7.97,0.0,2.0,3.0,2.4285714285714284,2.75,1.713238216123256,4
594,6,9,2012,0,0,0,0,0,1,0,6,0,0,,,,0.0,0.0,0.0,0.0,0.0,0
818,6,4,2013,0,0,0,0,0,0,0,6,0,0,5.88,5.88,0.0,0.0,0.0,0.14285714285714285,0.14285714285714285,0.4483951394230329,0
1701,7,9,2015,0,0,0,0,0,0,0,7,1,0,4.68,4.68,0.0,0.0,0.0,0.42857142857142855,0.4642857142857143,1.03573709152049,0
897,1,7,2013,0,0,0,0,0,1,0,1,1,0,,,,0.0,0.0,0.0,0.0,0.0,0
1544,4,4,2015,0,0,0,0,0,0,0,4,0,0,3.98,3.98,0.0,0.0,2.0,0.8571428571428571,0.9642857142857143,0.838081709847526,0
132,6,6,2011,0,0,0,0,1,1,1,6,0,0,,,,0.0,0.0,0.0,0.0,0.0,0
1141,7,3,2014,0,0,0,0,0,0,1,7,1,0,6.97,6.97,0.0,0.0,0.0,0.7142857142857143,0.7857142857142857,1.03125751560513,0
1317,1,9,2014,0,0,0,0,1,1,1,1,1,0,1.72,1.72,0.0,2.0,3.0,2.0,3.3214285714285716,2.03767426300585,3
1815,2,1,2016,0,0,0,0,0,0,0,2,0,0,2.88,2.88,0.0,0.0,0.0,0.2857142857142857,0.32142857142857145,0.6118321864193018,0
1707,6,10,2015,0,0,0,0,1,1,0,6,0,0,1.28,1.28,0.0,0.0,2.0,1.0,0.6071428571428571,0.9560445408144771,0
632,2,10,2012,0,0,0,0,0,0,0,2,0,0,9.88,9.88,0.0,0.0,0.0,1.1428571428571428,1.5357142857142858,1.8152061990235564,2
1824,4,1,2016,0,0,0,0,0,0,0,4,0,0,4.98,4.98,0.0,0.0,0.0,0.0,0.03571428571428571,0.18898223650461354,0
1471,1,2,2015,0,0,0,0,1,1,0,1,1,0,2.72,2.72,0.0,0.0,0.0,1.5714285714285714,1.4642857142857142,1.4525110532413703,1
1461,5,1,2015,0,0,0,0,0,0,0,5,0,0,3.32,3.32,0.0,2.0,1.0,1.4285714285714286,1.0714285714285714,1.1198072396480803,0
77,7,4,2011,0,0,0,0,0,1,1,7,1,0,1.88,1.88,0.0,0.0,0.0,0.0,0.03571428571428571,0.1889822365046136,0
1513,1,3,2015,0,0,0,0,0,0,0,1,1,0,4.44,4.44,0.0,0.0,0.0,0.14285714285714285,0.14285714285714285,0.448395139423033,0
1390,4,11,2014,0,0,0,0,0,0,0,4,0,0,,,,0.0,0.0,0.0,0.0,0.0,0
943,5,8,2013,0,0,0,0,0,0,0,5,0,0,2.88,2.88,0.0,3.0,2.0,1.4285714285714286,1.7857142857142858,1.3432173332088808,1
1008,7,11,2013,0,0,0,0,1,1,0,7,1,0,3.33,3.33,0.0,0.0,0.0,0.2857142857142857,0.7857142857142857,0.9172076325837268,0
1466,3,2,2015,0,0,0,0,1,0,1,3,0,0,1.98,1.98,0.0,0.0,1.0,1.7142857142857142,2.6785714285714284,2.4952335514317023,3
1182,6,4,2014,0,0,0,0,0,0,0,6,0,0,7.88,7.88,0.0,0.0,1.0,0.0,0.4642857142857143,0.8380817098475256,0
1090,5,1,2014,0,0,0,0,0,0,0,5,0,0,,,,0.0,0.0,0.0,0.0,0.0,0
401,2,3,2012,0,0,0,0,1,0,0,2,0,0,,,,0.0,0.0,0.0,0.0,0.0,0
1735,6,10,2015,0,0,0,0,0,0,0,6,0,0,9.47,9.47,0.0,2.0,0.0,1.4285714285714286,0.75,0.9279607271383363,0
1504,6,3,2015,0,0,0,0,0,1,1,6,0,0,2.18,2.18,0.0,0.0,0.0,0.0,0.0,0.0,0
1628,4,7,2015,0,0,0,0,0,0,1,4,0,0,2.97,2.97,0.0,0.0,0.0,0.0,0.0,0.0,0
857,3,6,2013,0,0,0,0,1,1,1,3,0,0,0.46,0.46,0.0,3.0,40.0,4.0,7.642857142857143,9.105205209371276,0
655,4,11,2012,0,0,0,0,0,1,0,4,0,0,2.48,2.48,0.0,1.0,0.0,1.4285714285714286,1.4642857142857142,1.4267845968170063,0
1438,3,1,2015,0,0,0,0,1,1,1,3,0,0,1.48,1.48,0.0,0.0,1.0,0.0,0.10714285714285714,0.3149703941744898,0
1417,3,12,2014,0,0,0,0,0,1,1,3,0,0,,,,0.0,0.0,0.0,0.0,0.0,0
112,7,5,2011,0,0,0,0,0,0,0,7,1,0,,,,0.0,0.0,0.0,0.0,0.0,0
937,6,8,2013,0,0,0,0,0,0,0,6,0,0,2.48,2.48,0.0,4.0,0.0,2.4285714285714284,2.2142857142857144,1.8329725474726368,5
1466,3,2,2015,0,0,0,0,1,0,1,3,0,0,5.28,5.28,0.0,1.0,7.0,2.142857142857143,1.9285714285714286,2.6933191890246237,0
1637,6,7,2015,0,0,0,0,0,0,0,6,0,0,0.48,0.48,0.0,2.0,0.0,2.142857142857143,2.7142857142857144,2.8526419574784097,5
913,3,7,2013,0,0,0,0,0,0,0,3,0,0,1.0,1.0,0.0,5.0,3.0,9.714285714285714,5.464285714285714,3.872812575981076,6
1504,6,3,2015,0,0,0,0,0,1,1,6,0,0,2.68,2.68,0.0,0.0,0.0,0.0,0.32142857142857145,1.1564175661505698,0
197,1,8,2011,0,0,0,0,0,1,0,1,1,0,,,,0.0,0.0,0.0,0.0,0.0,0
1591,2,6,2015,0,0,0,0,1,1,0,2,0,0,3.48,3.48,0.0,1.0,1.0,0.5714285714285714,0.5714285714285714,0.7417981870189173,2
1118,5,2,2014,0,0,0,0,0,0,0,5,0,0,5.88,5.88,0.0,0.0,0.0,0.0,0.03571428571428571,0.18898223650461363,0
1466,3,2,2015,0,0,0,0,1,0,1,3,0,0,0.93,0.93,0.0,2.0,1.0,1.0,1.9642857142857142,2.045449200997778,0
1345,1,10,2014,22,4,0,0,1,0,0,1,1,1,9.47,9.47,0.0,0.0,0.0,0.0,0.0,0.0,0
1822,2,1,2016,0,0,0,0,0,0,0,2,0,0,3.94,3.94,0.0,2.0,1.0,1.1428571428571428,0.6428571428571429,0.8261595987094033,0
857,3,6,2013,0,0,0,0,1,1,1,3,0,0,5.34,5.34,0.0,0.0,0.0,0.14285714285714285,0.10714285714285714,0.3149703941743561,0
1331,1,9,2014,0,0,0,0,0,0,0,1,1,0,4.97,4.97,0.0,2.0,3.0,1.8571428571428572,1.3214285714285714,1.0904831219021396,0
177,2,7,2011,0,0,0,0,0,0,0,2,0,0,1.98,1.98,0.0,0.0,1.0,0.14285714285714285,0.17857142857142858,0.3900210277874798,0
202,6,8,2011,0,0,0,0,0,0,0,6,0,0,1.38,1.38,0.0,0.0,0.0,0.0,0.0,0.0,0
25,4,2,2011,0,0,0,0,0,0,0,4,0,0,1.25,1.25,0.0,2.0,,5.142857142857143,,,1
1337,7,9,2014,0,0,0,0,0,0,0,7,1,0,8.96,8.96,0.0,0.0,0.0,0.7142857142857143,0.5714285714285714,0.690065559342355,1
308,7,12,2011,0,0,0,0,1,0,1,7,1,0,,,,0.0,0.0,0.0,0.0,0.0,0
367,3,1,2012,0,0,0,0,0,0,0,3,0,0,,,,0.0,0.0,0.0,0.0,0.0,0
1685,5,9,2015,0,0,0,0,1,1,1,5,0,0,2.5,2.5,0.0,1.0,2.0,0.8571428571428571,1.0714285714285714,0.978607151860216,1
1,1,1,2011,0,0,0,0,0,0,0,1,1,0,,,,,,,,,0
428,1,3,2012,0,0,0,0,0,0,0,1,1,0,6.98,6.98,0.0,0.0,0.0,0.42857142857142855,0.17857142857142858,0.3900210277874798,0
521,3,7,2012,0,0,0,0,1,0,1,3,0,0,,,,0.0,0.0,0.0,0.0,0.0,0
973,7,9,2013,0,0,0,0,0,0,0,7,1,0,4.88,4.88,0.0,0.0,1.0,0.0,0.17857142857142858,0.475594865605666,0
1643,5,7,2015,0,0,0,0,0,0,0,5,0,0,1.98,1.98,0.0,0.0,0.0,0.8571428571428571,0.4642857142857143,0.8811668550592593,0
359,2,1,2012,0,0,0,0,0,0,0,2,0,0,,,,0.0,0.0,0.0,0.0,0.0,0
1375,3,11,2014,0,0,0,0,1,1,1,3,0,0,5.5,5.5,0.0,0.0,0.0,0.2857142857142857,0.07142857142857142,0.37796447300922703,1
972,6,9,2013,0,0,0,0,0,0,0,6,0,0,2.98,2.98,0.0,3.0,4.0,3.7142857142857144,3.9285714285714284,1.9422890548233944,2
117,5,5,2011,0,0,0,0,0,0,0,5,0,0,,,,0.0,0.0,0.0,0.0,0.0,0
1114,1,2,2014,0,0,0,0,0,1,1,1,1,0,2.08,2.08,0.0,1.0,1.0,0.7142857142857143,0.9285714285714286,1.1198072396480803,0
610,1,9,2012,0,0,0,0,0,0,0,1,1,0,2.68,2.68,0.0,0.0,1.0,0.0,0.5357142857142857,0.9615628812527934,0
143,3,6,2011,0,0,0,0,0,0,0,3,0,0,1.48,1.48,0.0,61.0,75.0,67.57142857142857,65.85714285714286,10.341266795794338,89
1340,3,9,2014,0,0,0,0,0,0,0,3,0,0,2.88,2.88,0.0,3.0,0.0,1.2857142857142858,0.6785714285714286,1.1880133254200722,0
1274,7,7,2014,0,0,0,0,0,0,0,7,1,0,3.48,3.48,0.0,0.0,0.0,0.0,0.0,0.0,0
1600,4,6,2015,14,1,0,0,0,0,0,4,0,1,11.97,11.97,0.0,0.0,1.0,0.0,0.14285714285714285,0.35634832254989923,0
1266,6,7,2014,0,0,0,0,0,0,0,6,0,0,4.78,4.78,0.0,2.0,0.0,0.42857142857142855,0.42857142857142855,0.690065559342354,0
1842,1,2,2016,0,0,0,0,0,1,0,1,1,0,2.5,2.5,0.0,0.0,0.0,0.14285714285714285,0.32142857142857145,0.5479640045336459,0
159,5,7,2011,0,0,0,0,1,1,1,5,0,0,,,,0.0,0.0,0.0,0.0,0.0,0
155,1,7,2011,0,0,0,0,1,0,1,1,1,0,6.97,6.97,0.0,0.0,0.0,0.0,0.0,0.0,0
376,5,2,2012,0,0,0,0,1,0,1,5,0,0,2.48,2.48,0.0,0.0,5.0,0.0,0.5357142857142857,1.201300001299298,0
319,4,12,2011,0,0,0,0,0,1,0,4,0,0,,,,0.0,0.0,0.0,0.0,0.0,0
1199,2,5,2014,11,2,0,0,0,1,1,2,0,1,1.97,1.97,0.0,1.0,0.0,0.14285714285714285,0.25,0.4409585518440984,0
297,3,11,2011,0,0,0,0,0,0,0,3,0,0,4.5,4.5,0.0,1.0,1.0,3.0,2.4285714285714284,1.7728105208558362,2
1258,5,7,2014,0,0,0,0,1,1,1,5,0,0,,,,0.0,0.0,0.0,0.0,0.0,0
311,3,12,2011,0,0,0,0,1,1,1,3,0,0,9.88,9.88,0.0,1.0,0.0,0.42857142857142855,0.35714285714285715,0.5587211398983505,0
1408,1,12,2014,0,0,0,0,1,1,1,1,1,0,7.88,7.88,0.0,0.0,0.0,0.42857142857142855,0.5,0.7453559924999292,1
1618,1,7,2015,16,3,0,0,1,0,0,1,1,1,2.98,2.98,0.0,0.0,0.0,0.0,0.6428571428571429,0.9511897312113419,0
1088,3,1,2014,29,3,0,0,0,0,0,3,0,1,2.78,2.78,0.0,1.0,5.0,3.7142857142857144,4.642857142857143,2.4375805508329234,4
1437,2,1,2015,0,0,0,0,1,0,0,2,0,0,6.48,6.48,0.0,0.0,0.0,0.14285714285714285,0.17857142857142858,0.39002102778748,0
1154,6,3,2014,0,0,0,0,0,0,0,6,0,0,1.72,1.72,0.0,8.0,0.0,9.142857142857142,5.392857142857143,4.863616134602101,3
545,6,7,2012,0,0,0,0,0,0,0,6,0,0,,,,0.0,0.0,0.0,0.0,0.0,0
1593,4,6,2015,0,0,0,0,1,1,1,4,0,0,6.97,6.97,0.0,0.0,0.0,0.14285714285714285,0.35714285714285715,0.9893613995077724,1
837,4,5,2013,0,0,0,0,0,0,1,4,0,0,9.24,9.24,0.0,1.0,0.0,1.0,1.0357142857142858,1.201300001299297,0
1786,1,12,2015,0,0,0,0,0,0,0,1,1,0,2.0,2.0,0.0,1.0,0.0,0.2857142857142857,0.35714285714285715,0.7310208850583807,0
895,6,7,2013,0,0,0,0,0,1,1,6,0,0,1.74,1.74,0.0,0.0,2.0,1.1428571428571428,1.1428571428571428,1.1126972805283748,2
1092,7,1,2014,0,0,0,0,0,0,0,7,1,0,2.48,2.48,0.0,0.0,0.0,0.0,0.0,0.0,0
1727,5,10,2015,0,0,0,0,0,0,0,5,0,0,2.42,2.42,0.0,0.0,10.0,1.1428571428571428,1.1785714285714286,2.1266139218219102,2
444,3,4,2012,0,0,0,0,0,0,0,3,0,0,10.97,10.97,0.0,0.0,0.0,0.0,0.0,0.0,0
669,4,11,2012,0,0,0,0,0,0,0,4,0,0,,,,0.0,0.0,0.0,0.0,0.0,0
604,2,9,2012,0,0,0,0,0,0,0,2,0,0,7.97,7.97,0.0,0.0,0.0,0.0,0.21428571428571427,0.41785544701867267,0
797,6,4,2013,0,0,0,0,1,0,0,6,0,0,1.58,1.58,0.0,2.0,2.0,1.2857142857142858,1.75,1.4043582955293927,1
69,6,4,2011,0,0,0,0,1,1,0,6,0,0,11.97,11.97,0.0,0.0,0.0,0.2857142857142857,0.21428571428571427,0.4178554470186724,0
623,7,10,2012,0,0,0,0,0,1,1,7,1,0,0.5,0.5,0.0,0.0,0.0,0.0,0.0,0.0,0
139,6,6,2011,0,0,0,0,0,0,0,6,0,0,3.97,3.97,0.0,0.0,1.0,0.14285714285714285,0.32142857142857145,0.7228324650199188,0
914,4,7,2013,0,0,0,0,0,0,0,4,0,0,2.68,2.68,0.0,0.0,0.0,1.1428571428571428,1.2857142857142858,1.696557360747604,0
350,7,1,2012,0,0,0,0,0,1,0,7,1,0,2.97,2.97,0.0,0.0,0.0,0.0,0.0,0.0,1
84,7,4,2011,0,0,0,0,0,0,0,7,1,0,,,,0.0,0.0,0.0,0.0,0.0,0
584,3,9,2012,19,3,0,0,1,1,1,3,0,1,,,,0.0,0.0,0.0,0.0,0.0,0
1793,1,12,2015,0,0,0,0,0,0,0,1,1,0,4.38,4.38,0.0,0.0,0.0,0.0,0.0,0.0,0
1709,1,10,2015,0,0,0,0,1,1,1,1,1,0,2.84,2.84,0.0,0.0,0.0,0.14285714285714285,0.2857142857142857,0.599823607228291,0
887,5,7,2013,0,0,0,0,1,1,1,5,0,0,2.42,2.42,0.0,3.0,0.0,0.7142857142857143,0.6785714285714286,0.862965233777691,0
762,6,2,2013,0,0,0,0,0,0,0,6,0,0,,,,0.0,0.0,0.0,0.0,0.0,0
1051,1,12,2013,0,0,0,0,0,0,1,1,1,0,,,,0.0,0.0,0.0,0.0,0.0,0
650,6,11,2012,0,0,0,0,1,0,1,6,0,0,,,,0.0,0.0,0.0,0.0,0.0,0
1265,5,7,2014,0,0,0,0,0,0,0,5,0,0,4.98,4.98,0.0,4.0,0.0,1.5714285714285714,0.7857142857142857,0.9946949227868761,0
638,1,10,2012,0,0,0,0,0,0,0,1,1,0,3.88,3.88,0.0,7.0,8.0,2.5714285714285716,2.0,2.018433569398327,2
1056,6,12,2013,0,0,0,0,0,0,0,6,0,0,7.47,7.47,0.0,0.0,0.0,0.0,0.0,0.0,0
1206,2,5,2014,0,0,0,0,0,0,0,2,0,0,1.48,1.48,0.0,0.0,0.0,0.0,0.0,0.0,0
303,2,11,2011,0,0,0,0,0,0,0,2,0,0,,,,0.0,0.0,0.0,0.0,0.0,0
717,3,1,2013,0,0,0,0,0,0,1,3,0,0,1.88,1.88,0.0,0.0,0.0,0.7142857142857143,0.21428571428571427,0.4986754943620637,0
1812,6,1,2016,0,0,0,0,0,0,1,6,0,0,2.98,2.98,0.0,0.0,0.0,1.5714285714285714,1.0714285714285714,1.561778934149594,4
446,5,4,2012,0,0,0,0,0,0,0,5,0,0,,,,0.0,0.0,0.0,0.0,0.0,0
744,2,2,2013,0,0,0,0,1,0,0,2,0,0,,,,0.0,0.0,0.0,0.0,0.0,0
1439,4,1,2015,0,0,0,0,1,1,1,4,0,0,2.5,2.5,0.0,0.0,0.0,1.1428571428571428,0.8571428571428571,1.238705588262006,1
1024,2,11,2013,0,0,0,0,0,0,0,2,0,0,4.47,4.47,0.0,0.0,0.0,0.0,0.0,0.0,0
526,1,7,2012,0,0,0,0,1,1,0,1,1,0,8.48,8.48,0.0,1.0,0.0,0.5714285714285714,0.32142857142857145,0.6118321864193029,0
1711,3,10,2015,0,0,0,0,1,1,1,3,0,0,1.38,1.38,0.0,1.0,0.0,0.7142857142857143,0.8571428571428571,1.380131118684706,0
332,3,12,2011,0,0,0,0,0,0,0,3,0,0,,,,0.0,0.0,0.0,0.0,0.0,0
80,3,4,2011,0,0,0,0,0,0,0,3,0,0,,,,0.0,0.0,0.0,0.0,0.0,0
421,1,3,2012,0,0,0,0,0,0,0,1,1,0,,,,0.0,0.0,0.0,0.0,0.0,0
1233,1,6,2014,0,0,0,0,0,0,1,1,1,0,2.25,2.25,0.0,0.0,0.0,0.0,0.0,0.0,0
505,1,6,2012,0,0,0,0,0,0,0,1,1,0,6.97,6.97,0.0,1.0,0.0,0.7142857142857143,0.39285714285714285,0.6852566815265065,0
674,2,12,2012,0,0,0,0,1,0,1,2,0,0,3.48,3.48,0.0,0.0,3.0,0.7142857142857143,0.9642857142857143,1.1049431980420774,2
1599,3,6,2015,0,0,0,0,0,1,1,3,0,0,4.88,4.88,0.0,2.0,1.0,1.2857142857142858,1.4642857142857142,1.2614554456142482,1
96,5,5,2011,0,0,0,0,1,0,0,5,0,0,,,,0.0,0.0,0.0,0.0,0.0,0
214,4,8,2011,0,0,0,0,0,0,0,4,0,0,,,,0.0,0.0,0.0,0.0,0.0,0
560,7,8,2012,0,0,0,0,1,0,0,7,1,0,2.18,2.18,0.0,0.0,2.0,0.2857142857142857,0.5,1.1385500851066226,0
392,7,2,2012,0,0,0,0,0,0,0,7,1,0,,,,0.0,0.0,0.0,0.0,0.0,0
268,2,10,2011,0,0,0,0,0,0,0,2,0,0,,,,0.0,0.0,0.0,0.0,0.0,0
895,6,7,2013,0,0,0,0,0,1,1,6,0,0,3.97,3.97,0.0,0.0,0.0,0.5714285714285714,0.5714285714285714,0.6900655593423553,0
1367,2,10,2014,0,0,0,0,0,0,0,2,0,0,,,,0.0,0.0,0.0,0.0,0.0,0
436,2,4,2012,30,2,0,0,1,0,1,2,0,1,1.98,1.98,0.0,2.0,0.0,0.8571428571428571,0.5714285714285714,1.168366109179548,0
311,3,12,2011,0,0,0,0,1,1,1,3,0,0,3.78,3.78,0.0,0.0,0.0,0.2857142857142857,0.6428571428571429,1.2827714704898352,0
1429,1,12,2014,0,0,0,0,0,0,0,1,1,0,2.18,2.18,0.0,0.0,0.0,0.2857142857142857,1.0,1.0886621079036343,0
463,1,5,2012,10,2,0,0,1,1,1,1,1,1,,,,0.0,0.0,0.0,0.0,0.0,0
540,1,7,2012,0,0,0,0,0,0,0,1,1,0,,,,0.0,0.0,0.0,0.0,0.0,0
1500,2,3,2015,0,0,0,0,1,0,1,2,0,0,7.97,7.97,0.0,6.0,3.0,3.2857142857142856,3.3214285714285716,1.8866700319673884,5
1121,1,2,2014,0,0,0,0,0,0,0,1,1,0,2.77,2.77,0.0,0.0,0.0,0.14285714285714285,0.5714285714285714,0.790151013628802,0
447,6,4,2012,0,0,0,0,0,0,0,6,0,0,11.97,11.97,0.0,1.0,0.0,0.14285714285714285,0.07142857142857142,0.262265264156481,0
473,4,5,2012,0,0,0,0,0,1,1,4,0,0,,,,0.0,0.0,0.0,0.0,0.0,0
1750,7,11,2015,0,0,0,0,0,1,0,7,1,0,3.24,3.24,0.0,0.0,0.0,0.2857142857142857,0.25,0.5181877251716002,0
385,7,2,2012,0,0,0,0,0,0,0,7,1,0,3.17,3.17,0.0,2.0,0.0,3.2857142857142856,0.8214285714285714,1.6113847605587084,2
48,6,3,2011,6,2,0,0,0,0,0,6,0,1,,,,0.0,0.0,0.0,0.0,0.0,0
1517,5,3,2015,0,0,0,0,0,0,0,5,0,0,5.94,4.97,0.9700000000000006,0.0,0.0,0.2857142857142857,0.07142857142857142,0.37796447300922836,0
366,2,1,2012,0,0,0,0,0,0,0,2,0,0,,,,0.0,0.0,0.0,0.0,0.0,0
1367,2,10,2014,0,0,0,0,0,0,0,2,0,0,,,,0.0,0.0,0.0,0.0,0.0,0
1110,4,2,2014,0,0,0,0,0,1,1,4,0,0,0.97,0.97,0.0,2.0,5.0,5.142857142857143,5.892857142857143,3.4783913450338444,4
1352,1,10,2014,0,0,0,0,0,1,1,1,1,0,5.47,5.47,0.0,4.0,0.0,0.5714285714285714,0.17857142857142858,0.7723735149271023,0
295,1,11,2011,0,0,0,0,0,0,0,1,1,0,,,,0.0,0.0,0.0,0.0,0.0,0
1255,2,7,2014,0,0,0,0,1,1,1,2,0,0,2.97,2.97,0.0,0.0,0.0,0.0,0.0,0.0,0
1631,7,7,2015,0,0,0,0,0,0,0,7,1,0,2.58,2.58,0.0,3.0,0.0,0.42857142857142855,0.14285714285714285,0.5909368402852773,0
1711,3,10,2015,0,0,0,0,1,1,1,3,0,0,8.97,8.97,0.0,1.0,0.0,0.5714285714285714,0.5714285714285714,0.790151013628803,1
41,6,3,2011,0,0,0,0,1,0,0,6,0,0,5.47,5.47,0.0,0.0,0.0,0.7142857142857143,0.8214285714285714,0.9833266074561479,2
55,6,3,2011,0,0,0,0,0,0,0,6,0,0,,,,0.0,0.0,0.0,0.0,0.0,0
456,1,4,2012,0,0,0,0,0,0,0,1,1,0,4.74,4.74,0.0,0.0,0.0,0.2857142857142857,0.17857142857142858,0.3900210277874796,1
1110,4,2,2014,0,0,0,0,0,1,1,4,0,0,4.98,4.98,0.0,1.0,0.0,0.2857142857142857,0.39285714285714285,0.5669467095138409,0
1204,7,5,2014,0,0,0,0,0,0,0,7,1,0,,,,0.0,0.0,0.0,0.0,0.0,0
1737,1,10,2015,21,2,0,0,0,0,0,1,1,1,3.48,3.48,0.0,0.0,0.0,0.0,0.0,0.0,0
73,3,4,2011,0,0,0,0,0,1,1,3,0,0,1.97,1.97,0.0,0.0,0.0,0.14285714285714285,0.17857142857142858,0.3900210277874798,0
750,1,2,2013,0,0,0,0,0,0,0,1,1,0,,,,0.0,0.0,0.0,0.0,0.0,0
1315,6,9,2014,0,0,0,0,1,0,0,6,0,0,6.36,6.36,0.0,1.0,0.0,1.5714285714285714,2.7142857142857144,2.10567386692774,2
784,7,3,2013,0,0,0,0,0,0,0,7,1,0,5.97,5.97,0.0,2.0,1.0,0.8571428571428571,0.75,0.8871510790372996,1
1388,2,11,2014,0,0,0,0,0,0,0,2,0,0,2.68,2.68,0.0,0.0,0.0,0.8571428571428571,0.6071428571428571,1.3148520748875054,0
666,1,11,2012,0,0,0,0,0,0,0,1,1,0,3.33,3.33,0.0,0.0,0.0,0.14285714285714285,0.03571428571428571,0.1889822365046136,1
621,5,10,2012,0,0,0,0,1,0,0,5,0,0,,,,0.0,0.0,0.0,0.0,0.0,0
643,6,11,2012,0,0,0,0,1,1,0,6,0,0,5.16,5.16,0.0,0.0,0.0,0.8571428571428571,0.5714285714285714,0.9200874124564724,0
1421,7,12,2014,0,0,0,0,0,0,0,7,1,0,3.97,3.97,0.0,2.0,0.0,0.5714285714285714,0.5,0.7453559924999306,0
894,5,7,2013,0,0,0,0,1,0,0,5,0,0,2.73,2.73,0.0,0.0,2.0,0.14285714285714285,0.17857142857142858,0.4755948656056709,0
927,3,8,2013,0,0,0,0,0,1,1,3,0,0,2.08,2.08,0.0,0.0,0.0,0.2857142857142857,0.21428571428571427,0.4178554470186725,1
526,1,7,2012,0,0,0,0,1,1,0,1,1,0,4.47,4.47,0.0,1.0,0.0,0.7142857142857143,0.6071428571428571,0.6288900106557944,0
1259,6,7,2014,0,0,0,0,1,0,0,6,0,0,12.98,12.98,0.0,0.0,0.0,0.2857142857142857,0.32142857142857145,0.5479640045336468,0
1179,3,4,2014,0,0,0,0,0,0,0,3,0,0,1.48,1.48,0.0,0.0,0.0,0.0,0.0,0.0,0
901,5,7,2013,0,0,0,0,0,0,0,5,0,0,3.38,3.38,0.0,0.0,3.0,0.2857142857142857,0.7142857142857143,0.9759000729485383,0
1812,6,1,2016,0,0,0,0,0,0,1,6,0,0,3.32,3.32,0.0,0.0,1.0,0.7142857142857143,0.5714285714285714,0.9973509887241241,0
983,3,10,2013,0,0,0,0,1,1,0,3,0,0,1.0,1.0,0.0,4.0,1.0,2.5714285714285716,2.0714285714285716,1.8444826922789108,3
26,5,2,2011,0,0,0,0,0,0,0,5,0,0,,,,0.0,,0.0,,,0
757,1,2,2013,0,0,0,0,0,0,0,1,1,0,3.94,3.94,0.0,0.0,2.0,1.1428571428571428,1.3571428571428572,1.5685399135238691,2
1419,5,12,2014,0,0,0,0,0,0,0,5,0,0,2.47,2.47,0.0,1.0,0.0,0.14285714285714285,0.17857142857142858,0.3900210277874798,0
35,7,3,2011,0,0,0,0,1,0,0,7,1,0,7.97,7.97,0.0,1.0,0.0,0.42857142857142855,0.2857142857142857,0.4600437062282361,0
1364,6,10,2014,0,0,0,0,0,0,0,6,0,0,,,,0.0,0.0,0.0,0.0,0.0,0
900,4,7,2013,0,0,0,0,0,0,0,4,0,0,,,,0.0,0.0,0.0,0.0,0.0,0
259,7,10,2011,0,0,0,0,0,0,1,7,1,0,,,,0.0,0.0,0.0,0.0,0.0,0
651,7,11,2012,0,0,0,0,1,1,1,7,1,0,,,,0.0,0.0,0.0,0.0,0.0,0
447,6,4,2012,0,0,0,0,0,0,0,6,0,0,7.97,7.97,0.0,2.0,3.0,3.4285714285714284,3.0,1.6101529717988319,3
312,4,12,2011,0,0,0,0,1,1,1,4,0,0,6.97,6.97,0.0,0.0,0.0,0.0,0.0,0.0,0
1368,3,10,2014,0,0,0,0,0,0,0,3,0,0,4.5,4.5,0.0,0.0,0.0,0.0,0.0,0.0,0
674,2,12,2012,0,0,0,0,1,0,1,2,0,0,1.72,1.72,0.0,5.0,6.0,3.2857142857142856,2.4285714285714284,1.7935805576921364,6
809,4,4,2013,0,0,0,0,0,0,0,4,0,0,3.68,3.68,0.0,0.0,0.0,1.5714285714285714,0.39285714285714285,1.4991179064218039,3
1506,1,3,2015,0,0,0,0,0,0,1,1,1,0,5.27,5.27,0.0,2.0,1.0,0.42857142857142855,0.32142857142857145,0.6118321864193024,0
363,6,1,2012,0,0,0,0,0,0,0,6,0,0,3.97,3.97,0.0,1.0,1.0,1.5714285714285714,1.1071428571428572,1.3148520748875057,1
916,6,8,2013,0,0,0,0,1,1,0,6,0,0,4.48,4.48,0.0,0.0,0.0,1.0,0.9642857142857143,0.8380817098475094,1
896,7,7,2013,0,0,0,0,0,1,1,7,1,0,1.78,1.78,0.0,1.0,6.0,2.4285714285714284,3.0,2.000000000000002,2
576,2,8,2012,0,0,0,0,0,0,0,2,0,0,0.97,0.97,0.0,0.0,0.0,0.14285714285714285,0.10714285714285714,0.31497039417435674,0
761,5,2,2013,0,0,0,0,0,0,0,5,0,0,3.98,3.98,0.0,3.0,2.0,1.2857142857142858,2.892857142857143,3.0591609320965136,1
473,4,5,2012,0,0,0,0,0,1,1,4,0,0,,,,0.0,0.0,0.0,0.0,0.0,0
106,1,5,2011,0,0,0,0,0,0,1,1,1,0,1.88,1.88,0.0,2.0,4.0,1.8571428571428572,2.4285714285714284,2.0625150312102587,1
1781,3,12,2015,26,4,0,0,0,0,1,3,0,1,2.24,2.24,0.0,0.0,0.0,0.2857142857142857,0.5,1.0715167512214545,0
1126,6,2,2014,0,0,0,0,0,0,0,6,0,0,,,,0.0,0.0,0.0,0.0,0.0,0
1025,3,11,2013,0,0,0,0,0,0,0,3,0,0,3.33,3.33,0.0,0.0,0.0,0.0,0.10714285714285714,0.3149703941743715,0
1728,6,10,2015,0,0,0,0,0,0,0,6,0,0,4.97,4.97,0.0,0.0,0.0,0.42857142857142855,0.17857142857142858,0.47559486560567127,1
1101,2,2,2014,1,1,0,0,1,0,1,2,0,1,1.0,1.0,0.0,5.0,1.0,4.285714285714286,3.4285714285714284,2.3321992708929127,2
1394,1,11,2014,0,0,0,0,0,0,0,1,1,0,2.84,2.84,0.0,2.0,2.0,1.1428571428571428,1.9642857142857142,1.6212053782007014,0
813,1,4,2013,0,0,0,0,0,0,0,1,1,0,10.97,10.97,0.0,0.0,0.0,0.0,0.0,0.0,0
797,6,4,2013,0,0,0,0,1,0,0,6,0,0,2.94,2.94,0.0,1.0,0.0,0.7142857142857143,0.75,0.9279607271383369,0
939,1,8,2013,0,0,0,0,0,0,0,1,1,0,7.47,7.47,0.0,0.0,0.0,0.0,0.07142857142857142,0.26226526415648105,0
533,1,7,2012,0,0,0,0,0,0,1,1,1,0,,,,0.0,0.0,0.0,0.0,0.0,0
507,3,6,2012,0,0,0,0,0,0,0,3,0,0,1.0,1.0,0.0,9.0,3.0,10.142857142857142,8.642857142857142,4.28791830452067,17
1330,7,9,2014,0,0,0,0,0,0,0,7,1,0,0.88,0.88,0.0,0.0,0.0,0.0,0.0,0.0,0
872,4,6,2013,0,0,0,0,0,0,0,4,0,0,6.98,6.98,0.0,0.0,0.0,0.0,0.0,0.0,0
1680,7,9,2015,0,0,0,0,1,0,0,7,1,0,3.42,3.42,0.0,2.0,5.0,3.142857142857143,3.357142857142857,2.1294110768922843,4
1499,1,3,2015,0,0,0,0,1,1,0,1,1,0,6.3,6.3,0.0,0.0,0.0,0.0,0.10714285714285714,0.3149703941743559,0
79,2,4,2011,0,0,0,0,0,0,0,2,0,0,,,,0.0,0.0,0.0,0.0,0.0,0
1008,7,11,2013,0,0,0,0,1,1,0,7,1,0,1.48,1.48,0.0,0.0,0.0,0.7142857142857143,1.0714285714285714,1.3313477278632992,1
809,4,4,2013,0,0,0,0,0,0,0,4,0,0,1.38,1.38,0.0,9.0,23.0,21.142857142857142,24.892857142857142,15.36069849326708,17
1008,7,11,2013,0,0,0,0,1,1,0,7,1,0,0.97,0.97,0.0,2.0,0.0,0.5714285714285714,0.42857142857142855,0.7417981870189143,0
1325,2,9,2014,0,0,0,0,0,0,1,2,0,0,1.28,1.28,0.0,0.0,0.0,0.2857142857142857,0.4642857142857143,1.2904820476643273,0
215,5,8,2011,18,4,0,0,0,0,0,5,0,1,7.97,7.97,0.0,3.0,4.0,2.0,1.8214285714285714,0.9833266074561479,3
464,2,5,2012,0,0,0,0,1,1,1,2,0,0,,,,0.0,0.0,0.0,0.0,0.0,0
817,5,4,2013,0,0,0,0,0,0,0,5,0,0,3.48,2.97,0.5099999999999998,0.0,0.0,0.2857142857142857,0.14285714285714285,0.3563483225498693,0
154,7,7,2011,0,0,0,0,1,1,0,7,1,0,,,,0.0,0.0,0.0,0.0,0.0,0
1746,3,11,2015,0,0,0,0,1,1,1,3,0,0,4.54,4.54,0.0,2.0,1.0,1.5714285714285714,1.8571428571428572,1.3253730631840068,2
1634,3,7,2015,0,0,0,0,0,0,0,3,0,0,3.33,3.33,0.0,6.0,2.0,3.7142857142857144,3.857142857142857,2.399294428913161,7
31,3,2,2011,0,0,0,0,0,0,0,3,0,0,1.98,,,0.0,0.0,0.0,0.0,0.0,1
431,4,4,2012,0,0,0,0,1,1,1,4,0,0,0.97,0.97,0.0,0.0,0.0,0.14285714285714285,0.14285714285714285,0.3563483225499,0
201,5,8,2011,0,0,0,0,0,0,0,5,0,0,1.0,1.0,0.0,1.0,1.0,4.285714285714286,5.678571428571429,3.771762250751031,7
575,1,8,2012,0,0,0,0,0,0,0,1,1,0,,,,0.0,0.0,0.0,0.0,0.0,0
55,6,3,2011,0,0,0,0,0,0,0,6,0,0,1.97,1.97,0.0,0.0,0.0,0.2857142857142857,0.14285714285714285,0.4483951394230329,0
922,5,8,2013,0,0,0,0,1,1,0,5,0,0,1.0,1.0,0.0,19.0,8.0,26.714285714285715,34.607142857142854,17.21398932762045,40
494,4,6,2012,0,0,0,0,1,1,1,4,0,0,,,,0.0,0.0,0.0,0.0,0.0,0
1764,7,11,2015,0,0,0,0,0,0,0,7,1,0,1.38,1.38,0.0,29.0,29.0,28.714285714285715,24.607142857142858,13.513612576499373,16
166,5,7,2011,0,0,0,0,0,1,0,5,0,0,,,,0.0,0.0,0.0,0.0,0.0,0
591,3,9,2012,0,0,0,0,1,0,0,3,0,0,,,,0.0,0.0,0.0,0.0,0.0,0
1101,2,2,2014,1,1,0,0,1,0,1,2,0,1,1.74,1.74,0.0,0.0,0.0,0.14285714285714285,0.03571428571428571,0.1889822365045626,11
1051,1,12,2013,0,0,0,0,0,0,1,1,1,0,4.55,4.55,0.0,0.0,0.0,0.0,0.21428571428571427,0.41785544701867267,0
46,4,3,2011,0,0,0,0,0,1,1,4,0,0,2.97,2.97,0.0,1.0,0.0,0.42857142857142855,0.39285714285714285,0.566946709513841,0
608,6,9,2012,0,0,0,0,0,0,0,6,0,0,,,,0.0,0.0,0.0,0.0,0.0,0
799,1,4,2013,0,0,0,0,1,1,1,1,1,0,5.94,5.94,0.0,0.0,0.0,0.42857142857142855,0.2857142857142857,0.7126966450997982,0
1258,5,7,2014,0,0,0,0,1,1,1,5,0,0,2.88,2.88,0.0,1.0,0.0,0.8571428571428571,0.8571428571428571,1.0440053112638292,1
752,3,2,2013,3,3,0,0,0,0,0,3,0,1,1.48,1.48,0.0,0.0,2.0,0.8571428571428571,1.5714285714285714,1.4253932901995916,0
41,6,3,2011,0,0,0,0,1,0,0,6,0,0,,,,0.0,0.0,0.0,0.0,0.0,0
1485,1,2,2015,0,0,0,0,0,0,0,1,1,0,3.33,3.33,0.0,0.0,1.0,0.0,0.21428571428571427,0.5681120688307887,0
1626,2,7,2015,0,0,0,0,0,1,1,2,0,0,6.98,6.98,0.0,0.0,0.0,0.2857142857142857,0.7857142857142857,0.875897121353741,1
1640,2,7,2015,0,0,0,0,0,0,0,2,0,0,5.88,5.88,0.0,0.0,0.0,0.14285714285714285,0.21428571428571427,0.41785544701867255,1
1196,6,5,2014,0,0,0,0,1,0,1,6,0,0,3.97,3.97,0.0,2.0,0.0,0.7142857142857143,0.4642857142857143,0.7444681351359539,1
1633,2,7,2015,0,0,0,0,0,0,0,2,0,0,1.97,1.97,0.0,0.0,0.0,0.14285714285714285,0.07142857142857142,0.2622652641564817,1
1764,7,11,2015,0,0,0,0,0,0,0,7,1,0,5.64,5.64,0.0,0.0,0.0,0.0,0.0,0.0,0
1250,4,7,2014,0,0,0,0,1,1,0,4,0,0,2.98,2.98,0.0,0.0,0.0,0.42857142857142855,0.21428571428571427,0.6299407883487116,0
1797,5,12,2015,0,0,0,0,0,0,0,5,0,0,3.48,3.48,0.0,0.0,0.0,1.1428571428571428,0.8928571428571429,1.0306159867619409,4
498,1,6,2012,0,0,0,0,1,1,1,1,1,0,3.98,3.98,0.0,0.0,4.0,1.5714285714285714,1.6785714285714286,1.4920423841803148,1
484,1,5,2012,0,0,0,0,0,0,0,1,1,0,9.47,9.47,0.0,0.0,1.0,1.2857142857142858,1.0714285714285714,0.8575836609041327,0
1342,5,10,2014,0,0,0,0,1,1,0,5,0,0,8.96,8.96,0.0,2.0,1.0,0.5714285714285714,0.5,0.6938886664887117,0
1733,4,10,2015,0,0,0,0,0,0,0,4,0,0,1.38,1.38,0.0,21.0,15.0,21.571428571428573,22.142857142857142,8.69957123555733,13
1408,1,12,2014,0,0,0,0,1,1,1,1,1,0,1.18,1.18,0.0,1.0,5.0,2.7142857142857144,2.9285714285714284,2.141798680385618,4
1525,6,4,2015,0,0,0,0,1,0,1,6,0,0,14.26,14.26,0.0,1.0,1.0,0.2857142857142857,0.2857142857142857,0.46004370622823587,1
102,4,5,2011,0,0,0,0,1,0,0,4,0,0,1.88,1.88,0.0,0.0,3.0,0.0,0.7142857142857143,1.3839595063960202,0
839,6,5,2013,0,0,0,0,0,0,0,6,0,0,0.2,0.2,0.0,0.0,0.0,0.0,7.321428571428571,9.710832330457725,0
1853,5,2,2016,0,0,0,0,0,0,0,5,0,0,2.18,2.18,0.0,0.0,2.0,0.0,0.5357142857142857,1.4005856673692658,0
458,3,4,2012,0,0,0,0,0,0,0,3,0,0,,,,0.0,0.0,0.0,0.0,0.0,0
632,2,10,2012,0,0,0,0,0,0,0,2,0,0,5.47,2.5,2.9699999999999998,0.0,0.0,0.2857142857142857,0.42857142857142855,0.9200874124564724,1
1106,7,2,2014,0,0,0,0,1,1,0,7,1,0,,,,0.0,0.0,0.0,0.0,0.0,0
235,4,9,2011,0,0,0,0,0,0,0,4,0,0,,,,0.0,0.0,0.0,0.0,0.0,0
573,6,8,2012,0,0,0,0,0,0,0,6,0,0,3.88,3.17,0.71,0.0,2.0,1.8571428571428572,1.3571428571428572,1.8097326529441498,1
1544,4,4,2015,0,0,0,0,0,0,0,4,0,0,0.48,0.46,0.019999999999999962,7.0,1.0,1.2857142857142858,2.0,2.981423969999744,6
1232,7,6,2014,0,0,0,0,0,1,0,7,1,0,2.0,2.0,0.0,2.0,0.0,3.5714285714285716,3.392857142857143,2.6435005651777463,4
1699,5,9,2015,0,0,0,0,0,0,0,5,0,0,2.78,2.78,0.0,0.0,0.0,0.0,0.0,0.0,0
1492,1,2,2015,0,0,0,0,0,0,0,1,1,0,8.97,8.97,0.0,0.0,0.0,0.0,0.0,0.0,0
1617,7,7,2015,0,0,0,0,1,1,1,7,1,0,2.18,2.18,0.0,0.0,0.0,0.42857142857142855,0.32142857142857145,0.7228324650199192,1
1813,7,1,2016,0,0,0,0,0,1,1,7,1,0,0.93,0.93,0.0,3.0,0.0,3.7142857142857144,1.9285714285714286,2.595274500982458,5
364,7,1,2012,0,0,0,0,0,0,0,7,1,0,3.98,3.98,0.0,2.0,4.0,3.0,2.8214285714285716,2.277971342917514,3
98,7,5,2011,0,0,0,0,1,1,1,7,1,0,1.0,1.0,0.0,1.0,6.0,7.0,6.821428571428571,5.07757284849228,8
1664,5,8,2015,0,0,0,0,0,0,0,5,0,0,1.98,1.98,0.0,0.0,0.0,0.2857142857142857,0.42857142857142855,0.8789122666607697,1
1142,1,3,2014,0,0,0,0,0,1,1,1,1,0,2.78,2.78,0.0,11.0,6.0,5.428571428571429,5.428571428571429,2.713867971195237,8
789,5,3,2013,0,0,0,0,0,0,0,5,0,0,2.68,2.68,0.0,0.0,0.0,0.0,0.35714285714285715,0.6784669927988092,0
1190,7,5,2014,0,0,0,0,1,0,1,7,1,0,,,,0.0,0.0,0.0,0.0,0.0,0
1579,4,5,2015,0,0,0,0,0,0,0,4,0,0,5.96,5.96,0.0,0.0,1.0,1.7142857142857142,1.6785714285714286,1.4156158567804547,1
1401,1,11,2014,0,0,0,0,0,0,0,1,1,0,0.98,0.98,0.0,2.0,0.0,1.7142857142857142,1.1428571428571428,1.4584183648679572,2
622,6,10,2012,0,0,0,0,0,1,1,6,0,0,4.63,4.63,0.0,0.0,0.0,0.2857142857142857,0.32142857142857145,0.4755948656056706,0
309,1,12,2011,0,0,0,0,1,1,1,1,1,0,3.28,3.28,0.0,0.0,0.0,0.0,0.0,0.0,0
1829,2,1,2016,0,0,0,0,0,0,0,2,0,0,1.88,1.88,0.0,0.0,0.0,0.0,0.03571428571428571,0.18898223650461343,0
1799,7,1,2016,27,3,0,0,1,1,0,7,1,1,4.68,4.68,0.0,0.0,0.0,0.8571428571428571,0.32142857142857145,0.9833266074561482,0
1168,6,4,2014,0,0,0,0,1,0,0,6,0,0,3.98,3.98,0.0,0.0,2.0,0.7142857142857143,0.6071428571428571,1.1655323283657162,0
332,3,12,2011,0,0,0,0,0,0,0,3,0,0,,,,0.0,0.0,0.0,0.0,0.0,0
4,4,2,2011,0,0,0,0,1,1,0,4,0,0,,,,,,,,,0
1471,1,2,2015,0,0,0,0,1,1,0,1,1,0,2.22,2.22,0.0,0.0,0.0,0.0,0.03571428571428571,0.18898223650461188,0
1259,6,7,2014,0,0,0,0,1,0,0,6,0,0,3.33,3.33,0.0,0.0,0.0,0.7142857142857143,0.5,0.838870492807865,0
633,3,10,2012,0,0,0,0,0,0,0,3,0,0,,,,0.0,0.0,0.0,0.0,0.0,0
1379,7,11,2014,0,0,0,0,1,1,0,7,1,0,4.47,4.47,0.0,0.0,3.0,1.5714285714285714,1.0714285714285714,1.1524071884721687,0
1241,2,6,2014,0,0,0,0,0,0,0,2,0,0,0.97,0.97,0.0,3.0,2.0,0.8571428571428571,0.7857142857142857,1.1338934190276806,1
1807,1,1,2016,0,0,0,0,1,1,1,1,1,0,1.0,1.0,0.0,1.0,1.0,1.2857142857142858,1.0357142857142858,1.2317450089997426,0
704,4,1,2013,27,3,0,0,1,1,0,4,0,1,1.58,1.58,0.0,0.0,77.0,60.142857142857146,77.53571428571429,24.78123863651264,50
877,2,6,2013,0,0,0,0,0,0,0,2,0,0,3.24,3.24,0.0,0.0,0.0,0.0,0.07142857142857142,0.26226526415648005,0
1608,5,6,2015,0,0,0,0,0,0,0,5,0,0,4.44,4.44,0.0,0.0,0.0,0.0,0.0,0.0,0
1320,4,9,2014,0,0,0,0,1,1,1,4,0,0,2.5,2.5,0.0,0.0,2.0,0.5714285714285714,0.8571428571428571,1.2682529749484552,0
347,4,1,2012,0,0,0,0,1,0,0,4,0,0,1.98,1.98,0.0,7.0,0.0,11.285714285714286,6.214285714285714,6.983351327779219,14
107,2,5,2011,0,0,0,0,0,1,1,2,0,0,,,,0.0,0.0,0.0,0.0,0.0,0
1233,1,6,2014,0,0,0,0,0,0,1,1,1,0,1.88,1.88,0.0,1.0,6.0,2.4285714285714284,1.1785714285714286,1.944671188593597,2
321,6,12,2011,0,0,0,0,0,1,1,6,0,0,2.24,2.24,0.0,1.0,0.0,2.142857142857143,1.6785714285714286,1.5408889072021463,0
803,5,4,2013,0,0,0,0,1,0,0,5,0,0,2.88,2.88,0.0,0.0,1.0,1.1428571428571428,0.9642857142857143,1.0357370915204922,1
1506,1,3,2015,0,0,0,0,0,0,1,1,1,0,4.98,4.98,0.0,3.0,9.0,1.4285714285714286,1.75,2.101586702153081,3
358,1,1,2012,0,0,0,0,0,0,0,1,1,0,,,,0.0,0.0,0.0,0.0,0.0,0
1843,2,2,2016,2,2,0,0,0,0,1,2,0,1,1.34,1.34,0.0,2.0,2.0,1.8571428571428572,2.2857142857142856,1.3293591565847664,4
197,1,8,2011,0,0,0,0,0,1,0,1,1,0,3.12,3.12,0.0,2.0,0.0,2.4285714285714284,1.5,1.5030832509409637,4
387,2,2,2012,0,0,0,0,0,0,0,2,0,0,,,,0.0,0.0,0.0,0.0,0.0,0
886,4,7,2013,0,0,0,0,1,0,1,4,0,0,2.98,2.98,0.0,1.0,1.0,1.0,0.8571428571428571,0.8034317926884933,0
431,4,4,2012,0,0,0,0,1,1,1,4,0,0,5.27,5.27,0.0,0.0,0.0,0.42857142857142855,0.42857142857142855,0.5727497953228161,0
1776,5,12,2015,0,0,0,0,1,1,1,5,0,0,2.24,2.24,0.0,0.0,1.0,0.2857142857142857,0.7857142857142857,1.0665674557036384,0
30,2,2,2011,0,0,0,0,0,0,0,2,0,0,,,,0.0,0.0,0.0,0.0,0.0,0
212,2,8,2011,0,0,0,0,0,0,0,2,0,0,4.88,4.88,0.0,1.0,1.0,1.2857142857142858,0.75,0.9279607271383367,1
1725,3,10,2015,0,0,0,0,0,0,0,3,0,0,1.88,1.88,0.0,6.0,0.0,2.4285714285714284,2.0,1.805341867696881,2
1105,6,2,2014,0,0,0,0,1,1,1,6,0,0,2.98,2.98,0.0,8.0,2.0,7.857142857142857,5.25,3.678012748452316,5
86,2,4,2011,8,4,1,1,0,0,0,2,0,1,,,,0.0,0.0,0.0,0.0,0.0,0
1818,5,1,2016,0,0,0,0,0,0,0,5,0,0,0.94,0.94,0.0,0.0,0.0,0.0,1.1785714285714286,2.161165176619689,4
738,3,2,2013,0,0,0,0,1,0,0,3,0,0,3.84,3.84,0.0,0.0,2.0,0.5714285714285714,1.25,2.136542724781042,0
455,7,4,2012,0,0,0,0,0,0,0,7,1,0,0.5,0.5,0.0,12.0,0.0,4.285714285714286,5.5,10.598742063723098,1
29,1,2,2011,0,0,0,0,0,0,0,1,1,0,,,,0.0,0.0,0.0,0.0,0.0,0
1348,4,10,2014,0,0,0,0,1,1,0,4,0,0,5.97,5.97,0.0,0.0,2.0,0.14285714285714285,0.17857142857142858,0.47559486560567077,0
821,2,4,2013,0,0,0,0,0,0,0,2,0,0,4.38,4.38,0.0,0.0,0.0,0.14285714285714285,0.39285714285714285,0.7373267889143837,1
3,3,1,2011,0,0,0,0,0,0,0,3,0,0,2.97,,,,,,,,1
948,3,9,2013,19,3,0,0,1,0,1,3,0,1,2.98,2.98,0.0,1.0,6.0,2.4285714285714284,2.4285714285714284,1.913472148053287,1
1573,5,5,2015,0,0,0,0,0,0,0,5,0,0,8.97,8.97,0.0,1.0,0.0,0.7142857142857143,0.2857142857142857,0.534522483824849,0
133,7,6,2011,0,0,0,0,1,0,0,7,1,0,,,,0.0,0.0,0.0,0.0,0.0,0
1856,1,2,2016,0,0,0,0,0,0,0,1,1,0,3.94,4.38,-0.43999999999999995,0.0,0.0,0.0,0.0,0.0,0
1847,6,2,2016,0,0,0,0,0,0,0,6,0,0,4.47,4.47,0.0,0.0,2.0,0.42857142857142855,0.75,0.9670497325294015,0
1558,4,5,2015,10,2,0,0,1,1,1,4,0,1,3.33,3.33,0.0,0.0,0.0,0.2857142857142857,0.07142857142857142,0.2622652641564822,0
50,1,3,2011,0,0,0,0,0,0,0,1,1,0,5.98,5.98,0.0,0.0,0.0,0.42857142857142855,0.10714285714285714,0.5669467095138409,2
1205,1,5,2014,0,0,0,0,0,0,0,1,1,0,3.48,3.48,0.0,3.0,0.0,1.1428571428571428,0.6785714285714286,1.1880133254200684,0
407,1,3,2012,0,0,0,0,1,0,0,1,1,0,2.68,2.68,0.0,3.0,1.0,1.7142857142857142,1.5,1.0715167512214383,0
944,6,8,2013,0,0,0,0,0,0,0,6,0,0,,,,0.0,0.0,0.0,0.0,0.0,0
176,1,7,2011,0,0,0,0,0,0,0,1,1,0,10.47,10.47,0.0,1.0,1.0,1.0,0.9285714285714286,0.8997354108424377,0
1610,7,6,2015,0,0,0,0,0,0,0,7,1,0,8.84,8.84,0.0,4.0,0.0,1.0,1.8571428571428572,1.8601928556785348,0
340,4,1,2012,0,0,0,0,1,1,1,4,0,0,4.54,4.54,0.0,0.0,0.0,0.0,0.0,0.0,0
49,7,3,2011,0,0,0,0,0,0,0,7,1,0,14.27,14.27,0.0,0.0,0.0,0.0,0.14285714285714285,0.35634832254989907,0
30,2,2,2011,0,0,0,0,0,0,0,2,0,0,,,,0.0,0.0,0.0,0.0,0.0,0
1223,5,6,2014,0,0,0,0,1,0,0,5,0,0,4.66,4.66,0.0,0.0,0.0,0.8571428571428571,0.9285714285714286,1.6761634196950506,0
1636,5,7,2015,0,0,0,0,0,0,0,5,0,0,7.48,7.48,0.0,0.0,0.0,0.0,0.0,0.0,0
1678,5,9,2015,0,0,0,0,1,0,1,5,0,0,8.96,8.96,0.0,0.0,0.0,0.5714285714285714,0.6071428571428571,0.7373267889143829,0
1194,4,5,2014,0,0,0,0,1,1,1,4,0,0,2.48,2.48,0.0,1.0,0.0,0.14285714285714285,0.42857142857142855,0.8357108940373477,0
1817,4,1,2016,0,0,0,0,0,0,0,4,0,0,2.98,2.98,0.0,3.0,4.0,4.142857142857143,3.0714285714285716,2.1069298609952405,4
1184,1,4,2014,0,0,0,0,0,0,0,1,1,0,6.97,6.97,0.0,1.0,0.0,0.14285714285714285,0.2857142857142857,0.534522483824848,0
1748,5,11,2015,23,3,0,0,0,1,1,5,0,1,4.54,4.54,0.0,2.0,4.0,1.5714285714285714,1.8571428571428572,1.3530291315000693,2
1097,5,1,2014,0,0,0,0,0,0,0,5,0,0,0.46,0.46,0.0,2.0,0.0,1.4285714285714286,2.892857142857143,2.71264918639797,1
154,7,7,2011,0,0,0,0,1,1,0,7,1,0,,,,0.0,0.0,0.0,0.0,0.0,0
8,1,2,2011,0,0,0,0,1,1,1,1,1,0,,,,0.0,,0.0,,,0
498,1,6,2012,0,0,0,0,1,1,1,1,1,0,1.58,1.58,0.0,0.0,0.0,0.0,0.0,0.0,0
158,4,7,2011,0,0,0,0,1,1,1,4,0,0,,,,0.0,0.0,0.0,0.0,0.0,0
1218,7,5,2014,0,0,0,0,0,0,0,7,1,0,3.98,3.98,0.0,0.0,0.0,0.7142857142857143,1.0714285714285714,0.7163989902474138,1
1495,4,3,2015,0,0,0,0,1,1,1,4,0,0,5.24,5.24,0.0,0.0,0.0,0.42857142857142855,0.6071428571428571,0.737326788914383,2
1841,7,2,2016,0,0,0,0,0,1,1,7,1,0,4.44,4.44,0.0,0.0,0.0,0.0,0.0,0.0,0
1833,6,2,2016,0,0,0,0,1,0,0,6,0,0,2.82,2.82,0.0,3.0,0.0,0.7142857142857143,0.4642857142857143,0.9222413461394477,0
1620,3,7,2015,0,0,0,0,1,1,1,3,0,0,1.98,1.98,0.0,0.0,0.0,0.0,0.0,0.0,0
1634,3,7,2015,0,0,0,0,0,0,0,3,0,0,4.66,4.66,0.0,4.0,1.0,2.4285714285714284,1.6428571428571428,1.3666473091931453,1
1374,2,11,2014,0,0,0,0,1,0,1,2,0,0,4.24,4.24,0.0,0.0,0.0,0.42857142857142855,0.5,0.577350269189623,0
345,2,1,2012,0,0,0,0,1,0,1,2,0,0,,,,0.0,0.0,0.0,0.0,0.0,0
269,3,10,2011,0,0,0,0,0,0,0,3,0,0,,,,0.0,0.0,0.0,0.0,0.0,0
903,7,7,2013,0,0,0,0,0,0,0,7,1,0,1.74,1.74,0.0,6.0,1.0,2.4285714285714284,2.107142857142857,2.484608706271557,2
419,6,3,2012,0,0,0,0,0,0,0,6,0,0,2.98,2.98,0.0,2.0,1.0,1.0,0.8928571428571429,1.1001442906807548,2
1185,2,4,2014,0,0,0,0,0,0,0,2,0,0,0.98,0.98,0.0,6.0,2.0,3.2857142857142856,2.392857142857143,4.391399723822866,3
1250,4,7,2014,0,0,0,0,1,1,0,4,0,0,4.65,4.65,0.0,0.0,0.0,0.14285714285714285,0.07142857142857142,0.2622652641564815,1
1204,7,5,2014,0,0,0,0,0,0,0,7,1,0,0.94,0.94,0.0,5.0,17.0,12.714285714285714,12.892857142857142,5.586619502017045,11
1117,4,2,2014,0,0,0,0,0,0,0,4,0,0,4.63,4.63,0.0,0.0,1.0,0.42857142857142855,0.6428571428571429,0.621484823823869,1
713,6,1,2013,0,0,0,0,1,0,0,6,0,0,,,,0.0,0.0,0.0,0.0,0.0,0
374,3,2,2012,0,0,0,0,1,1,1,3,0,0,1.5,1.5,0.0,0.0,4.0,2.4285714285714284,3.1785714285714284,2.357864247475627,2
672,7,11,2012,0,0,0,0,0,0,0,7,1,0,,,,0.0,0.0,0.0,0.0,0.0,0
1195,5,5,2014,0,0,0,0,1,1,0,5,0,0,0.93,0.93,0.0,1.0,0.0,1.8571428571428572,1.8214285714285714,2.4803460246740605,0
837,4,5,2013,0,0,0,0,0,0,1,4,0,0,3.98,3.98,0.0,0.0,2.0,1.2857142857142858,1.5714285714285714,1.3173646934124732,2
531,6,7,2012,0,0,0,0,0,1,1,6,0,0,2.78,2.78,0.0,5.0,8.0,6.428571428571429,6.75,3.0383353141945064,4
1764,7,11,2015,0,0,0,0,0,0,0,7,1,0,3.33,3.33,0.0,0.0,3.0,0.5714285714285714,0.7142857142857143,1.1818736805705579,0
1288,7,8,2014,0,0,0,0,1,0,1,7,1,0,5.64,5.64,0.0,1.0,0.0,0.5714285714285714,0.7142857142857143,0.7628961803617718,1
487,4,5,2012,0,0,0,0,0,0,0,4,0,0,,,,0.0,0.0,0.0,0.0,0.0,0
100,2,5,2011,11,2,0,0,1,0,1,2,0,1,6.97,6.97,0.0,0.0,1.0,0.5714285714285714,0.42857142857142855,0.7417981870189158,0
377,6,2,2012,0,0,0,0,1,1,1,6,0,0,5.27,5.27,0.0,0.0,0.0,0.14285714285714285,0.07142857142857142,0.2622652641564805,0
512,1,6,2012,0,0,0,0,0,0,0,1,1,0,1.88,1.88,0.0,2.0,3.0,3.5714285714285716,3.392857142857143,2.330780916890238,5
922,5,8,2013,0,0,0,0,1,1,0,5,0,0,,,,0.0,0.0,0.0,0.0,0.0,0
1277,3,7,2014,0,0,0,0,0,0,0,3,0,0,1.98,1.98,0.0,0.0,2.0,0.14285714285714285,0.8571428571428571,1.238705588262012,0
726,5,1,2013,0,0,0,0,0,0,0,5,0,0,3.68,3.68,0.0,0.0,0.0,0.0,0.0,0.0,0
754,5,2,2013,5,4,0,0,0,0,0,5,0,1,2.98,2.98,0.0,1.0,0.0,0.7142857142857143,1.4285714285714286,1.5735915849388864,0
1632,1,7,2015,18,4,0,0,0,0,0,1,1,1,1.98,1.98,0.0,1.0,6.0,1.4285714285714286,3.25,2.518450434809587,3
223,6,9,2011,0,0,0,0,1,0,1,6,0,0,4.54,4.54,0.0,0.0,0.0,0.42857142857142855,0.25,0.5181877251716006,0
1063,6,12,2013,0,0,0,0,0,0,0,6,0,0,,,,0.0,0.0,0.0,0.0,0.0,0
927,3,8,2013,0,0,0,0,0,1,1,3,0,0,1.58,1.58,0.0,2.0,0.0,0.2857142857142857,1.3214285714285714,2.3421036986969073,0
1019,4,11,2013,0,0,0,0,0,1,1,4,0,0,3.88,3.88,0.0,3.0,2.0,2.857142857142857,2.5,1.6442942874387467,2
1203,6,5,2014,0,0,0,0,0,1,1,6,0,0,2.98,2.98,0.0,0.0,0.0,0.0,0.0,0.0,0
1102,3,2,2014,0,0,0,0,1,1,1,3,0,0,5.27,5.27,0.0,0.0,0.0,0.2857142857142857,0.2857142857142857,0.4600437062282358,0
1833,6,2,2016,0,0,0,0,1,0,0,6,0,0,2.0,2.0,0.0,0.0,1.0,0.0,0.2857142857142857,0.6586823467062395,0
557,4,8,2012,0,0,0,0,1,1,0,4,0,0,,,,0.0,0.0,0.0,0.0,0.0,0
229,5,9,2011,0,0,0,0,0,0,1,5,0,0,2.5,2.5,0.0,0.0,0.0,0.0,0.14285714285714285,0.44839513942303,0
1751,1,11,2015,0,0,0,0,0,0,1,1,1,0,0.97,0.97,0.0,0.0,0.0,0.42857142857142855,0.42857142857142855,0.690065559342357,1
1044,1,12,2013,0,0,0,0,1,1,0,1,1,0,11.97,11.97,0.0,0.0,0.0,0.0,0.0,0.0,0
966,7,9,2013,0,0,0,0,0,0,0,7,1,0,,,,0.0,0.0,0.0,0.0,0.0,0
1270,3,7,2014,0,0,0,0,0,0,0,3,0,0,,,,0.0,0.0,0.0,0.0,0.0,0
1527,1,4,2015,0,0,0,0,1,0,0,1,1,0,1.74,1.74,0.0,1.0,0.0,0.8571428571428571,0.9642857142857143,1.0708993401928126,0
204,1,8,2011,0,0,0,0,0,0,0,1,1,0,,,,0.0,0.0,0.0,0.0,0.0,0
1747,4,11,2015,0,0,0,0,1,0,0,4,0,0,2.98,2.98,0.0,0.0,0.0,0.14285714285714285,0.35714285714285715,0.48795003647426705,0
1447,5,1,2015,0,0,0,0,0,0,1,5,0,0,6.97,6.97,0.0,0.0,0.0,0.0,0.0,0.0,0
1152,4,3,2014,0,0,0,0,0,0,0,4,0,0,3.28,3.28,0.0,0.0,0.0,0.0,0.0,0.0,0
1656,4,8,2015,0,0,0,0,0,1,1,4,0,0,0.48,0.48,0.0,4.0,0.0,1.4285714285714286,1.3928571428571428,1.6852142563920725,9
503,6,6,2012,0,0,0,0,0,0,1,6,0,0,,,,0.0,0.0,0.0,0.0,0.0,0
789,5,3,2013,0,0,0,0,0,0,0,5,0,0,1.48,1.48,0.0,0.0,1.0,0.14285714285714285,0.21428571428571427,0.4178554470186486,2
107,2,5,2011,0,0,0,0,0,1,1,2,0,0,,,,0.0,0.0,0.0,0.0,0.0,0
965,6,9,2013,0,0,0,0,0,0,0,6,0,0,3.33,3.33,0.0,0.0,0.0,0.8571428571428571,0.5357142857142857,0.9222413461394476,0
183,1,7,2011,0,0,0,0,0,0,0,1,1,0,,,,0.0,0.0,0.0,0.0,0.0,0
1163,1,4,2014,0,0,0,0,1,1,1,1,1,0,1.74,1.74,0.0,0.0,0.0,0.0,0.0,0.0,0
512,1,6,2012,0,0,0,0,0,0,0,1,1,0,,,,0.0,0.0,0.0,0.0,0.0,0
114,2,5,2011,0,0,0,0,0,0,0,2,0,0,,,,0.0,0.0,0.0,0.0,0.0,0
1103,4,2,2014,0,0,0,0,1,0,0,4,0,0,2.68,2.68,0.0,5.0,1.0,2.857142857142857,2.2142857142857144,1.9120890816289575,2
1109,3,2,2014,0,0,0,0,1,0,0,3,0,0,,,,0.0,0.0,0.0,0.0,0.0,0
241,3,9,2011,0,0,0,0,0,0,0,3,0,0,2.68,2.68,0.0,9.0,8.0,7.285714285714286,7.214285714285714,2.558314590697072,6
45,3,3,2011,0,0,0,0,0,0,1,3,0,0,,,,0.0,0.0,0.0,0.0,0.0,0
598,3,9,2012,0,0,0,0,0,0,0,3,0,0,,,,0.0,0.0,0.0,0.0,0.0,0
1372,7,10,2014,21,2,0,0,0,0,0,7,1,1,9.98,9.98,0.0,0.0,1.0,0.14285714285714285,0.32142857142857145,0.6118321864193025,0
446,5,4,2012,0,0,0,0,0,0,0,5,0,0,1.88,1.88,0.0,5.0,6.0,3.5714285714285716,3.2142857142857144,2.948410027984863,6
238,7,9,2011,0,0,0,0,0,0,0,7,1,0,,,,0.0,0.0,0.0,0.0,0.0,0
963,4,9,2013,0,0,0,0,0,0,0,4,0,0,6.36,6.36,0.0,2.0,3.0,2.2857142857142856,2.9642857142857144,2.2522769196418353,7
1438,3,1,2015,0,0,0,0,1,1,1,3,0,0,6.97,6.97,0.0,0.0,0.0,0.0,0.2857142857142857,0.6586823467062354,0
1564,3,5,2015,0,0,0,0,0,1,1,3,0,0,1.98,1.98,0.0,1.0,0.0,1.0,0.75,0.9670497325293905,1
492,2,6,2012,0,0,0,0,1,1,1,2,0,0,2.42,2.42,0.0,8.0,7.0,8.428571428571429,5.607142857142857,2.615329250772661,5
1564,3,5,2015,0,0,0,0,0,1,1,3,0,0,3.97,3.97,0.0,1.0,0.0,0.7142857142857143,0.25,0.6454972243679028,0
535,3,7,2012,0,0,0,0,0,0,0,3,0,0,3.68,3.68,0.0,1.0,2.0,0.8571428571428571,0.9285714285714286,1.3032316365146717,1
1284,3,8,2014,0,0,0,0,1,0,0,3,0,0,2.98,2.98,0.0,0.0,0.0,0.42857142857142855,0.5714285714285714,1.0690449676496971,1
298,4,11,2011,0,0,0,0,0,0,0,4,0,0,2.98,2.98,0.0,0.0,0.0,0.42857142857142855,1.0,1.6329931618554523,1
876,1,6,2013,0,0,0,0,0,0,0,1,1,0,3.33,3.33,0.0,0.0,0.0,0.42857142857142855,0.4642857142857143,0.8380817098475258,0
1647,2,8,2015,0,0,0,0,1,0,1,2,0,0,4.42,4.47,-0.04999999999999982,0.0,0.0,0.8571428571428571,0.25,0.5853140973807073,0
1611,1,6,2015,0,0,0,0,0,0,0,1,1,0,3.88,3.88,0.0,2.0,2.0,1.0,1.6071428571428572,1.5714886953385079,3
1194,4,5,2014,0,0,0,0,1,1,1,4,0,0,3.67,3.67,0.0,1.0,0.0,1.0,0.9642857142857143,0.838081709847522,0
1467,4,2,2015,0,0,0,0,1,1,1,4,0,0,0.46,0.46,0.0,0.0,1.0,3.4285714285714284,2.8214285714285716,4.8231968146891555,0
1165,3,4,2014,0,0,0,0,1,1,0,3,0,0,,,,0.0,0.0,0.0,0.0,0.0,0
1262,2,7,2014,0,0,0,0,0,1,0,2,0,0,2.98,2.98,0.0,0.0,1.0,0.14285714285714285,0.39285714285714285,0.566946709513841,1
1015,7,11,2013,0,0,0,0,1,0,1,7,1,0,1.88,1.88,0.0,0.0,0.0,0.8571428571428571,0.9642857142857143,1.5026431738561583,1
1022,7,11,2013,0,0,0,0,0,1,1,7,1,0,2.78,2.78,0.0,5.0,8.0,4.428571428571429,5.785714285714286,3.0105634129664227,7
273,7,10,2011,0,0,0,0,0,0,0,7,1,0,5.94,5.94,0.0,0.0,0.0,0.0,0.39285714285714285,0.5669467095138409,2
661,3,11,2012,0,0,0,0,0,0,0,3,0,0,2.42,2.42,0.0,3.0,7.0,3.5714285714285716,4.714285714285714,2.5799388861142862,2
612,3,10,2012,0,0,0,0,1,1,0,3,0,0,5.16,5.16,0.0,1.0,0.0,1.1428571428571428,0.4642857142857143,0.9222413461394477,1
206,3,8,2011,0,0,0,0,0,0,0,3,0,0,,,,0.0,0.0,0.0,0.0,0.0,0
808,3,4,2013,0,0,0,0,0,1,1,3,0,0,2.98,2.98,0.0,0.0,0.0,0.0,0.0,0.0,0
1131,4,3,2014,0,0,0,0,1,0,0,4,0,0,,,,0.0,0.0,0.0,0.0,0.0,0
347,4,1,2012,0,0,0,0,1,0,0,4,0,0,,,,0.0,0.0,0.0,0.0,0.0,0
529,4,7,2012,0,0,0,0,1,0,0,4,0,0,4.48,4.48,0.0,2.0,0.0,2.2857142857142856,1.2142857142857142,1.4995590180707183,3
1624,7,7,2015,0,0,0,0,1,0,0,7,1,0,7.98,7.98,0.0,0.0,0.0,0.0,0.6071428571428571,0.9164862737363241,1
628,5,10,2012,0,0,0,0,0,0,0,5,0,0,3.94,3.94,0.0,4.0,2.0,0.8571428571428571,0.8928571428571429,1.1001442906807584,0
1839,5,2,2016,4,4,0,0,1,0,0,5,0,1,6.96,6.97,-0.009999999999999787,0.0,0.0,0.42857142857142855,0.42857142857142855,0.8357108940373452,0
916,6,8,2013,0,0,0,0,1,1,0,6,0,0,0.97,0.97,0.0,2.0,0.0,0.42857142857142855,0.32142857142857145,0.6118321864193029,0
1573,5,5,2015,0,0,0,0,0,0,0,5,0,0,3.98,3.98,0.0,0.0,1.0,1.2857142857142858,1.1428571428571428,0.7559289460184611,2
1849,1,2,2016,0,0,0,0,0,0,0,1,1,0,4.74,4.74,0.0,0.0,0.0,0.0,0.0,0.0,0
322,7,12,2011,0,0,0,0,0,0,0,7,1,0,,,,0.0,0.0,0.0,0.0,0.0,0
913,3,7,2013,0,0,0,0,0,0,0,3,0,0,,,,0.0,0.0,0.0,0.0,0.0,0
1469,6,2,2015,0,0,0,0,1,1,1,6,0,0,2.78,2.78,0.0,0.0,0.0,0.2857142857142857,0.25,0.5181877251716003,1
54,5,3,2011,0,0,0,0,0,0,0,5,0,0,1.97,1.97,0.0,3.0,0.0,3.142857142857143,2.0357142857142856,1.9528164438810072,1
827,1,5,2013,0,0,0,0,1,0,0,1,1,0,,,,0.0,0.0,0.0,0.0,0.0,0
984,4,10,2013,0,0,0,0,1,0,1,4,0,0,1.78,1.78,0.0,1.0,0.0,1.5714285714285714,1.3571428571428572,1.3934844605516643,0
600,5,9,2012,0,0,0,0,0,0,0,5,0,0,1.74,1.74,0.0,0.0,0.0,0.0,0.0,0.0,0
1494,3,3,2015,0,0,0,0,1,0,1,3,0,0,,,,0.0,0.0,0.0,0.0,0.0,0
1060,3,12,2013,0,0,0,0,0,0,0,3,0,0,,,,0.0,0.0,0.0,0.0,0.0,0
928,4,8,2013,0,0,0,0,0,1,0,4,0,0,,,,0.0,0.0,0.0,0.0,0.0,0
564,4,8,2012,0,0,0,0,0,0,1,4,0,0,0.2,0.2,0.0,0.0,15.0,25.428571428571427,24.142857142857142,18.59054774901658,11
1248,2,6,2014,17,4,0,0,0,0,0,2,0,1,3.48,3.48,0.0,0.0,0.0,0.5714285714285714,0.32142857142857145,0.6118321864192907,1
1826,6,1,2016,0,0,0,0,0,0,0,6,0,0,2.5,2.5,0.0,0.0,0.0,0.0,0.0,0.0,0
1675,2,8,2015,0,0,0,0,0,0,0,2,0,0,4.23,4.23,0.0,0.0,1.0,0.5714285714285714,0.8928571428571429,1.1001442906807548,0
1603,7,6,2015,0,0,0,0,0,0,0,7,1,0,2.5,2.5,0.0,1.0,0.0,1.1428571428571428,0.8928571428571429,1.0659471779799332,1
458,3,4,2012,0,0,0,0,0,0,0,3,0,0,,,,0.0,0.0,0.0,0.0,0.0,0
1794,2,12,2015,0,0,0,0,0,0,0,2,0,0,1.38,1.38,0.0,0.0,0.0,0.0,0.0,0.0,0
491,1,6,2012,0,0,0,0,1,0,1,1,1,0,4.74,4.74,0.0,0.0,0.0,1.2857142857142858,1.2142857142857142,2.131894355959869,1
1787,2,12,2015,0,0,0,0,0,0,0,2,0,0,8.86,8.86,0.0,0.0,0.0,0.0,0.03571428571428571,0.1889822365046137,0
1775,4,12,2015,0,0,0,0,1,0,1,4,0,0,2.5,2.5,0.0,1.0,3.0,0.8571428571428571,0.7142857142857143,0.9759000729485326,1
124,5,6,2011,0,0,0,0,1,1,0,5,0,0,,,,0.0,0.0,0.0,0.0,0.0,0
169,1,7,2011,0,0,0,0,0,0,0,1,1,0,,,,0.0,0.0,0.0,0.0,0.0,0
861,7,6,2013,0,0,0,0,1,1,0,7,1,0,2.0,2.0,0.0,0.0,5.0,1.0,1.8214285714285714,2.27797134291752,6
1682,2,9,2015,0,0,0,0,1,1,1,2,0,0,5.88,5.88,0.0,0.0,0.0,0.2857142857142857,0.10714285714285714,0.31497039417435607,0
672,7,11,2012,0,0,0,0,0,0,0,7,1,0,0.78,0.78,0.0,0.0,0.0,0.0,0.39285714285714285,0.5669467095138409,0
1635,4,7,2015,0,0,0,0,0,0,0,4,0,0,2.28,2.28,0.0,0.0,0.0,0.0,0.0,0.0,0
106,1,5,2011,0,0,0,0,0,0,1,1,1,0,,,,0.0,0.0,0.0,0.0,0.0,0
555,2,8,2012,0,0,0,0,1,1,1,2,0,0,,,,0.0,0.0,0.0,0.0,0.0,0
1329,6,9,2014,0,0,0,0,0,0,0,6,0,0,2.68,2.68,0.0,0.0,1.0,0.7142857142857143,0.6071428571428571,1.342724861209493,0
1804,5,1,2016,0,0,0,0,1,1,1,5,0,0,0.48,0.48,0.0,1.0,2.0,2.2857142857142856,1.2142857142857142,1.4493202201477402,2
989,2,10,2013,0,0,0,0,0,1,0,2,0,0,1.74,1.74,0.0,4.0,0.0,1.5714285714285714,1.0357142857142858,1.1700630833624426,2
917,7,8,2013,0,0,0,0,1,0,1,7,1,0,,,,0.0,0.0,0.0,0.0,0.0,0
910,7,7,2013,0,0,0,0,0,0,0,7,1,0,2.98,2.98,0.0,0.0,0.0,0.42857142857142855,0.6071428571428571,0.7859547491585428,1
1715,7,10,2015,0,0,0,0,1,1,1,7,1,0,4.27,4.27,0.0,3.0,2.0,0.8571428571428571,0.7142857142857143,0.9371802805794015,1
806,1,4,2013,0,0,0,0,0,1,0,1,1,0,,,,0.0,0.0,0.0,0.0,0.0,0
990,3,10,2013,20,3,0,0,0,0,1,3,0,1,10.98,10.98,0.0,0.0,0.0,0.0,0.5,1.9148542155126764,0
1242,3,6,2014,0,0,0,0,0,0,0,3,0,0,9.24,9.24,0.0,2.0,1.0,0.5714285714285714,0.8928571428571429,0.8317445171439009,0
349,6,1,2012,0,0,0,0,0,1,1,6,0,0,,,,0.0,0.0,0.0,0.0,0.0,0
1118,5,2,2014,0,0,0,0,0,0,0,5,0,0,,,,0.0,0.0,0.0,0.0,0.0,0
1240,1,6,2014,0,0,0,0,0,0,0,1,1,0,3.32,3.32,0.0,0.0,0.0,0.2857142857142857,1.4285714285714286,2.4709957721170035,1
1771,7,12,2015,0,0,0,0,1,0,0,7,1,0,0.94,0.94,0.0,0.0,0.0,0.0,0.0,0.0,0
1057,7,12,2013,0,0,0,0,0,0,0,7,1,0,0.2,0.2,0.0,2.0,5.0,3.142857142857143,5.892857142857143,4.677283840754627,1
773,3,3,2013,0,0,0,0,0,1,1,3,0,0,1.68,1.78,-0.10000000000000009,3.0,3.0,2.142857142857143,2.7857142857142856,2.8068321785078068,3
997,3,10,2013,0,0,0,0,0,0,0,3,0,0,1.88,1.88,0.0,1.0,0.0,0.5714285714285714,0.7857142857142857,0.8758971213537389,1
1089,4,1,2014,0,0,0,0,0,0,0,4,0,0,10.97,10.97,0.0,0.0,0.0,0.0,0.0,0.0,0
1188,5,4,2014,0,0,0,0,0,0,0,5,0,0,12.78,12.78,0.0,0.0,0.0,1.0,0.25,0.7005289007176938,0
1481,4,2,2015,0,0,0,0,0,0,0,4,0,0,2.97,2.97,0.0,2.0,3.0,1.1428571428571428,0.9642857142857143,1.070899340192812,0
312,4,12,2011,0,0,0,0,1,1,1,4,0,0,,,,0.0,0.0,0.0,0.0,0.0,0
1461,5,1,2015,0,0,0,0,0,0,0,5,0,0,2.48,2.48,0.0,4.0,3.0,2.7142857142857144,3.3214285714285716,1.9255316039140895,3
808,3,4,2013,0,0,0,0,0,1,1,3,0,0,,,,0.0,0.0,0.0,0.0,0.0,0
219,2,9,2011,0,0,0,0,1,0,0,2,0,0,5.98,5.98,0.0,1.0,3.0,0.8571428571428571,0.6428571428571429,0.869835476750492,0
1547,7,4,2015,0,0,0,0,0,0,0,7,1,0,2.47,2.47,0.0,0.0,1.0,0.2857142857142857,0.17857142857142858,0.47559486560567094,0
1064,7,12,2013,0,0,0,0,0,0,0,7,1,0,,,,0.0,0.0,0.0,0.0,0.0,0
1483,6,2,2015,0,0,0,0,0,0,0,6,0,0,3.32,3.32,0.0,3.0,4.0,1.1428571428571428,1.0357142857142858,1.1700630833624388,0
967,1,9,2013,0,0,0,0,0,0,0,1,1,0,2.98,2.98,0.0,0.0,7.0,0.2857142857142857,0.9285714285714286,1.7623337101185135,0
1415,1,12,2014,0,0,0,0,0,1,0,1,1,0,2.78,2.78,0.0,0.0,0.0,0.2857142857142857,0.25,0.5181877251716003,0
1149,1,3,2014,0,0,0,0,0,0,0,1,1,0,5.34,5.34,0.0,1.0,0.0,0.2857142857142857,0.6071428571428571,0.7859547491585425,0
1483,6,2,2015,0,0,0,0,0,0,0,6,0,0,2.0,2.0,0.0,0.0,2.0,1.5714285714285714,1.4285714285714286,1.1683661091795488,0
754,5,2,2013,5,4,0,0,0,0,0,5,0,1,2.38,2.38,0.0,0.0,0.0,0.5714285714285714,0.5,0.6938886664887113,1
285,5,11,2011,0,0,0,0,1,1,1,5,0,0,2.68,2.68,0.0,6.0,4.0,7.428571428571429,7.5,3.5746017649212005,5
1367,2,10,2014,0,0,0,0,0,0,0,2,0,0,2.18,2.18,0.0,0.0,0.0,0.0,0.0,0.0,0
503,6,6,2012,0,0,0,0,0,0,1,6,0,0,8.47,8.47,0.0,0.0,0.0,0.0,0.0,0.0,0
527,2,7,2012,0,0,0,0,1,0,1,2,0,0,,,,0.0,0.0,0.0,0.0,0.0,0
1827,7,1,2016,0,0,0,0,0,0,0,7,1,0,1.98,1.98,0.0,2.0,0.0,1.5714285714285714,0.75,1.2945755775256726,0
1476,6,2,2015,0,0,0,0,0,1,1,6,0,0,5.73,5.94,-0.20999999999999996,0.0,0.0,0.0,0.0,0.0,0
490,7,6,2012,0,0,0,0,1,1,0,7,1,0,2.88,2.88,0.0,1.0,0.0,1.4285714285714286,0.42857142857142855,0.7901510136287999,2
15,1,2,2011,0,0,0,0,0,1,1,1,1,0,2.74,2.74,0.0,0.0,,1.1428571428571428,,,2
281,1,11,2011,0,0,0,0,1,1,1,1,1,0,,,,0.0,0.0,0.0,0.0,0.0,0
1636,5,7,2015,0,0,0,0,0,0,0,5,0,0,11.28,11.28,0.0,0.0,0.0,0.2857142857142857,0.25,0.5853140973807082,0
1060,3,12,2013,0,0,0,0,0,0,0,3,0,0,3.98,3.98,0.0,0.0,1.0,0.42857142857142855,0.8571428571428571,1.2971274735120224,1
1155,7,3,2014,0,0,0,0,0,0,0,7,1,0,3.97,3.97,0.0,0.0,0.0,0.0,0.0,0.0,0
507,3,6,2012,0,0,0,0,0,0,0,3,0,0,2.88,2.88,0.0,0.0,1.0,0.5714285714285714,0.35714285714285715,0.6214848238238694,0
632,2,10,2012,0,0,0,0,0,0,0,2,0,0,,,,0.0,0.0,0.0,0.0,0.0,0
305,4,11,2011,0,0,0,0,0,0,0,4,0,0,,,,0.0,0.0,0.0,0.0,0.0,0
322,7,12,2011,0,0,0,0,0,0,0,7,1,0,3.94,3.94,0.0,0.0,3.0,1.0,0.9642857142857143,1.170063083362443,1
218,1,9,2011,0,0,0,0,1,1,1,1,1,0,,,,0.0,0.0,0.0,0.0,0.0,0
1416,2,12,2014,0,0,0,0,0,0,1,2,0,0,1.38,1.38,0.0,0.0,22.0,0.0,17.035714285714285,20.511030714042064,0
519,1,6,2012,0,0,0,0,0,0,0,1,1,0,,,,0.0,0.0,0.0,0.0,0.0,0
819,7,4,2013,0,0,0,0,0,0,0,7,1,0,,,,0.0,0.0,0.0,0.0,0.0,0
1142,1,3,2014,0,0,0,0,0,1,1,1,1,0,3.97,3.97,0.0,0.0,1.0,0.42857142857142855,0.6428571428571429,0.6784669927988106,1
241,3,9,2011,0,0,0,0,0,0,0,3,0,0,,,,0.0,0.0,0.0,0.0,0.0,0
1173,4,4,2014,0,0,0,0,0,1,1,4,0,0,6.97,6.97,0.0,1.0,0.0,1.1428571428571428,0.5714285714285714,0.7901510136288027,0
1233,1,6,2014,0,0,0,0,0,0,1,1,1,0,9.24,9.24,0.0,1.0,0.0,1.2857142857142858,0.75,0.7515416254704816,0
959,7,9,2013,0,0,0,0,0,1,0,7,1,0,2.96,2.96,0.0,0.0,7.0,1.7142857142857142,5.214285714285714,4.040142487926795,8
1641,3,7,2015,0,0,0,0,0,0,0,3,0,0,2.0,2.0,0.0,1.0,1.0,1.8571428571428572,2.0357142857142856,2.317120544781309,0
91,7,4,2011,0,0,0,0,0,0,0,7,1,0,,,,0.0,0.0,0.0,0.0,0.0,0
439,5,4,2012,0,0,0,0,0,1,1,5,0,0,,,,0.0,0.0,0.0,0.0,0.0,0
1320,4,9,2014,0,0,0,0,1,1,1,4,0,0,2.68,2.68,0.0,3.0,1.0,1.2857142857142858,1.3214285714285714,1.3348205990866526,1
1407,7,12,2014,0,0,0,0,1,1,1,7,1,0,6.36,6.36,0.0,2.0,2.0,3.0,2.392857142857143,2.3148359787392274,1
1665,6,8,2015,0,0,0,0,0,0,0,6,0,0,5.98,5.98,0.0,0.0,1.0,0.0,0.14285714285714285,0.3563483225498987,0
837,4,5,2013,0,0,0,0,0,0,1,4,0,0,5.64,5.64,0.0,0.0,0.0,0.2857142857142857,0.14285714285714285,0.3563483225498991,0
1386,7,11,2014,0,0,0,0,0,0,1,7,1,0,1.0,1.0,0.0,5.0,2.0,2.4285714285714284,3.2857142857142856,2.536505949896917,0
597,2,9,2012,0,0,0,0,0,0,0,2,0,0,1.58,1.58,0.0,88.0,86.0,66.14285714285714,66.89285714285714,13.590136089892464,86
1694,7,9,2015,0,0,0,0,0,0,0,7,1,0,3.48,3.48,0.0,2.0,0.0,1.7142857142857142,1.9642857142857142,1.5026431738561554,1
833,7,5,2013,0,0,0,0,1,0,0,7,1,0,8.47,8.47,0.0,0.0,0.0,0.14285714285714285,0.17857142857142858,0.47559486560567094,0
16,2,2,2011,0,0,0,0,0,1,0,2,0,0,4.5,4.5,0.0,1.0,,0.42857142857142855,,,4
1308,6,8,2014,0,0,0,0,0,0,0,6,0,0,1.0,1.0,0.0,1.0,4.0,3.4285714285714284,2.892857142857143,2.9607217052389454,0
547,1,7,2012,0,0,0,0,0,0,0,1,1,0,1.88,1.88,0.0,0.0,1.0,0.42857142857142855,0.8571428571428571,1.0079052613579391,1
1718,3,10,2015,20,3,0,0,0,1,1,3,0,1,13.94,13.94,0.0,0.0,0.0,0.2857142857142857,0.21428571428571427,0.41785544701867255,0
300,6,11,2011,24,3,0,0,0,0,0,6,0,1,3.98,3.98,0.0,1.0,3.0,2.142857142857143,2.357142857142857,1.5685399135238678,1
1673,7,8,2015,0,0,0,0,0,0,0,7,1,0,2.88,2.88,0.0,2.0,0.0,0.2857142857142857,0.4642857142857143,1.4005856673692658,0
982,2,10,2013,0,0,0,0,1,1,1,2,0,0,3.97,3.97,0.0,0.0,0.0,0.7142857142857143,0.6785714285714286,0.9048663264720758,0
1270,3,7,2014,0,0,0,0,0,0,0,3,0,0,0.97,0.97,0.0,0.0,0.0,0.2857142857142857,0.17857142857142858,0.47559486560567094,1
925,1,8,2013,0,0,0,0,1,0,0,1,1,0,3.97,3.97,0.0,0.0,0.0,0.0,0.0,0.0,0
860,6,6,2013,13,1,0,0,1,1,1,6,0,1,3.28,3.28,0.0,3.0,2.0,5.285714285714286,3.392857142857143,1.9877268929755425,3
558,5,8,2012,0,0,0,0,1,0,1,5,0,0,2.98,2.98,0.0,0.0,0.0,0.2857142857142857,0.5,0.7453559924999315,1
1435,7,1,2015,0,0,0,0,1,0,1,7,1,0,6.36,6.36,0.0,4.0,1.0,1.5714285714285714,3.0,2.1430335024428766,8
1666,7,8,2015,0,0,0,0,0,0,0,7,1,0,4.23,4.23,0.0,0.0,1.0,0.7142857142857143,0.9642857142857143,1.1379690439434393,0
64,1,4,2011,0,0,0,0,1,0,1,1,1,0,,,,0.0,0.0,0.0,0.0,0.0,0
910,7,7,2013,0,0,0,0,0,0,0,7,1,0,1.98,1.98,0.0,0.0,0.0,0.0,0.32142857142857145,0.722832465019903,0
258,6,10,2011,0,0,0,0,0,1,0,6,0,0,3.94,3.94,0.0,3.0,0.0,1.5714285714285714,1.3928571428571428,1.1001442906807573,0
1739,3,11,2015,0,0,0,0,1,0,1,3,0,0,9.98,9.98,0.0,0.0,0.0,0.8571428571428571,0.21428571428571427,0.6862211530545168,4
86,2,4,2011,8,4,1,1,0,0,0,2,0,1,6.97,6.97,0.0,0.0,1.0,0.14285714285714285,0.14285714285714285,0.3563483225498993,0
1148,7,3,2014,0,0,0,0,0,0,0,7,1,0,2.77,2.77,0.0,0.0,1.0,0.14285714285714285,0.6071428571428571,1.0659471779799348,0
1616,6,7,2015,0,0,0,0,1,0,1,6,0,0,1.98,1.98,0.0,1.0,0.0,0.5714285714285714,1.0,1.4142135623730963,0
1344,7,10,2014,0,0,0,0,1,1,1,7,1,0,3.93,3.93,0.0,0.0,2.0,1.2857142857142858,1.1071428571428572,1.1655323283657169,0
1720,5,10,2015,0,0,0,0,0,0,1,5,0,0,12.78,12.78,0.0,0.0,0.0,0.0,0.17857142857142858,0.47559486560567066,0
848,1,5,2013,0,0,0,0,0,0,0,1,1,0,,,,0.0,0.0,0.0,0.0,0.0,0
117,5,5,2011,0,0,0,0,0,0,0,5,0,0,,,,0.0,0.0,0.0,0.0,0.0,0
1642,4,7,2015,0,0,0,0,0,0,0,4,0,0,8.56,8.56,0.0,0.0,0.0,0.42857142857142855,0.5714285714285714,0.8789122666607699,0
1103,4,2,2014,0,0,0,0,1,0,0,4,0,0,2.0,2.0,0.0,0.0,5.0,1.8571428571428572,2.7142857142857144,3.2982278390534043,0
1769,5,12,2015,0,0,0,0,1,0,1,5,0,0,12.78,12.78,0.0,0.0,0.0,0.14285714285714285,0.07142857142857142,0.2622652641564807,0
1597,1,6,2015,0,0,0,0,0,1,0,1,1,0,5.22,5.22,0.0,0.0,0.0,0.0,0.0,0.0,0
1510,5,3,2015,0,0,0,0,0,0,0,5,0,0,1.38,1.38,0.0,9.0,4.0,1.2857142857142858,4.928571428571429,4.3879343949025165,0
1335,5,9,2014,0,0,0,0,0,0,0,5,0,0,8.97,8.97,0.0,0.0,0.0,0.14285714285714285,0.14285714285714285,0.3563483225498993,0
1573,5,5,2015,0,0,0,0,0,0,0,5,0,0,2.88,2.88,0.0,2.0,1.0,1.4285714285714286,1.8214285714285714,1.3067792306552635,0
1754,4,11,2015,0,0,0,0,0,0,0,4,0,0,8.56,8.56,0.0,0.0,0.0,0.42857142857142855,0.5,0.9229582069908971,0
1333,3,9,2014,0,0,0,0,0,0,0,3,0,0,,,,0.0,0.0,0.0,0.0,0.0,0
372,1,2,2012,0,0,0,0,1,0,0,1,1,0,,,,0.0,0.0,0.0,0.0,0.0,0
990,3,10,2013,20,3,0,0,0,0,1,3,0,1,4.74,4.74,0.0,0.0,1.0,0.0,0.39285714285714285,0.9560445408144773,0
1168,6,4,2014,0,0,0,0,1,0,0,6,0,0,,,,0.0,0.0,0.0,0.0,0.0,0
1443,1,1,2015,0,0,0,0,1,0,0,1,1,0,2.24,2.24,0.0,0.0,0.0,0.0,0.0,0.0,0
1439,4,1,2015,0,0,0,0,1,1,1,4,0,0,2.22,2.22,0.0,0.0,1.0,0.14285714285714285,0.5714285714285714,0.9200874124564724,3
1826,6,1,2016,0,0,0,0,0,0,0,6,0,0,2.82,2.82,0.0,0.0,0.0,0.0,0.35714285714285715,0.7800420555749599,3
1644,6,7,2015,0,0,0,0,0,0,0,6,0,0,2.96,2.96,0.0,1.0,0.0,1.0,1.1785714285714286,0.8629652337776955,0
972,6,9,2013,0,0,0,0,0,0,0,6,0,0,3.98,3.98,0.0,3.0,0.0,1.7142857142857142,2.5,2.8738927014172373,3
1831,4,2,2016,0,0,0,0,1,0,1,4,0,0,2.24,2.24,0.0,0.0,0.0,0.14285714285714285,0.03571428571428571,0.18898223650461254,0
940,2,8,2013,0,0,0,0,0,0,0,2,0,0,2.94,2.94,0.0,2.0,1.0,1.0,0.5357142857142857,0.6929348671835845,3
1592,3,6,2015,0,0,0,0,1,0,1,3,0,0,3.0,3.0,0.0,5.0,0.0,3.7142857142857144,4.071428571428571,2.3401261667248754,3
115,3,5,2011,0,0,0,0,0,0,0,3,0,0,5.97,5.97,0.0,0.0,1.0,0.0,1.1071428571428572,1.4230714230607948,3
126,7,6,2011,0,0,0,0,1,1,1,7,1,0,,,,0.0,0.0,0.0,0.0,0.0,0
412,6,3,2012,0,0,0,0,0,1,1,6,0,0,1.78,1.78,0.0,1.0,3.0,0.8571428571428571,1.4642857142857142,1.3466595945123114,3
939,1,8,2013,0,0,0,0,0,0,0,1,1,0,,,,0.0,0.0,0.0,0.0,0.0,0
477,1,5,2012,0,0,0,0,0,0,0,1,1,0,3.98,3.98,0.0,0.0,1.0,1.0,0.9285714285714286,1.0157490003667398,0
670,5,11,2012,0,0,0,0,0,0,0,5,0,0,2.48,2.48,0.0,0.0,0.0,0.2857142857142857,0.5,0.8388704928078611,0
1015,7,11,2013,0,0,0,0,1,0,1,7,1,0,3.33,3.33,0.0,0.0,0.0,0.42857142857142855,0.42857142857142855,0.6900655593423543,0
785,1,3,2013,0,0,0,0,0,0,0,1,1,0,5.34,5.34,0.0,1.0,0.0,0.42857142857142855,0.5357142857142857,0.6929348671835832,0
755,6,2,2013,0,0,0,0,0,0,0,6,0,0,0.98,0.98,0.0,1.0,4.0,0.8571428571428571,1.6071428571428572,1.7286107827082524,3
1286,5,8,2014,0,0,0,0,1,1,1,5,0,0,2.88,2.88,0.0,1.0,1.0,1.5714285714285714,1.1785714285714286,1.0559731838826973,3
1853,5,2,2016,0,0,0,0,0,0,0,5,0,0,0.78,0.78,0.0,2.0,0.0,1.0,1.1428571428571428,1.2387055882620097,0
1459,3,1,2015,0,0,0,0,0,0,0,3,0,0,1.97,1.97,0.0,0.0,0.0,0.2857142857142857,0.17857142857142858,0.39002102778748005,0
338,2,1,2012,27,3,0,0,1,1,0,2,0,1,1.48,1.48,0.0,0.0,115.0,61.42857142857143,76.0,21.291625896895084,49
1611,1,6,2015,0,0,0,0,0,0,0,1,1,0,1.0,1.0,0.0,2.0,3.0,6.0,5.392857142857143,6.396406894813774,4
84,7,4,2011,0,0,0,0,0,0,0,7,1,0,,,,0.0,0.0,0.0,0.0,0.0,0
226,2,9,2011,0,0,0,0,0,1,1,2,0,0,,,,0.0,0.0,0.0,0.0,0.0,0
949,4,9,2013,0,0,0,0,1,1,1,4,0,0,1.78,1.78,0.0,1.0,1.0,0.8571428571428571,0.8571428571428571,0.8908708063747462,0
1405,5,12,2014,0,0,0,0,1,1,1,5,0,0,4.68,4.68,0.0,0.0,0.0,0.0,0.2857142857142857,0.9759000729485338,0
56,7,3,2011,0,0,0,0,0,0,0,7,1,0,5.47,5.47,0.0,2.0,0.0,0.5714285714285714,0.7142857142857143,0.9371802805793974,0
765,2,3,2013,0,0,0,0,1,1,1,2,0,0,2.98,2.98,0.0,4.0,0.0,2.5714285714285716,2.9285714285714284,2.2265830228563077,8
76,6,4,2011,0,0,0,0,0,0,1,6,0,0,,,,0.0,0.0,0.0,0.0,0.0,0
840,7,5,2013,0,0,0,0,0,0,0,7,1,0,6.48,6.48,0.0,0.0,0.0,0.0,0.0,0.0,0
1289,1,8,2014,0,0,0,0,1,1,1,1,1,0,2.96,2.96,0.0,0.0,4.0,2.0,2.0714285714285716,1.4889362702719,4
